Workbook

Sheet Cover
B6: FoxEco
B8: TEST CASE & TEST REPORT
B9: Bộ tài liệu kiểm thử — quy trình SDLC
C12: Mã hiệu | E12: 7.1-BM/PM/HDCV/ISC
C13: Phiên bản | E13: 1.1
B15: File gồm 2 phần: TEST CASE (viết & theo dõi case) và REPORT (tổng hợp kết quả & bug).
B16: Sheet: Guideline · Revision History · Summary · Dashboard · Report Test · Data · RTM· Test Cases

Sheet Guideline
B2: QUY ĐỊNH CHUNG
B3: 1. Đặt tên file | C3: ISC_[Tên dự án]_[Version]_TC_[Version TC]_R[Số round test].xlsx VD: ISC_FCP-Web_v1.0_TC_v1.0_R1.xls
B4: 2. Tách sheet | C4: Mỗi Function/Screen tách thành 1 sheet Test Cases riêng (copy sheet mẫu).
B5: 3. Test Title | C5: Mỗi case kiểm tra 1 nội dung; bắt đầu bằng 'Check ...'
B6: 4. Người thực hiện | C6: Dùng email, mỗi case 1 người
B7: 5. Phiên bản | C7: Khi update nội dung file test cases phải tăng [Version TC] và quản lý lịch sử thay đổi trong sheet Revision History
B10: PHÂN LOẠI TRẠNG THÁI (Status — trạng thái TỔNG của TC)
B11: Trạng thái | C11: Ý nghĩa
B12: Pass | C12: Đạt — chỉ Pass khi TẤT CẢ bước/kiểm tra trong case đều đạt
B13: Fail | C13: Chỉ cần 1 bước/kiểm tra không đạt → Fail (ghi ID Bugs)
B14: Block | C14: Không thực hiện được / Pending — ghi rõ lý do ở Remark
B15: N/A | C15: Case không áp dụng (VD: Won't fix)
B18: PHÂN LOẠI ĐỘ ƯU TIÊN
B19: Priority | C19: Ý nghĩa
B20: High (P1) | C20: Bắt buộc chạy; ảnh hưởng luồng/nghiệp vụ chính
B21: Medium (P2) | C21: Chạy ít nhất 1 lần; ảnh hưởng người dùng mức trung bình
B22: Low (P3) | C22: Có thể bỏ khi rút ngắn thời gian; ít ảnh hưởng
B25: PHÂN LOẠI NHÓM (Group)
B26: Group | C26: Ý nghĩa
B27: Functional | C27: Kiểm tra chức năng theo luồng nghiệp vụ
B28: UI | C28: Kiểm tra giao diện: bố cục, hiển thị, responsive, thông báo, trạng thái control
B29: Integration | C29: Kiểm tra tích hợp giữa các module / API / hệ thống
B30: Database | C30: Kiểm tra tầng dữ liệu: lưu/đọc đúng, ràng buộc & toàn vẹn dữ liệu (CSDL)
B33: Ý NGHĨA CỘT EXECUTION
B34: Status | C34: Trạng thái TỔNG của TC = kết quả round MỚI NHẤT (tự động, không nhập tay).
B35: Executed By (mỗi round) | C35: Email người thực thi test ở TỪNG round.
B36: ID Bugs (mỗi round) | C36: Mã bug (Jira) phát sinh ở round đó khi Fail.
B39: SDLC
B40: Các cột dưới đây tích hợp AI vào quy trình kiểm thử
B41: Origin (Nguồn tạo) | C41: AI = TC do AI sinh · QC = QC viết tay
B42: Review | C42: Reviewed = QC đã review · Pending = chờ review · N/A
B43: Automated | C43: Yes/No — TC đã được viết script automation hay chưa
B44: Script | C44: Đường dẫn file script automation (nếu có)
B45: Vibe-test | C45: Yes/No/N-A theo TỪNG round — TC có kiểm thử kiểu 'vibe-test' (thăm dò có AI agent hỗ trợ) ở round đó. Cột 'Vibe-test (tổng)' tự gộp = Yes nếu có ≥1 round Yes.
B46: KQ Script | C46: Kết quả CHẠY script tự động theo TỪNG round: Pass/Fail/Block/N/A/Chưa chạy. Cột 'KQ Script (tổng)' tự lấy kết quả round mới nhất.
B47: Traceability | C47: Scenario ID + Req ID + DOC Source: truy vết TC ↔ kịch bản ↔ yêu cầu ↔ tài liệu nguồn
B49: TEST THEO ROUND (nhiều round trong 1 version)
B50: R1 … R5 | C50: Mỗi round là 1 khối 5 cột: Vibe-test · KQ Script · Kết quả · Executed By · ID Bugs. Chạy round nào thì nhập vào khối round đó. Template hỗ trợ 5 round.
B51: Status | C51: TỰ ĐỘNG = kết quả (Kết quả) của round MỚI NHẤT trong R1…R5. Không nhập tay.
B52: Round (Bug Data) | C52: Round phát hiện bug. Report mục IV thống kê Bug theo round & tiến độ Pass/Fail theo round.

Sheet Revision History
D3: REVISION HISTORY
B6: Date | C6: Version | D6: Author | E6: Reviewer | F6: Approver | G6: Change Description
B7: 46231 | C7: 1 | D7: GiangDC2 | E7: — | F7: — | G7: Tạo mới — consolidate 3 fragment (Hoạt động/Cá nhân/Thông báo) v1.0, comprehensive mode
B8: 46231.781 | C8: 2 | D8: GiangDC2 | E8: — | F8: — | G8: Consolidate thêm Đăng tin (Test Case 4, TC_04, 100 TC) vào TC-MASTER — 162 TC tổng cộng (Hoạt động 20 + Cá nhân 15 + Thông báo 27 + Đăng tin 100). Dashboard +1 row, RTM +11 Req ID row, Coverage Matrix - Đăng tin thêm mới.
B9: 46232 | C9: 3 | D9: GiangDC2 | E9: — | F9: — | G9: SYNC: (1) Đưa +13 TC mới của Đăng tin (Block Người gửi/Người nhận, autocomplete địa chỉ, SC-ORD-031/032, đã có sẵn trong fragment/TC-MASTER 2026-07-29 nhưng chưa vào file ISC chính) vào ISC_FoxEco_v1.0_TC_v1_R1.xlsx — Đăng tin 100→113 TC, tổng 162→175 TC. (2) Patch 3 ô Expected Result còn sót hedge text cũ "⚠ QA đề xuất, chưa BA confirm chính thức" (Hoạt động dòng 27-28, Thông báo dòng 29) sang text đã Resolved khớp với fragment (C-ORD-06).
B10: 46233 | C10: 4 | D10: GiangDC2 | E10: — | F10: — | G10: CONSOLIDATE toàn bộ 9 fragment v1.0 → TC-MASTER: thêm 5 sheet chức năng mới Test Case 5 (TC_05 Trang chủ 32 TC), Test Case 6 (TC_06 Bảng tin & Chi tiết tin 31), Test Case 7 (TC_07 Theo dõi đơn 44), Test Case 8 (TC_08 Huỷ đơn 27), Test Case 9 (TC_09 Tặng quà 16); đồng bộ lại 4 sheet cũ theo fragment mới nhất (Hoạt động 20 / Cá nhân 15 / Thông báo 27 / Đăng tin 109). Tổng 321 TC / 9 sheet. Dashboard +5 dòng (công thức Tổng TC đếm cột C cho cả 30 dòng). RTM: 23 → 41 Req ID (+18), toàn bộ công thức E/F/G/H nối đủ 9 term COUNTIF theo 9 sheet, dòng Tổng dời xuống row 47 với range SUM E6:E46, ghi chú cuối bảng cập nhật "9 sheet", conditional formatting gap mở rộng B6:J46. 9 sheet Coverage Matrix refresh từ fragment (comprehensive mode).
B11: 46233 | C11: 5 | D11: GiangDC2 | E11: — | F11: — | G11: FIX toàn bộ 12 finding của /review-tc 2026-07-30 (2 MAJOR + 10 MINOR). +2 TC màn "Quà đã nhận" (TC_02.16 completeness 3 thành phần, TC_02.17 danh sách lịch sử — đóng gap R2-15) → 321→323 TC. Viết lại Remark TC_03.1/2/3 theo trần 5 thông báo/tin đã chốt. Viết lại TC_03.8/TC_03.10 chỉ assert vế thông báo + dedupe sang TC_07. Coverage Matrix: SC-NTF-006 (DEPRECATED) → SC-ASN-013; tách SC-ORD-004/005; footer Trang chủ 31→32; Cá nhân 15→17. Chuẩn hoá 27 DOC Source phi-tài-liệu. Sửa Remark VAL-02→N/A baseline (TC_04.81/82), Expected TC_04.93 + TC_04.106.

Sheet Summary
B2: SUMMARY — Thiết lập chung & Chỉ số Test Case
B3: Sheet SETUP CHUNG. Chỉ số TỔNG QUAN bên dưới được GOM TỰ ĐỘNG từ TẤT CẢ sheet Test Case, quản lý ở sheet "Dashboard".
B5: THIẾT LẬP CHUNG
B6: Tên dự án | C6: FoxEco
B7: Mã tài liệu | C7: 7.1-BM/PM/HDCV/ISC
B8: Version | C8: v1.0
B9: Sprint | C9: N/A (Solo — không chia sprint)
B10: Ngày bắt đầu test | C10: 46231
B11: Ngày kết thúc test | C11: 46231
B12: Số sheet chức năng | C12: =COUNTIF(Dashboard!$D$4:$D$33,"?*")
B13: PIC | C13: GiangDC2
B14: Ô vàng = nhập tay. Version / ngày test được Test Cases & Report tham chiếu tự động.
B16: TỔNG QUAN TEST CASE — ƯU TIÊN & TIẾN ĐỘ THỰC THI
B17: Tổng số Test Case | C17: =Dashboard!$F$34 | I17: THEO NHÓM LOẠI TC (Group)
B18: Mức ưu tiên | C18: Tổng TC | D18: % / Tổng | E18: Đã chạy | F18: % đã chạy | I18: Nhóm | J18: Số TC
B19: High (P1) | C19: =Dashboard!$O$34 | D19: =IFERROR(C19/$C$17,0) | E19: =Dashboard!$AB$34 | F19: =IFERROR(E19/C19,0) | I19: Functional | J19: =Dashboard!$R$34
B20: Medium (P2) | C20: =Dashboard!$P$34 | D20: =IFERROR(C20/$C$17,0) | E20: =Dashboard!$AC$34 | F20: =IFERROR(E20/C20,0) | I20: UI | J20: =Dashboard!$S$34
B21: Low (P3) | C21: =Dashboard!$Q$34 | D21: =IFERROR(C21/$C$17,0) | E21: =Dashboard!$AD$34 | F21: =IFERROR(E21/C21,0) | I21: Integration | J21: =Dashboard!$T$34
B22: Tổng | C22: =SUM(C19:C21) | D22: =IFERROR(C22/$C$17,0) | E22: =SUM(E19:E21) | F22: =IFERROR(E22/C22,0) | I22: Database | J22: =Dashboard!$U$34
B42: SDLC — MỨC ĐỘ ÁP DỤNG
B43: Chỉ số | C43: Số lượng | D43: % / Tổng TC
B44: TC do AI sinh (Origin=AI) | C44: =Dashboard!$V$34 | D44: =IFERROR(C44/$C17,0)
B45: TC do QC viết (Origin=QC) | C45: =Dashboard!$W$34 | D45: =IFERROR(C45/$C17,0)
B46: TC đã automation (Automated=Yes) | C46: =Dashboard!$X$34 | D46: =IFERROR(C46/$C17,0)
B47: TC Vibe-test (Yes) | C47: =Dashboard!$Y$34 | D47: =IFERROR(C47/$C17,0)
B48: TC script auto chạy Pass | C48: =Dashboard!$Z$34 | D48: =IFERROR(C48/$C17,0)
B49: TC đã TL review | C49: =Dashboard!$AA$34 | D49: =IFERROR(C49/$C17,0)
B51: % tính trên TỔNG SỐ TEST CASE. Tự đếm từ sheet Test Cases (khác khối III của Report — khối đó nhập tay theo bug).
B53: Test nhiều Round/1 version: nhập kết quả từng round ở cột R1…R8 (sheet Test Case); Status = round mới nhất. Chi tiết tiến độ theo round ở Report — mục IV.
B56: MÔI TRƯỜNG & PHẠM VI TEST
B57: Environment | C57: Staging
B58: Platform | C58: Web / Android / iOS
B59: Device | C59: VD: iPhone 14 (iOS 17), Galaxy S23 (Android 14)
B60: Accounts | C60: VD: user01, user02
B61: Functional Testing | C61: VD: 1. Function A / 2. Function B
B62: System Integration Testing (nếu có) | C62: VD: Tool A, Tool B
B64: ► QUẢN LÝ DANH SÁCH SHEET TEST CASE: xem sheet "Dashboard". Thêm/bớt function chỉ cần thêm/xoá 1 dòng (tên tab sheet) ở Dashboard — mọi chỉ số tự cập nhật.

Sheet Dashboard
B1: BẢNG ĐIỀU KHIỂN — QUẢN LÝ & GOM SỐ LIỆU TẤT CẢ SHEET TEST CASE
C2: QUẢN LÝ SHEET (nhập tay 3 cột) | F2: Execution | O2: PRIORITY | R2: GROUP TC | V2: SDLC | AB2: PRIORITY — ĐÃ CHẠY | AE2: TIẾN ĐỘ THEO ROUND (mỗi round chạy lại toàn bộ TC)
B3: STT | C3: Mã CN | D3: Tên tab sheet (đúng 100%) | E3: Function / Màn hình | F3: Tổng TC | G3: Pass | H3: Fail | I3: Block | J3: N/A | K3: Chưa chạy | L3: Executed | M3: Coverage % | N3: Pass % | O3: High | P3: Medium | Q3: Low | R3: Functional | S3: UI | T3: Integration | U3: Database | V3: AI-gen | W3: QC viết | X3: Auto | Y3: Vibe | Z3: Script Pass | AA3: Reviewed | AB3: High đã chạy | AC3: Medium đã chạy | AD3: Low đã chạy | AE3: R1 Executed | AF3: R1 Pass | AG3: R1 Fail | AH3: R1 Block | AI3: R1 N/A | AJ3: R2 Executed | AK3: R2 Pass | AL3: R2 Fail | AM3: R2 Block | AN3: R2 N/A | AO3: R3 Executed | AP3: R3 Pass | AQ3: R3 Fail | AR3: R3 Block | AS3: R3 N/A | AT3: R4 Executed | AU3: R4 Pass | AV3: R4 Fail | AW3: R4 Block | AX3: R4 N/A | AY3: R5 Executed | AZ3: R5 Pass | BA3: R5 Fail | BB3: R5 Block | BC3: R5 N/A
B4: =IF($D4="","",ROW()-3) | C4: TC_01 | D4: Hoạt động | E4: Hoạt động (Đơn của tôi) | F4: =IF($D4="","",IFERROR(COUNTIF(INDIRECT("'"&$D4&"'!$C$7:$C$500"),"?*"),0)) | G4: =IF($D4="","",IFERROR(COUNTIF(INDIRECT("'"&$D4&"'!$AO$7:$AO$500"),"Pass"),0)) | H4: =IF($D4="","",IFERROR(COUNTIF(INDIRECT("'"&$D4&"'!$AO$7:$AO$500"),"Fail"),0)) | I4: =IF($D4="","",IFERROR(COUNTIF(INDIRECT("'"&$D4&"'!$AO$7:$AO$500"),"Block"),0)) | J4: =IF($D4="","",IFERROR(COUNTIF(INDIRECT("'"&$D4&"'!$AO$7:$AO$500"),"N/A"),0)) | K4: =IF($D4="","",MAX(0,$F4-$G4-$H4-$I4-$J4)) | L4: =IF($D4="","",$G4+$H4+$I4+$J4) | M4: =IF($D4="","",IFERROR($L4/$F4,0)) | N4: =IF($D4="","",IFERROR($G4/$L4,0)) | O4: =IF($D4="","",IFERROR(COUNTIF(INDIRECT("'"&$D4&"'!$E$7:$E$500"),"High"),0)) | P4: =IF($D4="","",IFERROR(COUNTIF(INDIRECT("'"&$D4&"'!$E$7:$E$500"),"Medium"),0)) | Q4: =IF($D4="","",IFERROR(COUNTIF(INDIRECT("'"&$D4&"'!$E$7:$E$500"),"Low"),0)) | R4: =IF($D4="","",IFERROR(COUNTIF(INDIRECT("'"&$D4&"'!$D$7:$D$500"),"Functional"),0)) | S4: =IF($D4="","",IFERROR(COUNTIF(INDIRECT("'"&$D4&"'!$D$7:$D$500"),"UI"),0)) | T4: =IF($D4="","",IFERROR(COUNTIF(INDIRECT("'"&$D4&"'!$D$7:$D$500"),"Integration"),0)) | U4: =IF($D4="","",IFERROR(COUNTIF(INDIRECT("'"&$D4&"'!$D$7:$D$500"),"Database Test Case"),0)) | V4: =IF($D4="","",IFERROR(COUNTIF(INDIRECT("'"&$D4&"'!$J$7:$J$500"),"AI"),0)) | W4: =IF($D4="","",IFERROR(COUNTIF(INDIRECT("'"&$D4&"'!$J$7:$J$500"),"QC"),0)) | X4: =IF($D4="","",IFERROR(COUNTIF(INDIRECT("'"&$D4&"'!$L$7:$L$500"),"Yes"),0)) | Y4: =IF($D4="","",IFERROR(COUNTIF(INDIRECT("'"&$D4&"'!$AM$7:$AM$500"),"Yes"),0)) | Z4: =IF($D4="","",IFERROR(COUNTIF(INDIRECT("'"&$D4&"'!$AN$7:$AN$500"),"Pass"),0)) | AA4: =IF($D4="","",IFERROR(COUNTIF(INDIRECT("'"&$D4&"'!$K$7:$K$500"),"Reviewed"),0)) | AB4: =IF($D4="","",IFERROR(SUMPRODUCT((INDIRECT("'"&$D4&"'!$E$7:$E$500")="High")*(INDIRECT("'"&$D4&"'!$AO$7:$AO$500")<>"")),0)) | AC4: =IF($D4="","",IFERROR(SUMPRODUCT((INDIRECT("'"&$D4&"'!$E$7:$E$500")="Medium")*(INDIRECT("'"&$D4&"'!$AO$7:$AO$500")<>"")),0)) | AD4: =IF($D4="","",IFERROR(SUMPRODUCT((INDIRECT("'"&$D4&"'!$E$7:$E$500")="Low")*(INDIRECT("'"&$D4&"'!$AO$7:$AO$500")<>"")),0)) | AE4: =IF($D4="","",IFERROR(COUNTIF(INDIRECT("'"&$D4&"'!$P$7:$P$500"),"<>"),0)) | AF4: =IF($D4="","",IFERROR(COUNTIF(INDIRECT("'"&$D4&"'!$P$7:$P$500"),"Pass"),0)) | AG4: =IF($D4="","",IFERROR(COUNTIF(INDIRECT("'"&$D4&"'!$P$7:$P$500"),"Fail"),0)) | AH4: =IF($D4="","",IFERROR(COUNTIF(INDIRECT("'"&$D4&"'!$P$7:$P$500"),"Block"),0)) | AI4: =IF($D4="","",IFERROR(COUNTIF(INDIRECT("'"&$D4&"'!$P$7:$P$500"),"N/A"),0)) | AJ4: =IF($D4="","",IFERROR(COUNTIF(INDIRECT("'"&$D4&"'!$U$7:$U$500"),"<>"),0)) | AK4: =IF($D4="","",IFERROR(COUNTIF(INDIRECT("'"&$D4&"'!$U$7:$U$500"),"Pass"),0)) | AL4: =IF($D4="","",IFERROR(COUNTIF(INDIRECT("'"&$D4&"'!$U$7:$U$500"),"Fail"),0)) | AM4: =IF($D4="","",IFERROR(COUNTIF(INDIRECT("'"&$D4&"'!$U$7:$U$500"),"Block"),0)) | AN4: =IF($D4="","",IFERROR(COUNTIF(INDIRECT("'"&$D4&"'!$U$7:$U$500"),"N/A"),0)) | AO4: =IF($D4="","",IFERROR(COUNTIF(INDIRECT("'"&$D4&"'!$Z$7:$Z$500"),"<>"),0)) | AP4: =IF($D4="","",IFERROR(COUNTIF(INDIRECT("'"&$D4&"'!$Z$7:$Z$500"),"Pass"),0)) | AQ4: =IF($D4="","",IFERROR(COUNTIF(INDIRECT("'"&$D4&"'!$Z$7:$Z$500"),"Fail"),0)) | AR4: =IF($D4="","",IFERROR(COUNTIF(INDIRECT("'"&$D4&"'!$Z$7:$Z$500"),"Block"),0)) | AS4: =IF($D4="","",IFERROR(COUNTIF(INDIRECT("'"&$D4&"'!$Z$7:$Z$500"),"N/A"),0)) | AT4: =IF($D4="","",IFERROR(COUNTIF(INDIRECT("'"&$D4&"'!$AE$7:$AE$500"),"<>"),0)) | AU4: =IF($D4="","",IFERROR(COUNTIF(INDIRECT("'"&$D4&"'!$AE$7:$AE$500"),"Pass"),0)) | AV4: =IF($D4="","",IFERROR(COUNTIF(INDIRECT("'"&$D4&"'!$AE$7:$AE$500"),"Fail"),0)) | AW4: =IF($D4="","",IFERROR(COUNTIF(INDIRECT("'"&$D4&"'!$AE$7:$AE$500"),"Block"),0)) | AX4: =IF($D4="","",IFERROR(COUNTIF(INDIRECT("'"&$D4&"'!$AE$7:$AE$500"),"N/A"),0)) | AY4: =IF($D4="","",IFERROR(COUNTIF(INDIRECT("'"&$D4&"'!$AJ$7:$AJ$500"),"<>"),0)) | AZ4: =IF($D4="","",IFERROR(COUNTIF(INDIRECT("'"&$D4&"'!$AJ$7:$AJ$500"),"Pass"),0)) | BA4: =IF($D4="","",IFERROR(COUNTIF(INDIRECT("'"&$D4&"'!$AJ$7:$AJ$500"),"Fail"),0)) | BB4: =IF($D4="","",IFERROR(COUNTIF(INDIRECT("'"&$D4&"'!$AJ$7:$AJ$500"),"Block"),0)) | BC4: =IF($D4="","",IFERROR(COUNTIF(INDIRECT("'"&$D4&"'!$AJ$7:$AJ$500"),"N/A"),0))
B5: =IF($D5="","",ROW()-3) | C5: TC_02 | D5: Cá nhân | E5: Cá nhân | F5: =IF($D5="","",IFERROR(COUNTIF(INDIRECT("'"&$D5&"'!$C$7:$C$500"),"?*"),0)) | G5: =IF($D5="","",IFERROR(COUNTIF(INDIRECT("'"&$D5&"'!$AO$7:$AO$500"),"Pass"),0)) | H5: =IF($D5="","",IFERROR(COUNTIF(INDIRECT("'"&$D5&"'!$AO$7:$AO$500"),"Fail"),0)) | I5: =IF($D5="","",IFERROR(COUNTIF(INDIRECT("'"&$D5&"'!$AO$7:$AO$500"),"Block"),0)) | J5: =IF($D5="","",IFERROR(COUNTIF(INDIRECT("'"&$D5&"'!$AO$7:$AO$500"),"N/A"),0)) | K5: =IF($D5="","",MAX(0,$F5-$G5-$H5-$I5-$J5)) | L5: =IF($D5="","",$G5+$H5+$I5+$J5) | M5: =IF($D5="","",IFERROR($L5/$F5,0)) | N5: =IF($D5="","",IFERROR($G5/$L5,0)) | O5: =IF($D5="","",IFERROR(COUNTIF(INDIRECT("'"&$D5&"'!$E$7:$E$500"),"High"),0)) | P5: =IF($D5="","",IFERROR(COUNTIF(INDIRECT("'"&$D5&"'!$E$7:$E$500"),"Medium"),0)) | Q5: =IF($D5="","",IFERROR(COUNTIF(INDIRECT("'"&$D5&"'!$E$7:$E$500"),"Low"),0)) | R5: =IF($D5="","",IFERROR(COUNTIF(INDIRECT("'"&$D5&"'!$D$7:$D$500"),"Functional"),0)) | S5: =IF($D5="","",IFERROR(COUNTIF(INDIRECT("'"&$D5&"'!$D$7:$D$500"),"UI"),0)) | T5: =IF($D5="","",IFERROR(COUNTIF(INDIRECT("'"&$D5&"'!$D$7:$D$500"),"Integration"),0)) | U5: =IF($D5="","",IFERROR(COUNTIF(INDIRECT("'"&$D5&"'!$D$7:$D$500"),"Database Test Case"),0)) | V5: =IF($D5="","",IFERROR(COUNTIF(INDIRECT("'"&$D5&"'!$J$7:$J$500"),"AI"),0)) | W5: =IF($D5="","",IFERROR(COUNTIF(INDIRECT("'"&$D5&"'!$J$7:$J$500"),"QC"),0)) | X5: =IF($D5="","",IFERROR(COUNTIF(INDIRECT("'"&$D5&"'!$L$7:$L$500"),"Yes"),0)) | Y5: =IF($D5="","",IFERROR(COUNTIF(INDIRECT("'"&$D5&"'!$AM$7:$AM$500"),"Yes"),0)) | Z5: =IF($D5="","",IFERROR(COUNTIF(INDIRECT("'"&$D5&"'!$AN$7:$AN$500"),"Pass"),0)) | AA5: =IF($D5="","",IFERROR(COUNTIF(INDIRECT("'"&$D5&"'!$K$7:$K$500"),"Reviewed"),0)) | AB5: =IF($D5="","",IFERROR(SUMPRODUCT((INDIRECT("'"&$D5&"'!$E$7:$E$500")="High")*(INDIRECT("'"&$D5&"'!$AO$7:$AO$500")<>"")),0)) | AC5: =IF($D5="","",IFERROR(SUMPRODUCT((INDIRECT("'"&$D5&"'!$E$7:$E$500")="Medium")*(INDIRECT("'"&$D5&"'!$AO$7:$AO$500")<>"")),0)) | AD5: =IF($D5="","",IFERROR(SUMPRODUCT((INDIRECT("'"&$D5&"'!$E$7:$E$500")="Low")*(INDIRECT("'"&$D5&"'!$AO$7:$AO$500")<>"")),0)) | AE5: =IF($D5="","",IFERROR(COUNTIF(INDIRECT("'"&$D5&"'!$P$7:$P$500"),"<>"),0)) | AF5: =IF($D5="","",IFERROR(COUNTIF(INDIRECT("'"&$D5&"'!$P$7:$P$500"),"Pass"),0)) | AG5: =IF($D5="","",IFERROR(COUNTIF(INDIRECT("'"&$D5&"'!$P$7:$P$500"),"Fail"),0)) | AH5: =IF($D5="","",IFERROR(COUNTIF(INDIRECT("'"&$D5&"'!$P$7:$P$500"),"Block"),0)) | AI5: =IF($D5="","",IFERROR(COUNTIF(INDIRECT("'"&$D5&"'!$P$7:$P$500"),"N/A"),0)) | AJ5: =IF($D5="","",IFERROR(COUNTIF(INDIRECT("'"&$D5&"'!$U$7:$U$500"),"<>"),0)) | AK5: =IF($D5="","",IFERROR(COUNTIF(INDIRECT("'"&$D5&"'!$U$7:$U$500"),"Pass"),0)) | AL5: =IF($D5="","",IFERROR(COUNTIF(INDIRECT("'"&$D5&"'!$U$7:$U$500"),"Fail"),0)) | AM5: =IF($D5="","",IFERROR(COUNTIF(INDIRECT("'"&$D5&"'!$U$7:$U$500"),"Block"),0)) | AN5: =IF($D5="","",IFERROR(COUNTIF(INDIRECT("'"&$D5&"'!$U$7:$U$500"),"N/A"),0)) | AO5: =IF($D5="","",IFERROR(COUNTIF(INDIRECT("'"&$D5&"'!$Z$7:$Z$500"),"<>"),0)) | AP5: =IF($D5="","",IFERROR(COUNTIF(INDIRECT("'"&$D5&"'!$Z$7:$Z$500"),"Pass"),0)) | AQ5: =IF($D5="","",IFERROR(COUNTIF(INDIRECT("'"&$D5&"'!$Z$7:$Z$500"),"Fail"),0)) | AR5: =IF($D5="","",IFERROR(COUNTIF(INDIRECT("'"&$D5&"'!$Z$7:$Z$500"),"Block"),0)) | AS5: =IF($D5="","",IFERROR(COUNTIF(INDIRECT("'"&$D5&"'!$Z$7:$Z$500"),"N/A"),0)) | AT5: =IF($D5="","",IFERROR(COUNTIF(INDIRECT("'"&$D5&"'!$AE$7:$AE$500"),"<>"),0)) | AU5: =IF($D5="","",IFERROR(COUNTIF(INDIRECT("'"&$D5&"'!$AE$7:$AE$500"),"Pass"),0)) | AV5: =IF($D5="","",IFERROR(COUNTIF(INDIRECT("'"&$D5&"'!$AE$7:$AE$500"),"Fail"),0)) | AW5: =IF($D5="","",IFERROR(COUNTIF(INDIRECT("'"&$D5&"'!$AE$7:$AE$500"),"Block"),0)) | AX5: =IF($D5="","",IFERROR(COUNTIF(INDIRECT("'"&$D5&"'!$AE$7:$AE$500"),"N/A"),0)) | AY5: =IF($D5="","",IFERROR(COUNTIF(INDIRECT("'"&$D5&"'!$AJ$7:$AJ$500"),"<>"),0)) | AZ5: =IF($D5="","",IFERROR(COUNTIF(INDIRECT("'"&$D5&"'!$AJ$7:$AJ$500"),"Pass"),0)) | BA5: =IF($D5="","",IFERROR(COUNTIF(INDIRECT("'"&$D5&"'!$AJ$7:$AJ$500"),"Fail"),0)) | BB5: =IF($D5="","",IFERROR(COUNTIF(INDIRECT("'"&$D5&"'!$AJ$7:$AJ$500"),"Block"),0)) | BC5: =IF($D5="","",IFERROR(COUNTIF(INDIRECT("'"&$D5&"'!$AJ$7:$AJ$500"),"N/A"),0))
B6: =IF($D6="","",ROW()-3) | C6: TC_03 | D6: Thông báo | E6: Thông báo | F6: =IF($D6="","",IFERROR(COUNTIF(INDIRECT("'"&$D6&"'!$C$7:$C$500"),"?*"),0)) | G6: =IF($D6="","",IFERROR(COUNTIF(INDIRECT("'"&$D6&"'!$AO$7:$AO$500"),"Pass"),0)) | H6: =IF($D6="","",IFERROR(COUNTIF(INDIRECT("'"&$D6&"'!$AO$7:$AO$500"),"Fail"),0)) | I6: =IF($D6="","",IFERROR(COUNTIF(INDIRECT("'"&$D6&"'!$AO$7:$AO$500"),"Block"),0)) | J6: =IF($D6="","",IFERROR(COUNTIF(INDIRECT("'"&$D6&"'!$AO$7:$AO$500"),"N/A"),0)) | K6: =IF($D6="","",MAX(0,$F6-$G6-$H6-$I6-$J6)) | L6: =IF($D6="","",$G6+$H6+$I6+$J6) | M6: =IF($D6="","",IFERROR($L6/$F6,0)) | N6: =IF($D6="","",IFERROR($G6/$L6,0)) | O6: =IF($D6="","",IFERROR(COUNTIF(INDIRECT("'"&$D6&"'!$E$7:$E$500"),"High"),0)) | P6: =IF($D6="","",IFERROR(COUNTIF(INDIRECT("'"&$D6&"'!$E$7:$E$500"),"Medium"),0)) | Q6: =IF($D6="","",IFERROR(COUNTIF(INDIRECT("'"&$D6&"'!$E$7:$E$500"),"Low"),0)) | R6: =IF($D6="","",IFERROR(COUNTIF(INDIRECT("'"&$D6&"'!$D$7:$D$500"),"Functional"),0)) | S6: =IF($D6="","",IFERROR(COUNTIF(INDIRECT("'"&$D6&"'!$D$7:$D$500"),"UI"),0)) | T6: =IF($D6="","",IFERROR(COUNTIF(INDIRECT("'"&$D6&"'!$D$7:$D$500"),"Integration"),0)) | U6: =IF($D6="","",IFERROR(COUNTIF(INDIRECT("'"&$D6&"'!$D$7:$D$500"),"Database Test Case"),0)) | V6: =IF($D6="","",IFERROR(COUNTIF(INDIRECT("'"&$D6&"'!$J$7:$J$500"),"AI"),0)) | W6: =IF($D6="","",IFERROR(COUNTIF(INDIRECT("'"&$D6&"'!$J$7:$J$500"),"QC"),0)) | X6: =IF($D6="","",IFERROR(COUNTIF(INDIRECT("'"&$D6&"'!$L$7:$L$500"),"Yes"),0)) | Y6: =IF($D6="","",IFERROR(COUNTIF(INDIRECT("'"&$D6&"'!$AM$7:$AM$500"),"Yes"),0)) | Z6: =IF($D6="","",IFERROR(COUNTIF(INDIRECT("'"&$D6&"'!$AN$7:$AN$500"),"Pass"),0)) | AA6: =IF($D6="","",IFERROR(COUNTIF(INDIRECT("'"&$D6&"'!$K$7:$K$500"),"Reviewed"),0)) | AB6: =IF($D6="","",IFERROR(SUMPRODUCT((INDIRECT("'"&$D6&"'!$E$7:$E$500")="High")*(INDIRECT("'"&$D6&"'!$AO$7:$AO$500")<>"")),0)) | AC6: =IF($D6="","",IFERROR(SUMPRODUCT((INDIRECT("'"&$D6&"'!$E$7:$E$500")="Medium")*(INDIRECT("'"&$D6&"'!$AO$7:$AO$500")<>"")),0)) | AD6: =IF($D6="","",IFERROR(SUMPRODUCT((INDIRECT("'"&$D6&"'!$E$7:$E$500")="Low")*(INDIRECT("'"&$D6&"'!$AO$7:$AO$500")<>"")),0)) | AE6: =IF($D6="","",IFERROR(COUNTIF(INDIRECT("'"&$D6&"'!$P$7:$P$500"),"<>"),0)) | AF6: =IF($D6="","",IFERROR(COUNTIF(INDIRECT("'"&$D6&"'!$P$7:$P$500"),"Pass"),0)) | AG6: =IF($D6="","",IFERROR(COUNTIF(INDIRECT("'"&$D6&"'!$P$7:$P$500"),"Fail"),0)) | AH6: =IF($D6="","",IFERROR(COUNTIF(INDIRECT("'"&$D6&"'!$P$7:$P$500"),"Block"),0)) | AI6: =IF($D6="","",IFERROR(COUNTIF(INDIRECT("'"&$D6&"'!$P$7:$P$500"),"N/A"),0)) | AJ6: =IF($D6="","",IFERROR(COUNTIF(INDIRECT("'"&$D6&"'!$U$7:$U$500"),"<>"),0)) | AK6: =IF($D6="","",IFERROR(COUNTIF(INDIRECT("'"&$D6&"'!$U$7:$U$500"),"Pass"),0)) | AL6: =IF($D6="","",IFERROR(COUNTIF(INDIRECT("'"&$D6&"'!$U$7:$U$500"),"Fail"),0)) | AM6: =IF($D6="","",IFERROR(COUNTIF(INDIRECT("'"&$D6&"'!$U$7:$U$500"),"Block"),0)) | AN6: =IF($D6="","",IFERROR(COUNTIF(INDIRECT("'"&$D6&"'!$U$7:$U$500"),"N/A"),0)) | AO6: =IF($D6="","",IFERROR(COUNTIF(INDIRECT("'"&$D6&"'!$Z$7:$Z$500"),"<>"),0)) | AP6: =IF($D6="","",IFERROR(COUNTIF(INDIRECT("'"&$D6&"'!$Z$7:$Z$500"),"Pass"),0)) | AQ6: =IF($D6="","",IFERROR(COUNTIF(INDIRECT("'"&$D6&"'!$Z$7:$Z$500"),"Fail"),0)) | AR6: =IF($D6="","",IFERROR(COUNTIF(INDIRECT("'"&$D6&"'!$Z$7:$Z$500"),"Block"),0)) | AS6: =IF($D6="","",IFERROR(COUNTIF(INDIRECT("'"&$D6&"'!$Z$7:$Z$500"),"N/A"),0)) | AT6: =IF($D6="","",IFERROR(COUNTIF(INDIRECT("'"&$D6&"'!$AE$7:$AE$500"),"<>"),0)) | AU6: =IF($D6="","",IFERROR(COUNTIF(INDIRECT("'"&$D6&"'!$AE$7:$AE$500"),"Pass"),0)) | AV6: =IF($D6="","",IFERROR(COUNTIF(INDIRECT("'"&$D6&"'!$AE$7:$AE$500"),"Fail"),0)) | AW6: =IF($D6="","",IFERROR(COUNTIF(INDIRECT("'"&$D6&"'!$AE$7:$AE$500"),"Block"),0)) | AX6: =IF($D6="","",IFERROR(COUNTIF(INDIRECT("'"&$D6&"'!$AE$7:$AE$500"),"N/A"),0)) | AY6: =IF($D6="","",IFERROR(COUNTIF(INDIRECT("'"&$D6&"'!$AJ$7:$AJ$500"),"<>"),0)) | AZ6: =IF($D6="","",IFERROR(COUNTIF(INDIRECT("'"&$D6&"'!$AJ$7:$AJ$500"),"Pass"),0)) | BA6: =IF($D6="","",IFERROR(COUNTIF(INDIRECT("'"&$D6&"'!$AJ$7:$AJ$500"),"Fail"),0)) | BB6: =IF($D6="","",IFERROR(COUNTIF(INDIRECT("'"&$D6&"'!$AJ$7:$AJ$500"),"Block"),0)) | BC6: =IF($D6="","",IFERROR(COUNTIF(INDIRECT("'"&$D6&"'!$AJ$7:$AJ$500"),"N/A"),0))
B7: =IF($D7="","",ROW()-3) | C7: TC_04 | D7: Đăng tin | E7: Đăng tin (Wizard NEED + Form OFFER) | F7: =IF($D7="","",IFERROR(COUNTIF(INDIRECT("'"&$D7&"'!$C$7:$C$500"),"?*"),0)) | G7: =IF($D7="","",IFERROR(COUNTIF(INDIRECT("'"&$D7&"'!$AO$7:$AO$500"),"Pass"),0)) | H7: =IF($D7="","",IFERROR(COUNTIF(INDIRECT("'"&$D7&"'!$AO$7:$AO$500"),"Fail"),0)) | I7: =IF($D7="","",IFERROR(COUNTIF(INDIRECT("'"&$D7&"'!$AO$7:$AO$500"),"Block"),0)) | J7: =IF($D7="","",IFERROR(COUNTIF(INDIRECT("'"&$D7&"'!$AO$7:$AO$500"),"N/A"),0)) | K7: =IF($D7="","",MAX(0,$F7-$G7-$H7-$I7-$J7)) | L7: =IF($D7="","",$G7+$H7+$I7+$J7) | M7: =IF($D7="","",IFERROR($L7/$F7,0)) | N7: =IF($D7="","",IFERROR($G7/$L7,0)) | O7: =IF($D7="","",IFERROR(COUNTIF(INDIRECT("'"&$D7&"'!$E$7:$E$500"),"High"),0)) | P7: =IF($D7="","",IFERROR(COUNTIF(INDIRECT("'"&$D7&"'!$E$7:$E$500"),"Medium"),0)) | Q7: =IF($D7="","",IFERROR(COUNTIF(INDIRECT("'"&$D7&"'!$E$7:$E$500"),"Low"),0)) | R7: =IF($D7="","",IFERROR(COUNTIF(INDIRECT("'"&$D7&"'!$D$7:$D$500"),"Functional"),0)) | S7: =IF($D7="","",IFERROR(COUNTIF(INDIRECT("'"&$D7&"'!$D$7:$D$500"),"UI"),0)) | T7: =IF($D7="","",IFERROR(COUNTIF(INDIRECT("'"&$D7&"'!$D$7:$D$500"),"Integration"),0)) | U7: =IF($D7="","",IFERROR(COUNTIF(INDIRECT("'"&$D7&"'!$D$7:$D$500"),"Database Test Case"),0)) | V7: =IF($D7="","",IFERROR(COUNTIF(INDIRECT("'"&$D7&"'!$J$7:$J$500"),"AI"),0)) | W7: =IF($D7="","",IFERROR(COUNTIF(INDIRECT("'"&$D7&"'!$J$7:$J$500"),"QC"),0)) | X7: =IF($D7="","",IFERROR(COUNTIF(INDIRECT("'"&$D7&"'!$L$7:$L$500"),"Yes"),0)) | Y7: =IF($D7="","",IFERROR(COUNTIF(INDIRECT("'"&$D7&"'!$AM$7:$AM$500"),"Yes"),0)) | Z7: =IF($D7="","",IFERROR(COUNTIF(INDIRECT("'"&$D7&"'!$AN$7:$AN$500"),"Pass"),0)) | AA7: =IF($D7="","",IFERROR(COUNTIF(INDIRECT("'"&$D7&"'!$K$7:$K$500"),"Reviewed"),0)) | AB7: =IF($D7="","",IFERROR(SUMPRODUCT((INDIRECT("'"&$D7&"'!$E$7:$E$500")="High")*(INDIRECT("'"&$D7&"'!$AO$7:$AO$500")<>"")),0)) | AC7: =IF($D7="","",IFERROR(SUMPRODUCT((INDIRECT("'"&$D7&"'!$E$7:$E$500")="Medium")*(INDIRECT("'"&$D7&"'!$AO$7:$AO$500")<>"")),0)) | AD7: =IF($D7="","",IFERROR(SUMPRODUCT((INDIRECT("'"&$D7&"'!$E$7:$E$500")="Low")*(INDIRECT("'"&$D7&"'!$AO$7:$AO$500")<>"")),0)) | AE7: =IF($D7="","",IFERROR(COUNTIF(INDIRECT("'"&$D7&"'!$P$7:$P$500"),"<>"),0)) | AF7: =IF($D7="","",IFERROR(COUNTIF(INDIRECT("'"&$D7&"'!$P$7:$P$500"),"Pass"),0)) | AG7: =IF($D7="","",IFERROR(COUNTIF(INDIRECT("'"&$D7&"'!$P$7:$P$500"),"Fail"),0)) | AH7: =IF($D7="","",IFERROR(COUNTIF(INDIRECT("'"&$D7&"'!$P$7:$P$500"),"Block"),0)) | AI7: =IF($D7="","",IFERROR(COUNTIF(INDIRECT("'"&$D7&"'!$P$7:$P$500"),"N/A"),0)) | AJ7: =IF($D7="","",IFERROR(COUNTIF(INDIRECT("'"&$D7&"'!$U$7:$U$500"),"<>"),0)) | AK7: =IF($D7="","",IFERROR(COUNTIF(INDIRECT("'"&$D7&"'!$U$7:$U$500"),"Pass"),0)) | AL7: =IF($D7="","",IFERROR(COUNTIF(INDIRECT("'"&$D7&"'!$U$7:$U$500"),"Fail"),0)) | AM7: =IF($D7="","",IFERROR(COUNTIF(INDIRECT("'"&$D7&"'!$U$7:$U$500"),"Block"),0)) | AN7: =IF($D7="","",IFERROR(COUNTIF(INDIRECT("'"&$D7&"'!$U$7:$U$500"),"N/A"),0)) | AO7: =IF($D7="","",IFERROR(COUNTIF(INDIRECT("'"&$D7&"'!$Z$7:$Z$500"),"<>"),0)) | AP7: =IF($D7="","",IFERROR(COUNTIF(INDIRECT("'"&$D7&"'!$Z$7:$Z$500"),"Pass"),0)) | AQ7: =IF($D7="","",IFERROR(COUNTIF(INDIRECT("'"&$D7&"'!$Z$7:$Z$500"),"Fail"),0)) | AR7: =IF($D7="","",IFERROR(COUNTIF(INDIRECT("'"&$D7&"'!$Z$7:$Z$500"),"Block"),0)) | AS7: =IF($D7="","",IFERROR(COUNTIF(INDIRECT("'"&$D7&"'!$Z$7:$Z$500"),"N/A"),0)) | AT7: =IF($D7="","",IFERROR(COUNTIF(INDIRECT("'"&$D7&"'!$AE$7:$AE$500"),"<>"),0)) | AU7: =IF($D7="","",IFERROR(COUNTIF(INDIRECT("'"&$D7&"'!$AE$7:$AE$500"),"Pass"),0)) | AV7: =IF($D7="","",IFERROR(COUNTIF(INDIRECT("'"&$D7&"'!$AE$7:$AE$500"),"Fail"),0)) | AW7: =IF($D7="","",IFERROR(COUNTIF(INDIRECT("'"&$D7&"'!$AE$7:$AE$500"),"Block"),0)) | AX7: =IF($D7="","",IFERROR(COUNTIF(INDIRECT("'"&$D7&"'!$AE$7:$AE$500"),"N/A"),0)) | AY7: =IF($D7="","",IFERROR(COUNTIF(INDIRECT("'"&$D7&"'!$AJ$7:$AJ$500"),"<>"),0)) | AZ7: =IF($D7="","",IFERROR(COUNTIF(INDIRECT("'"&$D7&"'!$AJ$7:$AJ$500"),"Pass"),0)) | BA7: =IF($D7="","",IFERROR(COUNTIF(INDIRECT("'"&$D7&"'!$AJ$7:$AJ$500"),"Fail"),0)) | BB7: =IF($D7="","",IFERROR(COUNTIF(INDIRECT("'"&$D7&"'!$AJ$7:$AJ$500"),"Block"),0)) | BC7: =IF($D7="","",IFERROR(COUNTIF(INDIRECT("'"&$D7&"'!$AJ$7:$AJ$500"),"N/A"),0))
B8: =IF($D8="","",ROW()-3) | C8: TC_05 | D8: Trang chủ | E8: Trang chủ | F8: =IF($D8="","",IFERROR(COUNTIF(INDIRECT("'"&$D8&"'!$C$7:$C$500"),"?*"),0)) | G8: =IF($D8="","",IFERROR(COUNTIF(INDIRECT("'"&$D8&"'!$AO$7:$AO$500"),"Pass"),0)) | H8: =IF($D8="","",IFERROR(COUNTIF(INDIRECT("'"&$D8&"'!$AO$7:$AO$500"),"Fail"),0)) | I8: =IF($D8="","",IFERROR(COUNTIF(INDIRECT("'"&$D8&"'!$AO$7:$AO$500"),"Block"),0)) | J8: =IF($D8="","",IFERROR(COUNTIF(INDIRECT("'"&$D8&"'!$AO$7:$AO$500"),"N/A"),0)) | K8: =IF($D8="","",MAX(0,$F8-$G8-$H8-$I8-$J8)) | L8: =IF($D8="","",$G8+$H8+$I8+$J8) | M8: =IF($D8="","",IFERROR($L8/$F8,0)) | N8: =IF($D8="","",IFERROR($G8/$L8,0)) | O8: =IF($D8="","",IFERROR(COUNTIF(INDIRECT("'"&$D8&"'!$E$7:$E$500"),"High"),0)) | P8: =IF($D8="","",IFERROR(COUNTIF(INDIRECT("'"&$D8&"'!$E$7:$E$500"),"Medium"),0)) | Q8: =IF($D8="","",IFERROR(COUNTIF(INDIRECT("'"&$D8&"'!$E$7:$E$500"),"Low"),0)) | R8: =IF($D8="","",IFERROR(COUNTIF(INDIRECT("'"&$D8&"'!$D$7:$D$500"),"Functional"),0)) | S8: =IF($D8="","",IFERROR(COUNTIF(INDIRECT("'"&$D8&"'!$D$7:$D$500"),"UI"),0)) | T8: =IF($D8="","",IFERROR(COUNTIF(INDIRECT("'"&$D8&"'!$D$7:$D$500"),"Integration"),0)) | U8: =IF($D8="","",IFERROR(COUNTIF(INDIRECT("'"&$D8&"'!$D$7:$D$500"),"Database Test Case"),0)) | V8: =IF($D8="","",IFERROR(COUNTIF(INDIRECT("'"&$D8&"'!$J$7:$J$500"),"AI"),0)) | W8: =IF($D8="","",IFERROR(COUNTIF(INDIRECT("'"&$D8&"'!$J$7:$J$500"),"QC"),0)) | X8: =IF($D8="","",IFERROR(COUNTIF(INDIRECT("'"&$D8&"'!$L$7:$L$500"),"Yes"),0)) | Y8: =IF($D8="","",IFERROR(COUNTIF(INDIRECT("'"&$D8&"'!$AM$7:$AM$500"),"Yes"),0)) | Z8: =IF($D8="","",IFERROR(COUNTIF(INDIRECT("'"&$D8&"'!$AN$7:$AN$500"),"Pass"),0)) | AA8: =IF($D8="","",IFERROR(COUNTIF(INDIRECT("'"&$D8&"'!$K$7:$K$500"),"Reviewed"),0)) | AB8: =IF($D8="","",IFERROR(SUMPRODUCT((INDIRECT("'"&$D8&"'!$E$7:$E$500")="High")*(INDIRECT("'"&$D8&"'!$AO$7:$AO$500")<>"")),0)) | AC8: =IF($D8="","",IFERROR(SUMPRODUCT((INDIRECT("'"&$D8&"'!$E$7:$E$500")="Medium")*(INDIRECT("'"&$D8&"'!$AO$7:$AO$500")<>"")),0)) | AD8: =IF($D8="","",IFERROR(SUMPRODUCT((INDIRECT("'"&$D8&"'!$E$7:$E$500")="Low")*(INDIRECT("'"&$D8&"'!$AO$7:$AO$500")<>"")),0)) | AE8: =IF($D8="","",IFERROR(COUNTIF(INDIRECT("'"&$D8&"'!$P$7:$P$500"),"<>"),0)) | AF8: =IF($D8="","",IFERROR(COUNTIF(INDIRECT("'"&$D8&"'!$P$7:$P$500"),"Pass"),0)) | AG8: =IF($D8="","",IFERROR(COUNTIF(INDIRECT("'"&$D8&"'!$P$7:$P$500"),"Fail"),0)) | AH8: =IF($D8="","",IFERROR(COUNTIF(INDIRECT("'"&$D8&"'!$P$7:$P$500"),"Block"),0)) | AI8: =IF($D8="","",IFERROR(COUNTIF(INDIRECT("'"&$D8&"'!$P$7:$P$500"),"N/A"),0)) | AJ8: =IF($D8="","",IFERROR(COUNTIF(INDIRECT("'"&$D8&"'!$U$7:$U$500"),"<>"),0)) | AK8: =IF($D8="","",IFERROR(COUNTIF(INDIRECT("'"&$D8&"'!$U$7:$U$500"),"Pass"),0)) | AL8: =IF($D8="","",IFERROR(COUNTIF(INDIRECT("'"&$D8&"'!$U$7:$U$500"),"Fail"),0)) | AM8: =IF($D8="","",IFERROR(COUNTIF(INDIRECT("'"&$D8&"'!$U$7:$U$500"),"Block"),0)) | AN8: =IF($D8="","",IFERROR(COUNTIF(INDIRECT("'"&$D8&"'!$U$7:$U$500"),"N/A"),0)) | AO8: =IF($D8="","",IFERROR(COUNTIF(INDIRECT("'"&$D8&"'!$Z$7:$Z$500"),"<>"),0)) | AP8: =IF($D8="","",IFERROR(COUNTIF(INDIRECT("'"&$D8&"'!$Z$7:$Z$500"),"Pass"),0)) | AQ8: =IF($D8="","",IFERROR(COUNTIF(INDIRECT("'"&$D8&"'!$Z$7:$Z$500"),"Fail"),0)) | AR8: =IF($D8="","",IFERROR(COUNTIF(INDIRECT("'"&$D8&"'!$Z$7:$Z$500"),"Block"),0)) | AS8: =IF($D8="","",IFERROR(COUNTIF(INDIRECT("'"&$D8&"'!$Z$7:$Z$500"),"N/A"),0)) | AT8: =IF($D8="","",IFERROR(COUNTIF(INDIRECT("'"&$D8&"'!$AE$7:$AE$500"),"<>"),0)) | AU8: =IF($D8="","",IFERROR(COUNTIF(INDIRECT("'"&$D8&"'!$AE$7:$AE$500"),"Pass"),0)) | AV8: =IF($D8="","",IFERROR(COUNTIF(INDIRECT("'"&$D8&"'!$AE$7:$AE$500"),"Fail"),0)) | AW8: =IF($D8="","",IFERROR(COUNTIF(INDIRECT("'"&$D8&"'!$AE$7:$AE$500"),"Block"),0)) | AX8: =IF($D8="","",IFERROR(COUNTIF(INDIRECT("'"&$D8&"'!$AE$7:$AE$500"),"N/A"),0)) | AY8: =IF($D8="","",IFERROR(COUNTIF(INDIRECT("'"&$D8&"'!$AJ$7:$AJ$500"),"<>"),0)) | AZ8: =IF($D8="","",IFERROR(COUNTIF(INDIRECT("'"&$D8&"'!$AJ$7:$AJ$500"),"Pass"),0)) | BA8: =IF($D8="","",IFERROR(COUNTIF(INDIRECT("'"&$D8&"'!$AJ$7:$AJ$500"),"Fail"),0)) | BB8: =IF($D8="","",IFERROR(COUNTIF(INDIRECT("'"&$D8&"'!$AJ$7:$AJ$500"),"Block"),0)) | BC8: =IF($D8="","",IFERROR(COUNTIF(INDIRECT("'"&$D8&"'!$AJ$7:$AJ$500"),"N/A"),0))
B9: =IF($D9="","",ROW()-3) | C9: TC_06 | D9: Bảng tin & Chi tiết tin | E9: Bảng tin & Chi tiết tin | F9: =IF($D9="","",IFERROR(COUNTIF(INDIRECT("'"&$D9&"'!$C$7:$C$500"),"?*"),0)) | G9: =IF($D9="","",IFERROR(COUNTIF(INDIRECT("'"&$D9&"'!$AO$7:$AO$500"),"Pass"),0)) | H9: =IF($D9="","",IFERROR(COUNTIF(INDIRECT("'"&$D9&"'!$AO$7:$AO$500"),"Fail"),0)) | I9: =IF($D9="","",IFERROR(COUNTIF(INDIRECT("'"&$D9&"'!$AO$7:$AO$500"),"Block"),0)) | J9: =IF($D9="","",IFERROR(COUNTIF(INDIRECT("'"&$D9&"'!$AO$7:$AO$500"),"N/A"),0)) | K9: =IF($D9="","",MAX(0,$F9-$G9-$H9-$I9-$J9)) | L9: =IF($D9="","",$G9+$H9+$I9+$J9) | M9: =IF($D9="","",IFERROR($L9/$F9,0)) | N9: =IF($D9="","",IFERROR($G9/$L9,0)) | O9: =IF($D9="","",IFERROR(COUNTIF(INDIRECT("'"&$D9&"'!$E$7:$E$500"),"High"),0)) | P9: =IF($D9="","",IFERROR(COUNTIF(INDIRECT("'"&$D9&"'!$E$7:$E$500"),"Medium"),0)) | Q9: =IF($D9="","",IFERROR(COUNTIF(INDIRECT("'"&$D9&"'!$E$7:$E$500"),"Low"),0)) | R9: =IF($D9="","",IFERROR(COUNTIF(INDIRECT("'"&$D9&"'!$D$7:$D$500"),"Functional"),0)) | S9: =IF($D9="","",IFERROR(COUNTIF(INDIRECT("'"&$D9&"'!$D$7:$D$500"),"UI"),0)) | T9: =IF($D9="","",IFERROR(COUNTIF(INDIRECT("'"&$D9&"'!$D$7:$D$500"),"Integration"),0)) | U9: =IF($D9="","",IFERROR(COUNTIF(INDIRECT("'"&$D9&"'!$D$7:$D$500"),"Database Test Case"),0)) | V9: =IF($D9="","",IFERROR(COUNTIF(INDIRECT("'"&$D9&"'!$J$7:$J$500"),"AI"),0)) | W9: =IF($D9="","",IFERROR(COUNTIF(INDIRECT("'"&$D9&"'!$J$7:$J$500"),"QC"),0)) | X9: =IF($D9="","",IFERROR(COUNTIF(INDIRECT("'"&$D9&"'!$L$7:$L$500"),"Yes"),0)) | Y9: =IF($D9="","",IFERROR(COUNTIF(INDIRECT("'"&$D9&"'!$AM$7:$AM$500"),"Yes"),0)) | Z9: =IF($D9="","",IFERROR(COUNTIF(INDIRECT("'"&$D9&"'!$AN$7:$AN$500"),"Pass"),0)) | AA9: =IF($D9="","",IFERROR(COUNTIF(INDIRECT("'"&$D9&"'!$K$7:$K$500"),"Reviewed"),0)) | AB9: =IF($D9="","",IFERROR(SUMPRODUCT((INDIRECT("'"&$D9&"'!$E$7:$E$500")="High")*(INDIRECT("'"&$D9&"'!$AO$7:$AO$500")<>"")),0)) | AC9: =IF($D9="","",IFERROR(SUMPRODUCT((INDIRECT("'"&$D9&"'!$E$7:$E$500")="Medium")*(INDIRECT("'"&$D9&"'!$AO$7:$AO$500")<>"")),0)) | AD9: =IF($D9="","",IFERROR(SUMPRODUCT((INDIRECT("'"&$D9&"'!$E$7:$E$500")="Low")*(INDIRECT("'"&$D9&"'!$AO$7:$AO$500")<>"")),0)) | AE9: =IF($D9="","",IFERROR(COUNTIF(INDIRECT("'"&$D9&"'!$P$7:$P$500"),"<>"),0)) | AF9: =IF($D9="","",IFERROR(COUNTIF(INDIRECT("'"&$D9&"'!$P$7:$P$500"),"Pass"),0)) | AG9: =IF($D9="","",IFERROR(COUNTIF(INDIRECT("'"&$D9&"'!$P$7:$P$500"),"Fail"),0)) | AH9: =IF($D9="","",IFERROR(COUNTIF(INDIRECT("'"&$D9&"'!$P$7:$P$500"),"Block"),0)) | AI9: =IF($D9="","",IFERROR(COUNTIF(INDIRECT("'"&$D9&"'!$P$7:$P$500"),"N/A"),0)) | AJ9: =IF($D9="","",IFERROR(COUNTIF(INDIRECT("'"&$D9&"'!$U$7:$U$500"),"<>"),0)) | AK9: =IF($D9="","",IFERROR(COUNTIF(INDIRECT("'"&$D9&"'!$U$7:$U$500"),"Pass"),0)) | AL9: =IF($D9="","",IFERROR(COUNTIF(INDIRECT("'"&$D9&"'!$U$7:$U$500"),"Fail"),0)) | AM9: =IF($D9="","",IFERROR(COUNTIF(INDIRECT("'"&$D9&"'!$U$7:$U$500"),"Block"),0)) | AN9: =IF($D9="","",IFERROR(COUNTIF(INDIRECT("'"&$D9&"'!$U$7:$U$500"),"N/A"),0)) | AO9: =IF($D9="","",IFERROR(COUNTIF(INDIRECT("'"&$D9&"'!$Z$7:$Z$500"),"<>"),0)) | AP9: =IF($D9="","",IFERROR(COUNTIF(INDIRECT("'"&$D9&"'!$Z$7:$Z$500"),"Pass"),0)) | AQ9: =IF($D9="","",IFERROR(COUNTIF(INDIRECT("'"&$D9&"'!$Z$7:$Z$500"),"Fail"),0)) | AR9: =IF($D9="","",IFERROR(COUNTIF(INDIRECT("'"&$D9&"'!$Z$7:$Z$500"),"Block"),0)) | AS9: =IF($D9="","",IFERROR(COUNTIF(INDIRECT("'"&$D9&"'!$Z$7:$Z$500"),"N/A"),0)) | AT9: =IF($D9="","",IFERROR(COUNTIF(INDIRECT("'"&$D9&"'!$AE$7:$AE$500"),"<>"),0)) | AU9: =IF($D9="","",IFERROR(COUNTIF(INDIRECT("'"&$D9&"'!$AE$7:$AE$500"),"Pass"),0)) | AV9: =IF($D9="","",IFERROR(COUNTIF(INDIRECT("'"&$D9&"'!$AE$7:$AE$500"),"Fail"),0)) | AW9: =IF($D9="","",IFERROR(COUNTIF(INDIRECT("'"&$D9&"'!$AE$7:$AE$500"),"Block"),0)) | AX9: =IF($D9="","",IFERROR(COUNTIF(INDIRECT("'"&$D9&"'!$AE$7:$AE$500"),"N/A"),0)) | AY9: =IF($D9="","",IFERROR(COUNTIF(INDIRECT("'"&$D9&"'!$AJ$7:$AJ$500"),"<>"),0)) | AZ9: =IF($D9="","",IFERROR(COUNTIF(INDIRECT("'"&$D9&"'!$AJ$7:$AJ$500"),"Pass"),0)) | BA9: =IF($D9="","",IFERROR(COUNTIF(INDIRECT("'"&$D9&"'!$AJ$7:$AJ$500"),"Fail"),0)) | BB9: =IF($D9="","",IFERROR(COUNTIF(INDIRECT("'"&$D9&"'!$AJ$7:$AJ$500"),"Block"),0)) | BC9: =IF($D9="","",IFERROR(COUNTIF(INDIRECT("'"&$D9&"'!$AJ$7:$AJ$500"),"N/A"),0))
B10: =IF($D10="","",ROW()-3) | C10: TC_07 | D10: Theo dõi đơn | E10: Theo dõi đơn (3 vai trò) | F10: =IF($D10="","",IFERROR(COUNTIF(INDIRECT("'"&$D10&"'!$C$7:$C$500"),"?*"),0)) | G10: =IF($D10="","",IFERROR(COUNTIF(INDIRECT("'"&$D10&"'!$AO$7:$AO$500"),"Pass"),0)) | H10: =IF($D10="","",IFERROR(COUNTIF(INDIRECT("'"&$D10&"'!$AO$7:$AO$500"),"Fail"),0)) | I10: =IF($D10="","",IFERROR(COUNTIF(INDIRECT("'"&$D10&"'!$AO$7:$AO$500"),"Block"),0)) | J10: =IF($D10="","",IFERROR(COUNTIF(INDIRECT("'"&$D10&"'!$AO$7:$AO$500"),"N/A"),0)) | K10: =IF($D10="","",MAX(0,$F10-$G10-$H10-$I10-$J10)) | L10: =IF($D10="","",$G10+$H10+$I10+$J10) | M10: =IF($D10="","",IFERROR($L10/$F10,0)) | N10: =IF($D10="","",IFERROR($G10/$L10,0)) | O10: =IF($D10="","",IFERROR(COUNTIF(INDIRECT("'"&$D10&"'!$E$7:$E$500"),"High"),0)) | P10: =IF($D10="","",IFERROR(COUNTIF(INDIRECT("'"&$D10&"'!$E$7:$E$500"),"Medium"),0)) | Q10: =IF($D10="","",IFERROR(COUNTIF(INDIRECT("'"&$D10&"'!$E$7:$E$500"),"Low"),0)) | R10: =IF($D10="","",IFERROR(COUNTIF(INDIRECT("'"&$D10&"'!$D$7:$D$500"),"Functional"),0)) | S10: =IF($D10="","",IFERROR(COUNTIF(INDIRECT("'"&$D10&"'!$D$7:$D$500"),"UI"),0)) | T10: =IF($D10="","",IFERROR(COUNTIF(INDIRECT("'"&$D10&"'!$D$7:$D$500"),"Integration"),0)) | U10: =IF($D10="","",IFERROR(COUNTIF(INDIRECT("'"&$D10&"'!$D$7:$D$500"),"Database Test Case"),0)) | V10: =IF($D10="","",IFERROR(COUNTIF(INDIRECT("'"&$D10&"'!$J$7:$J$500"),"AI"),0)) | W10: =IF($D10="","",IFERROR(COUNTIF(INDIRECT("'"&$D10&"'!$J$7:$J$500"),"QC"),0)) | X10: =IF($D10="","",IFERROR(COUNTIF(INDIRECT("'"&$D10&"'!$L$7:$L$500"),"Yes"),0)) | Y10: =IF($D10="","",IFERROR(COUNTIF(INDIRECT("'"&$D10&"'!$AM$7:$AM$500"),"Yes"),0)) | Z10: =IF($D10="","",IFERROR(COUNTIF(INDIRECT("'"&$D10&"'!$AN$7:$AN$500"),"Pass"),0)) | AA10: =IF($D10="","",IFERROR(COUNTIF(INDIRECT("'"&$D10&"'!$K$7:$K$500"),"Reviewed"),0)) | AB10: =IF($D10="","",IFERROR(SUMPRODUCT((INDIRECT("'"&$D10&"'!$E$7:$E$500")="High")*(INDIRECT("'"&$D10&"'!$AO$7:$AO$500")<>"")),0)) | AC10: =IF($D10="","",IFERROR(SUMPRODUCT((INDIRECT("'"&$D10&"'!$E$7:$E$500")="Medium")*(INDIRECT("'"&$D10&"'!$AO$7:$AO$500")<>"")),0)) | AD10: =IF($D10="","",IFERROR(SUMPRODUCT((INDIRECT("'"&$D10&"'!$E$7:$E$500")="Low")*(INDIRECT("'"&$D10&"'!$AO$7:$AO$500")<>"")),0)) | AE10: =IF($D10="","",IFERROR(COUNTIF(INDIRECT("'"&$D10&"'!$P$7:$P$500"),"<>"),0)) | AF10: =IF($D10="","",IFERROR(COUNTIF(INDIRECT("'"&$D10&"'!$P$7:$P$500"),"Pass"),0)) | AG10: =IF($D10="","",IFERROR(COUNTIF(INDIRECT("'"&$D10&"'!$P$7:$P$500"),"Fail"),0)) | AH10: =IF($D10="","",IFERROR(COUNTIF(INDIRECT("'"&$D10&"'!$P$7:$P$500"),"Block"),0)) | AI10: =IF($D10="","",IFERROR(COUNTIF(INDIRECT("'"&$D10&"'!$P$7:$P$500"),"N/A"),0)) | AJ10: =IF($D10="","",IFERROR(COUNTIF(INDIRECT("'"&$D10&"'!$U$7:$U$500"),"<>"),0)) | AK10: =IF($D10="","",IFERROR(COUNTIF(INDIRECT("'"&$D10&"'!$U$7:$U$500"),"Pass"),0)) | AL10: =IF($D10="","",IFERROR(COUNTIF(INDIRECT("'"&$D10&"'!$U$7:$U$500"),"Fail"),0)) | AM10: =IF($D10="","",IFERROR(COUNTIF(INDIRECT("'"&$D10&"'!$U$7:$U$500"),"Block"),0)) | AN10: =IF($D10="","",IFERROR(COUNTIF(INDIRECT("'"&$D10&"'!$U$7:$U$500"),"N/A"),0)) | AO10: =IF($D10="","",IFERROR(COUNTIF(INDIRECT("'"&$D10&"'!$Z$7:$Z$500"),"<>"),0)) | AP10: =IF($D10="","",IFERROR(COUNTIF(INDIRECT("'"&$D10&"'!$Z$7:$Z$500"),"Pass"),0)) | AQ10: =IF($D10="","",IFERROR(COUNTIF(INDIRECT("'"&$D10&"'!$Z$7:$Z$500"),"Fail"),0)) | AR10: =IF($D10="","",IFERROR(COUNTIF(INDIRECT("'"&$D10&"'!$Z$7:$Z$500"),"Block"),0)) | AS10: =IF($D10="","",IFERROR(COUNTIF(INDIRECT("'"&$D10&"'!$Z$7:$Z$500"),"N/A"),0)) | AT10: =IF($D10="","",IFERROR(COUNTIF(INDIRECT("'"&$D10&"'!$AE$7:$AE$500"),"<>"),0)) | AU10: =IF($D10="","",IFERROR(COUNTIF(INDIRECT("'"&$D10&"'!$AE$7:$AE$500"),"Pass"),0)) | AV10: =IF($D10="","",IFERROR(COUNTIF(INDIRECT("'"&$D10&"'!$AE$7:$AE$500"),"Fail"),0)) | AW10: =IF($D10="","",IFERROR(COUNTIF(INDIRECT("'"&$D10&"'!$AE$7:$AE$500"),"Block"),0)) | AX10: =IF($D10="","",IFERROR(COUNTIF(INDIRECT("'"&$D10&"'!$AE$7:$AE$500"),"N/A"),0)) | AY10: =IF($D10="","",IFERROR(COUNTIF(INDIRECT("'"&$D10&"'!$AJ$7:$AJ$500"),"<>"),0)) | AZ10: =IF($D10="","",IFERROR(COUNTIF(INDIRECT("'"&$D10&"'!$AJ$7:$AJ$500"),"Pass"),0)) | BA10: =IF($D10="","",IFERROR(COUNTIF(INDIRECT("'"&$D10&"'!$AJ$7:$AJ$500"),"Fail"),0)) | BB10: =IF($D10="","",IFERROR(COUNTIF(INDIRECT("'"&$D10&"'!$AJ$7:$AJ$500"),"Block"),0)) | BC10: =IF($D10="","",IFERROR(COUNTIF(INDIRECT("'"&$D10&"'!$AJ$7:$AJ$500"),"N/A"),0))
B11: =IF($D11="","",ROW()-3) | C11: TC_08 | D11: Huỷ đơn | E11: Huỷ đơn | F11: =IF($D11="","",IFERROR(COUNTIF(INDIRECT("'"&$D11&"'!$C$7:$C$500"),"?*"),0)) | G11: =IF($D11="","",IFERROR(COUNTIF(INDIRECT("'"&$D11&"'!$AO$7:$AO$500"),"Pass"),0)) | H11: =IF($D11="","",IFERROR(COUNTIF(INDIRECT("'"&$D11&"'!$AO$7:$AO$500"),"Fail"),0)) | I11: =IF($D11="","",IFERROR(COUNTIF(INDIRECT("'"&$D11&"'!$AO$7:$AO$500"),"Block"),0)) | J11: =IF($D11="","",IFERROR(COUNTIF(INDIRECT("'"&$D11&"'!$AO$7:$AO$500"),"N/A"),0)) | K11: =IF($D11="","",MAX(0,$F11-$G11-$H11-$I11-$J11)) | L11: =IF($D11="","",$G11+$H11+$I11+$J11) | M11: =IF($D11="","",IFERROR($L11/$F11,0)) | N11: =IF($D11="","",IFERROR($G11/$L11,0)) | O11: =IF($D11="","",IFERROR(COUNTIF(INDIRECT("'"&$D11&"'!$E$7:$E$500"),"High"),0)) | P11: =IF($D11="","",IFERROR(COUNTIF(INDIRECT("'"&$D11&"'!$E$7:$E$500"),"Medium"),0)) | Q11: =IF($D11="","",IFERROR(COUNTIF(INDIRECT("'"&$D11&"'!$E$7:$E$500"),"Low"),0)) | R11: =IF($D11="","",IFERROR(COUNTIF(INDIRECT("'"&$D11&"'!$D$7:$D$500"),"Functional"),0)) | S11: =IF($D11="","",IFERROR(COUNTIF(INDIRECT("'"&$D11&"'!$D$7:$D$500"),"UI"),0)) | T11: =IF($D11="","",IFERROR(COUNTIF(INDIRECT("'"&$D11&"'!$D$7:$D$500"),"Integration"),0)) | U11: =IF($D11="","",IFERROR(COUNTIF(INDIRECT("'"&$D11&"'!$D$7:$D$500"),"Database Test Case"),0)) | V11: =IF($D11="","",IFERROR(COUNTIF(INDIRECT("'"&$D11&"'!$J$7:$J$500"),"AI"),0)) | W11: =IF($D11="","",IFERROR(COUNTIF(INDIRECT("'"&$D11&"'!$J$7:$J$500"),"QC"),0)) | X11: =IF($D11="","",IFERROR(COUNTIF(INDIRECT("'"&$D11&"'!$L$7:$L$500"),"Yes"),0)) | Y11: =IF($D11="","",IFERROR(COUNTIF(INDIRECT("'"&$D11&"'!$AM$7:$AM$500"),"Yes"),0)) | Z11: =IF($D11="","",IFERROR(COUNTIF(INDIRECT("'"&$D11&"'!$AN$7:$AN$500"),"Pass"),0)) | AA11: =IF($D11="","",IFERROR(COUNTIF(INDIRECT("'"&$D11&"'!$K$7:$K$500"),"Reviewed"),0)) | AB11: =IF($D11="","",IFERROR(SUMPRODUCT((INDIRECT("'"&$D11&"'!$E$7:$E$500")="High")*(INDIRECT("'"&$D11&"'!$AO$7:$AO$500")<>"")),0)) | AC11: =IF($D11="","",IFERROR(SUMPRODUCT((INDIRECT("'"&$D11&"'!$E$7:$E$500")="Medium")*(INDIRECT("'"&$D11&"'!$AO$7:$AO$500")<>"")),0)) | AD11: =IF($D11="","",IFERROR(SUMPRODUCT((INDIRECT("'"&$D11&"'!$E$7:$E$500")="Low")*(INDIRECT("'"&$D11&"'!$AO$7:$AO$500")<>"")),0)) | AE11: =IF($D11="","",IFERROR(COUNTIF(INDIRECT("'"&$D11&"'!$P$7:$P$500"),"<>"),0)) | AF11: =IF($D11="","",IFERROR(COUNTIF(INDIRECT("'"&$D11&"'!$P$7:$P$500"),"Pass"),0)) | AG11: =IF($D11="","",IFERROR(COUNTIF(INDIRECT("'"&$D11&"'!$P$7:$P$500"),"Fail"),0)) | AH11: =IF($D11="","",IFERROR(COUNTIF(INDIRECT("'"&$D11&"'!$P$7:$P$500"),"Block"),0)) | AI11: =IF($D11="","",IFERROR(COUNTIF(INDIRECT("'"&$D11&"'!$P$7:$P$500"),"N/A"),0)) | AJ11: =IF($D11="","",IFERROR(COUNTIF(INDIRECT("'"&$D11&"'!$U$7:$U$500"),"<>"),0)) | AK11: =IF($D11="","",IFERROR(COUNTIF(INDIRECT("'"&$D11&"'!$U$7:$U$500"),"Pass"),0)) | AL11: =IF($D11="","",IFERROR(COUNTIF(INDIRECT("'"&$D11&"'!$U$7:$U$500"),"Fail"),0)) | AM11: =IF($D11="","",IFERROR(COUNTIF(INDIRECT("'"&$D11&"'!$U$7:$U$500"),"Block"),0)) | AN11: =IF($D11="","",IFERROR(COUNTIF(INDIRECT("'"&$D11&"'!$U$7:$U$500"),"N/A"),0)) | AO11: =IF($D11="","",IFERROR(COUNTIF(INDIRECT("'"&$D11&"'!$Z$7:$Z$500"),"<>"),0)) | AP11: =IF($D11="","",IFERROR(COUNTIF(INDIRECT("'"&$D11&"'!$Z$7:$Z$500"),"Pass"),0)) | AQ11: =IF($D11="","",IFERROR(COUNTIF(INDIRECT("'"&$D11&"'!$Z$7:$Z$500"),"Fail"),0)) | AR11: =IF($D11="","",IFERROR(COUNTIF(INDIRECT("'"&$D11&"'!$Z$7:$Z$500"),"Block"),0)) | AS11: =IF($D11="","",IFERROR(COUNTIF(INDIRECT("'"&$D11&"'!$Z$7:$Z$500"),"N/A"),0)) | AT11: =IF($D11="","",IFERROR(COUNTIF(INDIRECT("'"&$D11&"'!$AE$7:$AE$500"),"<>"),0)) | AU11: =IF($D11="","",IFERROR(COUNTIF(INDIRECT("'"&$D11&"'!$AE$7:$AE$500"),"Pass"),0)) | AV11: =IF($D11="","",IFERROR(COUNTIF(INDIRECT("'"&$D11&"'!$AE$7:$AE$500"),"Fail"),0)) | AW11: =IF($D11="","",IFERROR(COUNTIF(INDIRECT("'"&$D11&"'!$AE$7:$AE$500"),"Block"),0)) | AX11: =IF($D11="","",IFERROR(COUNTIF(INDIRECT("'"&$D11&"'!$AE$7:$AE$500"),"N/A"),0)) | AY11: =IF($D11="","",IFERROR(COUNTIF(INDIRECT("'"&$D11&"'!$AJ$7:$AJ$500"),"<>"),0)) | AZ11: =IF($D11="","",IFERROR(COUNTIF(INDIRECT("'"&$D11&"'!$AJ$7:$AJ$500"),"Pass"),0)) | BA11: =IF($D11="","",IFERROR(COUNTIF(INDIRECT("'"&$D11&"'!$AJ$7:$AJ$500"),"Fail"),0)) | BB11: =IF($D11="","",IFERROR(COUNTIF(INDIRECT("'"&$D11&"'!$AJ$7:$AJ$500"),"Block"),0)) | BC11: =IF($D11="","",IFERROR(COUNTIF(INDIRECT("'"&$D11&"'!$AJ$7:$AJ$500"),"N/A"),0))
B12: =IF($D12="","",ROW()-3) | C12: TC_09 | D12: Tặng quà | E12: Tặng quà | F12: =IF($D12="","",IFERROR(COUNTIF(INDIRECT("'"&$D12&"'!$C$7:$C$500"),"?*"),0)) | G12: =IF($D12="","",IFERROR(COUNTIF(INDIRECT("'"&$D12&"'!$AO$7:$AO$500"),"Pass"),0)) | H12: =IF($D12="","",IFERROR(COUNTIF(INDIRECT("'"&$D12&"'!$AO$7:$AO$500"),"Fail"),0)) | I12: =IF($D12="","",IFERROR(COUNTIF(INDIRECT("'"&$D12&"'!$AO$7:$AO$500"),"Block"),0)) | J12: =IF($D12="","",IFERROR(COUNTIF(INDIRECT("'"&$D12&"'!$AO$7:$AO$500"),"N/A"),0)) | K12: =IF($D12="","",MAX(0,$F12-$G12-$H12-$I12-$J12)) | L12: =IF($D12="","",$G12+$H12+$I12+$J12) | M12: =IF($D12="","",IFERROR($L12/$F12,0)) | N12: =IF($D12="","",IFERROR($G12/$L12,0)) | O12: =IF($D12="","",IFERROR(COUNTIF(INDIRECT("'"&$D12&"'!$E$7:$E$500"),"High"),0)) | P12: =IF($D12="","",IFERROR(COUNTIF(INDIRECT("'"&$D12&"'!$E$7:$E$500"),"Medium"),0)) | Q12: =IF($D12="","",IFERROR(COUNTIF(INDIRECT("'"&$D12&"'!$E$7:$E$500"),"Low"),0)) | R12: =IF($D12="","",IFERROR(COUNTIF(INDIRECT("'"&$D12&"'!$D$7:$D$500"),"Functional"),0)) | S12: =IF($D12="","",IFERROR(COUNTIF(INDIRECT("'"&$D12&"'!$D$7:$D$500"),"UI"),0)) | T12: =IF($D12="","",IFERROR(COUNTIF(INDIRECT("'"&$D12&"'!$D$7:$D$500"),"Integration"),0)) | U12: =IF($D12="","",IFERROR(COUNTIF(INDIRECT("'"&$D12&"'!$D$7:$D$500"),"Database Test Case"),0)) | V12: =IF($D12="","",IFERROR(COUNTIF(INDIRECT("'"&$D12&"'!$J$7:$J$500"),"AI"),0)) | W12: =IF($D12="","",IFERROR(COUNTIF(INDIRECT("'"&$D12&"'!$J$7:$J$500"),"QC"),0)) | X12: =IF($D12="","",IFERROR(COUNTIF(INDIRECT("'"&$D12&"'!$L$7:$L$500"),"Yes"),0)) | Y12: =IF($D12="","",IFERROR(COUNTIF(INDIRECT("'"&$D12&"'!$AM$7:$AM$500"),"Yes"),0)) | Z12: =IF($D12="","",IFERROR(COUNTIF(INDIRECT("'"&$D12&"'!$AN$7:$AN$500"),"Pass"),0)) | AA12: =IF($D12="","",IFERROR(COUNTIF(INDIRECT("'"&$D12&"'!$K$7:$K$500"),"Reviewed"),0)) | AB12: =IF($D12="","",IFERROR(SUMPRODUCT((INDIRECT("'"&$D12&"'!$E$7:$E$500")="High")*(INDIRECT("'"&$D12&"'!$AO$7:$AO$500")<>"")),0)) | AC12: =IF($D12="","",IFERROR(SUMPRODUCT((INDIRECT("'"&$D12&"'!$E$7:$E$500")="Medium")*(INDIRECT("'"&$D12&"'!$AO$7:$AO$500")<>"")),0)) | AD12: =IF($D12="","",IFERROR(SUMPRODUCT((INDIRECT("'"&$D12&"'!$E$7:$E$500")="Low")*(INDIRECT("'"&$D12&"'!$AO$7:$AO$500")<>"")),0)) | AE12: =IF($D12="","",IFERROR(COUNTIF(INDIRECT("'"&$D12&"'!$P$7:$P$500"),"<>"),0)) | AF12: =IF($D12="","",IFERROR(COUNTIF(INDIRECT("'"&$D12&"'!$P$7:$P$500"),"Pass"),0)) | AG12: =IF($D12="","",IFERROR(COUNTIF(INDIRECT("'"&$D12&"'!$P$7:$P$500"),"Fail"),0)) | AH12: =IF($D12="","",IFERROR(COUNTIF(INDIRECT("'"&$D12&"'!$P$7:$P$500"),"Block"),0)) | AI12: =IF($D12="","",IFERROR(COUNTIF(INDIRECT("'"&$D12&"'!$P$7:$P$500"),"N/A"),0)) | AJ12: =IF($D12="","",IFERROR(COUNTIF(INDIRECT("'"&$D12&"'!$U$7:$U$500"),"<>"),0)) | AK12: =IF($D12="","",IFERROR(COUNTIF(INDIRECT("'"&$D12&"'!$U$7:$U$500"),"Pass"),0)) | AL12: =IF($D12="","",IFERROR(COUNTIF(INDIRECT("'"&$D12&"'!$U$7:$U$500"),"Fail"),0)) | AM12: =IF($D12="","",IFERROR(COUNTIF(INDIRECT("'"&$D12&"'!$U$7:$U$500"),"Block"),0)) | AN12: =IF($D12="","",IFERROR(COUNTIF(INDIRECT("'"&$D12&"'!$U$7:$U$500"),"N/A"),0)) | AO12: =IF($D12="","",IFERROR(COUNTIF(INDIRECT("'"&$D12&"'!$Z$7:$Z$500"),"<>"),0)) | AP12: =IF($D12="","",IFERROR(COUNTIF(INDIRECT("'"&$D12&"'!$Z$7:$Z$500"),"Pass"),0)) | AQ12: =IF($D12="","",IFERROR(COUNTIF(INDIRECT("'"&$D12&"'!$Z$7:$Z$500"),"Fail"),0)) | AR12: =IF($D12="","",IFERROR(COUNTIF(INDIRECT("'"&$D12&"'!$Z$7:$Z$500"),"Block"),0)) | AS12: =IF($D12="","",IFERROR(COUNTIF(INDIRECT("'"&$D12&"'!$Z$7:$Z$500"),"N/A"),0)) | AT12: =IF($D12="","",IFERROR(COUNTIF(INDIRECT("'"&$D12&"'!$AE$7:$AE$500"),"<>"),0)) | AU12: =IF($D12="","",IFERROR(COUNTIF(INDIRECT("'"&$D12&"'!$AE$7:$AE$500"),"Pass"),0)) | AV12: =IF($D12="","",IFERROR(COUNTIF(INDIRECT("'"&$D12&"'!$AE$7:$AE$500"),"Fail"),0)) | AW12: =IF($D12="","",IFERROR(COUNTIF(INDIRECT("'"&$D12&"'!$AE$7:$AE$500"),"Block"),0)) | AX12: =IF($D12="","",IFERROR(COUNTIF(INDIRECT("'"&$D12&"'!$AE$7:$AE$500"),"N/A"),0)) | AY12: =IF($D12="","",IFERROR(COUNTIF(INDIRECT("'"&$D12&"'!$AJ$7:$AJ$500"),"<>"),0)) | AZ12: =IF($D12="","",IFERROR(COUNTIF(INDIRECT("'"&$D12&"'!$AJ$7:$AJ$500"),"Pass"),0)) | BA12: =IF($D12="","",IFERROR(COUNTIF(INDIRECT("'"&$D12&"'!$AJ$7:$AJ$500"),"Fail"),0)) | BB12: =IF($D12="","",IFERROR(COUNTIF(INDIRECT("'"&$D12&"'!$AJ$7:$AJ$500"),"Block"),0)) | BC12: =IF($D12="","",IFERROR(COUNTIF(INDIRECT("'"&$D12&"'!$AJ$7:$AJ$500"),"N/A"),0))
B13: =IF($D13="","",ROW()-3) | F13: =IF($D13="","",IFERROR(COUNTIF(INDIRECT("'"&$D13&"'!$C$7:$C$500"),"?*"),0)) | G13: =IF($D13="","",IFERROR(COUNTIF(INDIRECT("'"&$D13&"'!$AO$7:$AO$500"),"Pass"),0)) | H13: =IF($D13="","",IFERROR(COUNTIF(INDIRECT("'"&$D13&"'!$AO$7:$AO$500"),"Fail"),0)) | I13: =IF($D13="","",IFERROR(COUNTIF(INDIRECT("'"&$D13&"'!$AO$7:$AO$500"),"Block"),0)) | J13: =IF($D13="","",IFERROR(COUNTIF(INDIRECT("'"&$D13&"'!$AO$7:$AO$500"),"N/A"),0)) | K13: =IF($D13="","",MAX(0,$F13-$G13-$H13-$I13-$J13)) | L13: =IF($D13="","",$G13+$H13+$I13+$J13) | M13: =IF($D13="","",IFERROR($L13/$F13,0)) | N13: =IF($D13="","",IFERROR($G13/$L13,0)) | O13: =IF($D13="","",IFERROR(COUNTIF(INDIRECT("'"&$D13&"'!$E$7:$E$500"),"High"),0)) | P13: =IF($D13="","",IFERROR(COUNTIF(INDIRECT("'"&$D13&"'!$E$7:$E$500"),"Medium"),0)) | Q13: =IF($D13="","",IFERROR(COUNTIF(INDIRECT("'"&$D13&"'!$E$7:$E$500"),"Low"),0)) | R13: =IF($D13="","",IFERROR(COUNTIF(INDIRECT("'"&$D13&"'!$D$7:$D$500"),"Functional"),0)) | S13: =IF($D13="","",IFERROR(COUNTIF(INDIRECT("'"&$D13&"'!$D$7:$D$500"),"UI"),0)) | T13: =IF($D13="","",IFERROR(COUNTIF(INDIRECT("'"&$D13&"'!$D$7:$D$500"),"Integration"),0)) | U13: =IF($D13="","",IFERROR(COUNTIF(INDIRECT("'"&$D13&"'!$D$7:$D$500"),"Database Test Case"),0)) | V13: =IF($D13="","",IFERROR(COUNTIF(INDIRECT("'"&$D13&"'!$J$7:$J$500"),"AI"),0)) | W13: =IF($D13="","",IFERROR(COUNTIF(INDIRECT("'"&$D13&"'!$J$7:$J$500"),"QC"),0)) | X13: =IF($D13="","",IFERROR(COUNTIF(INDIRECT("'"&$D13&"'!$L$7:$L$500"),"Yes"),0)) | Y13: =IF($D13="","",IFERROR(COUNTIF(INDIRECT("'"&$D13&"'!$AM$7:$AM$500"),"Yes"),0)) | Z13: =IF($D13="","",IFERROR(COUNTIF(INDIRECT("'"&$D13&"'!$AN$7:$AN$500"),"Pass"),0)) | AA13: =IF($D13="","",IFERROR(COUNTIF(INDIRECT("'"&$D13&"'!$K$7:$K$500"),"Reviewed"),0)) | AB13: =IF($D13="","",IFERROR(SUMPRODUCT((INDIRECT("'"&$D13&"'!$E$7:$E$500")="High")*(INDIRECT("'"&$D13&"'!$AO$7:$AO$500")<>"")),0)) | AC13: =IF($D13="","",IFERROR(SUMPRODUCT((INDIRECT("'"&$D13&"'!$E$7:$E$500")="Medium")*(INDIRECT("'"&$D13&"'!$AO$7:$AO$500")<>"")),0)) | AD13: =IF($D13="","",IFERROR(SUMPRODUCT((INDIRECT("'"&$D13&"'!$E$7:$E$500")="Low")*(INDIRECT("'"&$D13&"'!$AO$7:$AO$500")<>"")),0)) | AE13: =IF($D13="","",IFERROR(COUNTIF(INDIRECT("'"&$D13&"'!$P$7:$P$500"),"<>"),0)) | AF13: =IF($D13="","",IFERROR(COUNTIF(INDIRECT("'"&$D13&"'!$P$7:$P$500"),"Pass"),0)) | AG13: =IF($D13="","",IFERROR(COUNTIF(INDIRECT("'"&$D13&"'!$P$7:$P$500"),"Fail"),0)) | AH13: =IF($D13="","",IFERROR(COUNTIF(INDIRECT("'"&$D13&"'!$P$7:$P$500"),"Block"),0)) | AI13: =IF($D13="","",IFERROR(COUNTIF(INDIRECT("'"&$D13&"'!$P$7:$P$500"),"N/A"),0)) | AJ13: =IF($D13="","",IFERROR(COUNTIF(INDIRECT("'"&$D13&"'!$U$7:$U$500"),"<>"),0)) | AK13: =IF($D13="","",IFERROR(COUNTIF(INDIRECT("'"&$D13&"'!$U$7:$U$500"),"Pass"),0)) | AL13: =IF($D13="","",IFERROR(COUNTIF(INDIRECT("'"&$D13&"'!$U$7:$U$500"),"Fail"),0)) | AM13: =IF($D13="","",IFERROR(COUNTIF(INDIRECT("'"&$D13&"'!$U$7:$U$500"),"Block"),0)) | AN13: =IF($D13="","",IFERROR(COUNTIF(INDIRECT("'"&$D13&"'!$U$7:$U$500"),"N/A"),0)) | AO13: =IF($D13="","",IFERROR(COUNTIF(INDIRECT("'"&$D13&"'!$Z$7:$Z$500"),"<>"),0)) | AP13: =IF($D13="","",IFERROR(COUNTIF(INDIRECT("'"&$D13&"'!$Z$7:$Z$500"),"Pass"),0)) | AQ13: =IF($D13="","",IFERROR(COUNTIF(INDIRECT("'"&$D13&"'!$Z$7:$Z$500"),"Fail"),0)) | AR13: =IF($D13="","",IFERROR(COUNTIF(INDIRECT("'"&$D13&"'!$Z$7:$Z$500"),"Block"),0)) | AS13: =IF($D13="","",IFERROR(COUNTIF(INDIRECT("'"&$D13&"'!$Z$7:$Z$500"),"N/A"),0)) | AT13: =IF($D13="","",IFERROR(COUNTIF(INDIRECT("'"&$D13&"'!$AE$7:$AE$500"),"<>"),0)) | AU13: =IF($D13="","",IFERROR(COUNTIF(INDIRECT("'"&$D13&"'!$AE$7:$AE$500"),"Pass"),0)) | AV13: =IF($D13="","",IFERROR(COUNTIF(INDIRECT("'"&$D13&"'!$AE$7:$AE$500"),"Fail"),0)) | AW13: =IF($D13="","",IFERROR(COUNTIF(INDIRECT("'"&$D13&"'!$AE$7:$AE$500"),"Block"),0)) | AX13: =IF($D13="","",IFERROR(COUNTIF(INDIRECT("'"&$D13&"'!$AE$7:$AE$500"),"N/A"),0)) | AY13: =IF($D13="","",IFERROR(COUNTIF(INDIRECT("'"&$D13&"'!$AJ$7:$AJ$500"),"<>"),0)) | AZ13: =IF($D13="","",IFERROR(COUNTIF(INDIRECT("'"&$D13&"'!$AJ$7:$AJ$500"),"Pass"),0)) | BA13: =IF($D13="","",IFERROR(COUNTIF(INDIRECT("'"&$D13&"'!$AJ$7:$AJ$500"),"Fail"),0)) | BB13: =IF($D13="","",IFERROR(COUNTIF(INDIRECT("'"&$D13&"'!$AJ$7:$AJ$500"),"Block"),0)) | BC13: =IF($D13="","",IFERROR(COUNTIF(INDIRECT("'"&$D13&"'!$AJ$7:$AJ$500"),"N/A"),0))
B14: =IF($D14="","",ROW()-3) | F14: =IF($D14="","",IFERROR(COUNTIF(INDIRECT("'"&$D14&"'!$C$7:$C$500"),"?*"),0)) | G14: =IF($D14="","",IFERROR(COUNTIF(INDIRECT("'"&$D14&"'!$AO$7:$AO$500"),"Pass"),0)) | H14: =IF($D14="","",IFERROR(COUNTIF(INDIRECT("'"&$D14&"'!$AO$7:$AO$500"),"Fail"),0)) | I14: =IF($D14="","",IFERROR(COUNTIF(INDIRECT("'"&$D14&"'!$AO$7:$AO$500"),"Block"),0)) | J14: =IF($D14="","",IFERROR(COUNTIF(INDIRECT("'"&$D14&"'!$AO$7:$AO$500"),"N/A"),0)) | K14: =IF($D14="","",MAX(0,$F14-$G14-$H14-$I14-$J14)) | L14: =IF($D14="","",$G14+$H14+$I14+$J14) | M14: =IF($D14="","",IFERROR($L14/$F14,0)) | N14: =IF($D14="","",IFERROR($G14/$L14,0)) | O14: =IF($D14="","",IFERROR(COUNTIF(INDIRECT("'"&$D14&"'!$E$7:$E$500"),"High"),0)) | P14: =IF($D14="","",IFERROR(COUNTIF(INDIRECT("'"&$D14&"'!$E$7:$E$500"),"Medium"),0)) | Q14: =IF($D14="","",IFERROR(COUNTIF(INDIRECT("'"&$D14&"'!$E$7:$E$500"),"Low"),0)) | R14: =IF($D14="","",IFERROR(COUNTIF(INDIRECT("'"&$D14&"'!$D$7:$D$500"),"Functional"),0)) | S14: =IF($D14="","",IFERROR(COUNTIF(INDIRECT("'"&$D14&"'!$D$7:$D$500"),"UI"),0)) | T14: =IF($D14="","",IFERROR(COUNTIF(INDIRECT("'"&$D14&"'!$D$7:$D$500"),"Integration"),0)) | U14: =IF($D14="","",IFERROR(COUNTIF(INDIRECT("'"&$D14&"'!$D$7:$D$500"),"Database Test Case"),0)) | V14: =IF($D14="","",IFERROR(COUNTIF(INDIRECT("'"&$D14&"'!$J$7:$J$500"),"AI"),0)) | W14: =IF($D14="","",IFERROR(COUNTIF(INDIRECT("'"&$D14&"'!$J$7:$J$500"),"QC"),0)) | X14: =IF($D14="","",IFERROR(COUNTIF(INDIRECT("'"&$D14&"'!$L$7:$L$500"),"Yes"),0)) | Y14: =IF($D14="","",IFERROR(COUNTIF(INDIRECT("'"&$D14&"'!$AM$7:$AM$500"),"Yes"),0)) | Z14: =IF($D14="","",IFERROR(COUNTIF(INDIRECT("'"&$D14&"'!$AN$7:$AN$500"),"Pass"),0)) | AA14: =IF($D14="","",IFERROR(COUNTIF(INDIRECT("'"&$D14&"'!$K$7:$K$500"),"Reviewed"),0)) | AB14: =IF($D14="","",IFERROR(SUMPRODUCT((INDIRECT("'"&$D14&"'!$E$7:$E$500")="High")*(INDIRECT("'"&$D14&"'!$AO$7:$AO$500")<>"")),0)) | AC14: =IF($D14="","",IFERROR(SUMPRODUCT((INDIRECT("'"&$D14&"'!$E$7:$E$500")="Medium")*(INDIRECT("'"&$D14&"'!$AO$7:$AO$500")<>"")),0)) | AD14: =IF($D14="","",IFERROR(SUMPRODUCT((INDIRECT("'"&$D14&"'!$E$7:$E$500")="Low")*(INDIRECT("'"&$D14&"'!$AO$7:$AO$500")<>"")),0)) | AE14: =IF($D14="","",IFERROR(COUNTIF(INDIRECT("'"&$D14&"'!$P$7:$P$500"),"<>"),0)) | AF14: =IF($D14="","",IFERROR(COUNTIF(INDIRECT("'"&$D14&"'!$P$7:$P$500"),"Pass"),0)) | AG14: =IF($D14="","",IFERROR(COUNTIF(INDIRECT("'"&$D14&"'!$P$7:$P$500"),"Fail"),0)) | AH14: =IF($D14="","",IFERROR(COUNTIF(INDIRECT("'"&$D14&"'!$P$7:$P$500"),"Block"),0)) | AI14: =IF($D14="","",IFERROR(COUNTIF(INDIRECT("'"&$D14&"'!$P$7:$P$500"),"N/A"),0)) | AJ14: =IF($D14="","",IFERROR(COUNTIF(INDIRECT("'"&$D14&"'!$U$7:$U$500"),"<>"),0)) | AK14: =IF($D14="","",IFERROR(COUNTIF(INDIRECT("'"&$D14&"'!$U$7:$U$500"),"Pass"),0)) | AL14: =IF($D14="","",IFERROR(COUNTIF(INDIRECT("'"&$D14&"'!$U$7:$U$500"),"Fail"),0)) | AM14: =IF($D14="","",IFERROR(COUNTIF(INDIRECT("'"&$D14&"'!$U$7:$U$500"),"Block"),0)) | AN14: =IF($D14="","",IFERROR(COUNTIF(INDIRECT("'"&$D14&"'!$U$7:$U$500"),"N/A"),0)) | AO14: =IF($D14="","",IFERROR(COUNTIF(INDIRECT("'"&$D14&"'!$Z$7:$Z$500"),"<>"),0)) | AP14: =IF($D14="","",IFERROR(COUNTIF(INDIRECT("'"&$D14&"'!$Z$7:$Z$500"),"Pass"),0)) | AQ14: =IF($D14="","",IFERROR(COUNTIF(INDIRECT("'"&$D14&"'!$Z$7:$Z$500"),"Fail"),0)) | AR14: =IF($D14="","",IFERROR(COUNTIF(INDIRECT("'"&$D14&"'!$Z$7:$Z$500"),"Block"),0)) | AS14: =IF($D14="","",IFERROR(COUNTIF(INDIRECT("'"&$D14&"'!$Z$7:$Z$500"),"N/A"),0)) | AT14: =IF($D14="","",IFERROR(COUNTIF(INDIRECT("'"&$D14&"'!$AE$7:$AE$500"),"<>"),0)) | AU14: =IF($D14="","",IFERROR(COUNTIF(INDIRECT("'"&$D14&"'!$AE$7:$AE$500"),"Pass"),0)) | AV14: =IF($D14="","",IFERROR(COUNTIF(INDIRECT("'"&$D14&"'!$AE$7:$AE$500"),"Fail"),0)) | AW14: =IF($D14="","",IFERROR(COUNTIF(INDIRECT("'"&$D14&"'!$AE$7:$AE$500"),"Block"),0)) | AX14: =IF($D14="","",IFERROR(COUNTIF(INDIRECT("'"&$D14&"'!$AE$7:$AE$500"),"N/A"),0)) | AY14: =IF($D14="","",IFERROR(COUNTIF(INDIRECT("'"&$D14&"'!$AJ$7:$AJ$500"),"<>"),0)) | AZ14: =IF($D14="","",IFERROR(COUNTIF(INDIRECT("'"&$D14&"'!$AJ$7:$AJ$500"),"Pass"),0)) | BA14: =IF($D14="","",IFERROR(COUNTIF(INDIRECT("'"&$D14&"'!$AJ$7:$AJ$500"),"Fail"),0)) | BB14: =IF($D14="","",IFERROR(COUNTIF(INDIRECT("'"&$D14&"'!$AJ$7:$AJ$500"),"Block"),0)) | BC14: =IF($D14="","",IFERROR(COUNTIF(INDIRECT("'"&$D14&"'!$AJ$7:$AJ$500"),"N/A"),0))
B15: =IF($D15="","",ROW()-3) | F15: =IF($D15="","",IFERROR(COUNTIF(INDIRECT("'"&$D15&"'!$C$7:$C$500"),"?*"),0)) | G15: =IF($D15="","",IFERROR(COUNTIF(INDIRECT("'"&$D15&"'!$AO$7:$AO$500"),"Pass"),0)) | H15: =IF($D15="","",IFERROR(COUNTIF(INDIRECT("'"&$D15&"'!$AO$7:$AO$500"),"Fail"),0)) | I15: =IF($D15="","",IFERROR(COUNTIF(INDIRECT("'"&$D15&"'!$AO$7:$AO$500"),"Block"),0)) | J15: =IF($D15="","",IFERROR(COUNTIF(INDIRECT("'"&$D15&"'!$AO$7:$AO$500"),"N/A"),0)) | K15: =IF($D15="","",MAX(0,$F15-$G15-$H15-$I15-$J15)) | L15: =IF($D15="","",$G15+$H15+$I15+$J15) | M15: =IF($D15="","",IFERROR($L15/$F15,0)) | N15: =IF($D15="","",IFERROR($G15/$L15,0)) | O15: =IF($D15="","",IFERROR(COUNTIF(INDIRECT("'"&$D15&"'!$E$7:$E$500"),"High"),0)) | P15: =IF($D15="","",IFERROR(COUNTIF(INDIRECT("'"&$D15&"'!$E$7:$E$500"),"Medium"),0)) | Q15: =IF($D15="","",IFERROR(COUNTIF(INDIRECT("'"&$D15&"'!$E$7:$E$500"),"Low"),0)) | R15: =IF($D15="","",IFERROR(COUNTIF(INDIRECT("'"&$D15&"'!$D$7:$D$500"),"Functional"),0)) | S15: =IF($D15="","",IFERROR(COUNTIF(INDIRECT("'"&$D15&"'!$D$7:$D$500"),"UI"),0)) | T15: =IF($D15="","",IFERROR(COUNTIF(INDIRECT("'"&$D15&"'!$D$7:$D$500"),"Integration"),0)) | U15: =IF($D15="","",IFERROR(COUNTIF(INDIRECT("'"&$D15&"'!$D$7:$D$500"),"Database Test Case"),0)) | V15: =IF($D15="","",IFERROR(COUNTIF(INDIRECT("'"&$D15&"'!$J$7:$J$500"),"AI"),0)) | W15: =IF($D15="","",IFERROR(COUNTIF(INDIRECT("'"&$D15&"'!$J$7:$J$500"),"QC"),0)) | X15: =IF($D15="","",IFERROR(COUNTIF(INDIRECT("'"&$D15&"'!$L$7:$L$500"),"Yes"),0)) | Y15: =IF($D15="","",IFERROR(COUNTIF(INDIRECT("'"&$D15&"'!$AM$7:$AM$500"),"Yes"),0)) | Z15: =IF($D15="","",IFERROR(COUNTIF(INDIRECT("'"&$D15&"'!$AN$7:$AN$500"),"Pass"),0)) | AA15: =IF($D15="","",IFERROR(COUNTIF(INDIRECT("'"&$D15&"'!$K$7:$K$500"),"Reviewed"),0)) | AB15: =IF($D15="","",IFERROR(SUMPRODUCT((INDIRECT("'"&$D15&"'!$E$7:$E$500")="High")*(INDIRECT("'"&$D15&"'!$AO$7:$AO$500")<>"")),0)) | AC15: =IF($D15="","",IFERROR(SUMPRODUCT((INDIRECT("'"&$D15&"'!$E$7:$E$500")="Medium")*(INDIRECT("'"&$D15&"'!$AO$7:$AO$500")<>"")),0)) | AD15: =IF($D15="","",IFERROR(SUMPRODUCT((INDIRECT("'"&$D15&"'!$E$7:$E$500")="Low")*(INDIRECT("'"&$D15&"'!$AO$7:$AO$500")<>"")),0)) | AE15: =IF($D15="","",IFERROR(COUNTIF(INDIRECT("'"&$D15&"'!$P$7:$P$500"),"<>"),0)) | AF15: =IF($D15="","",IFERROR(COUNTIF(INDIRECT("'"&$D15&"'!$P$7:$P$500"),"Pass"),0)) | AG15: =IF($D15="","",IFERROR(COUNTIF(INDIRECT("'"&$D15&"'!$P$7:$P$500"),"Fail"),0)) | AH15: =IF($D15="","",IFERROR(COUNTIF(INDIRECT("'"&$D15&"'!$P$7:$P$500"),"Block"),0)) | AI15: =IF($D15="","",IFERROR(COUNTIF(INDIRECT("'"&$D15&"'!$P$7:$P$500"),"N/A"),0)) | AJ15: =IF($D15="","",IFERROR(COUNTIF(INDIRECT("'"&$D15&"'!$U$7:$U$500"),"<>"),0)) | AK15: =IF($D15="","",IFERROR(COUNTIF(INDIRECT("'"&$D15&"'!$U$7:$U$500"),"Pass"),0)) | AL15: =IF($D15="","",IFERROR(COUNTIF(INDIRECT("'"&$D15&"'!$U$7:$U$500"),"Fail"),0)) | AM15: =IF($D15="","",IFERROR(COUNTIF(INDIRECT("'"&$D15&"'!$U$7:$U$500"),"Block"),0)) | AN15: =IF($D15="","",IFERROR(COUNTIF(INDIRECT("'"&$D15&"'!$U$7:$U$500"),"N/A"),0)) | AO15: =IF($D15="","",IFERROR(COUNTIF(INDIRECT("'"&$D15&"'!$Z$7:$Z$500"),"<>"),0)) | AP15: =IF($D15="","",IFERROR(COUNTIF(INDIRECT("'"&$D15&"'!$Z$7:$Z$500"),"Pass"),0)) | AQ15: =IF($D15="","",IFERROR(COUNTIF(INDIRECT("'"&$D15&"'!$Z$7:$Z$500"),"Fail"),0)) | AR15: =IF($D15="","",IFERROR(COUNTIF(INDIRECT("'"&$D15&"'!$Z$7:$Z$500"),"Block"),0)) | AS15: =IF($D15="","",IFERROR(COUNTIF(INDIRECT("'"&$D15&"'!$Z$7:$Z$500"),"N/A"),0)) | AT15: =IF($D15="","",IFERROR(COUNTIF(INDIRECT("'"&$D15&"'!$AE$7:$AE$500"),"<>"),0)) | AU15: =IF($D15="","",IFERROR(COUNTIF(INDIRECT("'"&$D15&"'!$AE$7:$AE$500"),"Pass"),0)) | AV15: =IF($D15="","",IFERROR(COUNTIF(INDIRECT("'"&$D15&"'!$AE$7:$AE$500"),"Fail"),0)) | AW15: =IF($D15="","",IFERROR(COUNTIF(INDIRECT("'"&$D15&"'!$AE$7:$AE$500"),"Block"),0)) | AX15: =IF($D15="","",IFERROR(COUNTIF(INDIRECT("'"&$D15&"'!$AE$7:$AE$500"),"N/A"),0)) | AY15: =IF($D15="","",IFERROR(COUNTIF(INDIRECT("'"&$D15&"'!$AJ$7:$AJ$500"),"<>"),0)) | AZ15: =IF($D15="","",IFERROR(COUNTIF(INDIRECT("'"&$D15&"'!$AJ$7:$AJ$500"),"Pass"),0)) | BA15: =IF($D15="","",IFERROR(COUNTIF(INDIRECT("'"&$D15&"'!$AJ$7:$AJ$500"),"Fail"),0)) | BB15: =IF($D15="","",IFERROR(COUNTIF(INDIRECT("'"&$D15&"'!$AJ$7:$AJ$500"),"Block"),0)) | BC15: =IF($D15="","",IFERROR(COUNTIF(INDIRECT("'"&$D15&"'!$AJ$7:$AJ$500"),"N/A"),0))
B16: =IF($D16="","",ROW()-3) | F16: =IF($D16="","",IFERROR(COUNTIF(INDIRECT("'"&$D16&"'!$C$7:$C$500"),"?*"),0)) | G16: =IF($D16="","",IFERROR(COUNTIF(INDIRECT("'"&$D16&"'!$AO$7:$AO$500"),"Pass"),0)) | H16: =IF($D16="","",IFERROR(COUNTIF(INDIRECT("'"&$D16&"'!$AO$7:$AO$500"),"Fail"),0)) | I16: =IF($D16="","",IFERROR(COUNTIF(INDIRECT("'"&$D16&"'!$AO$7:$AO$500"),"Block"),0)) | J16: =IF($D16="","",IFERROR(COUNTIF(INDIRECT("'"&$D16&"'!$AO$7:$AO$500"),"N/A"),0)) | K16: =IF($D16="","",MAX(0,$F16-$G16-$H16-$I16-$J16)) | L16: =IF($D16="","",$G16+$H16+$I16+$J16) | M16: =IF($D16="","",IFERROR($L16/$F16,0)) | N16: =IF($D16="","",IFERROR($G16/$L16,0)) | O16: =IF($D16="","",IFERROR(COUNTIF(INDIRECT("'"&$D16&"'!$E$7:$E$500"),"High"),0)) | P16: =IF($D16="","",IFERROR(COUNTIF(INDIRECT("'"&$D16&"'!$E$7:$E$500"),"Medium"),0)) | Q16: =IF($D16="","",IFERROR(COUNTIF(INDIRECT("'"&$D16&"'!$E$7:$E$500"),"Low"),0)) | R16: =IF($D16="","",IFERROR(COUNTIF(INDIRECT("'"&$D16&"'!$D$7:$D$500"),"Functional"),0)) | S16: =IF($D16="","",IFERROR(COUNTIF(INDIRECT("'"&$D16&"'!$D$7:$D$500"),"UI"),0)) | T16: =IF($D16="","",IFERROR(COUNTIF(INDIRECT("'"&$D16&"'!$D$7:$D$500"),"Integration"),0)) | U16: =IF($D16="","",IFERROR(COUNTIF(INDIRECT("'"&$D16&"'!$D$7:$D$500"),"Database Test Case"),0)) | V16: =IF($D16="","",IFERROR(COUNTIF(INDIRECT("'"&$D16&"'!$J$7:$J$500"),"AI"),0)) | W16: =IF($D16="","",IFERROR(COUNTIF(INDIRECT("'"&$D16&"'!$J$7:$J$500"),"QC"),0)) | X16: =IF($D16="","",IFERROR(COUNTIF(INDIRECT("'"&$D16&"'!$L$7:$L$500"),"Yes"),0)) | Y16: =IF($D16="","",IFERROR(COUNTIF(INDIRECT("'"&$D16&"'!$AM$7:$AM$500"),"Yes"),0)) | Z16: =IF($D16="","",IFERROR(COUNTIF(INDIRECT("'"&$D16&"'!$AN$7:$AN$500"),"Pass"),0)) | AA16: =IF($D16="","",IFERROR(COUNTIF(INDIRECT("'"&$D16&"'!$K$7:$K$500"),"Reviewed"),0)) | AB16: =IF($D16="","",IFERROR(SUMPRODUCT((INDIRECT("'"&$D16&"'!$E$7:$E$500")="High")*(INDIRECT("'"&$D16&"'!$AO$7:$AO$500")<>"")),0)) | AC16: =IF($D16="","",IFERROR(SUMPRODUCT((INDIRECT("'"&$D16&"'!$E$7:$E$500")="Medium")*(INDIRECT("'"&$D16&"'!$AO$7:$AO$500")<>"")),0)) | AD16: =IF($D16="","",IFERROR(SUMPRODUCT((INDIRECT("'"&$D16&"'!$E$7:$E$500")="Low")*(INDIRECT("'"&$D16&"'!$AO$7:$AO$500")<>"")),0)) | AE16: =IF($D16="","",IFERROR(COUNTIF(INDIRECT("'"&$D16&"'!$P$7:$P$500"),"<>"),0)) | AF16: =IF($D16="","",IFERROR(COUNTIF(INDIRECT("'"&$D16&"'!$P$7:$P$500"),"Pass"),0)) | AG16: =IF($D16="","",IFERROR(COUNTIF(INDIRECT("'"&$D16&"'!$P$7:$P$500"),"Fail"),0)) | AH16: =IF($D16="","",IFERROR(COUNTIF(INDIRECT("'"&$D16&"'!$P$7:$P$500"),"Block"),0)) | AI16: =IF($D16="","",IFERROR(COUNTIF(INDIRECT("'"&$D16&"'!$P$7:$P$500"),"N/A"),0)) | AJ16: =IF($D16="","",IFERROR(COUNTIF(INDIRECT("'"&$D16&"'!$U$7:$U$500"),"<>"),0)) | AK16: =IF($D16="","",IFERROR(COUNTIF(INDIRECT("'"&$D16&"'!$U$7:$U$500"),"Pass"),0)) | AL16: =IF($D16="","",IFERROR(COUNTIF(INDIRECT("'"&$D16&"'!$U$7:$U$500"),"Fail"),0)) | AM16: =IF($D16="","",IFERROR(COUNTIF(INDIRECT("'"&$D16&"'!$U$7:$U$500"),"Block"),0)) | AN16: =IF($D16="","",IFERROR(COUNTIF(INDIRECT("'"&$D16&"'!$U$7:$U$500"),"N/A"),0)) | AO16: =IF($D16="","",IFERROR(COUNTIF(INDIRECT("'"&$D16&"'!$Z$7:$Z$500"),"<>"),0)) | AP16: =IF($D16="","",IFERROR(COUNTIF(INDIRECT("'"&$D16&"'!$Z$7:$Z$500"),"Pass"),0)) | AQ16: =IF($D16="","",IFERROR(COUNTIF(INDIRECT("'"&$D16&"'!$Z$7:$Z$500"),"Fail"),0)) | AR16: =IF($D16="","",IFERROR(COUNTIF(INDIRECT("'"&$D16&"'!$Z$7:$Z$500"),"Block"),0)) | AS16: =IF($D16="","",IFERROR(COUNTIF(INDIRECT("'"&$D16&"'!$Z$7:$Z$500"),"N/A"),0)) | AT16: =IF($D16="","",IFERROR(COUNTIF(INDIRECT("'"&$D16&"'!$AE$7:$AE$500"),"<>"),0)) | AU16: =IF($D16="","",IFERROR(COUNTIF(INDIRECT("'"&$D16&"'!$AE$7:$AE$500"),"Pass"),0)) | AV16: =IF($D16="","",IFERROR(COUNTIF(INDIRECT("'"&$D16&"'!$AE$7:$AE$500"),"Fail"),0)) | AW16: =IF($D16="","",IFERROR(COUNTIF(INDIRECT("'"&$D16&"'!$AE$7:$AE$500"),"Block"),0)) | AX16: =IF($D16="","",IFERROR(COUNTIF(INDIRECT("'"&$D16&"'!$AE$7:$AE$500"),"N/A"),0)) | AY16: =IF($D16="","",IFERROR(COUNTIF(INDIRECT("'"&$D16&"'!$AJ$7:$AJ$500"),"<>"),0)) | AZ16: =IF($D16="","",IFERROR(COUNTIF(INDIRECT("'"&$D16&"'!$AJ$7:$AJ$500"),"Pass"),0)) | BA16: =IF($D16="","",IFERROR(COUNTIF(INDIRECT("'"&$D16&"'!$AJ$7:$AJ$500"),"Fail"),0)) | BB16: =IF($D16="","",IFERROR(COUNTIF(INDIRECT("'"&$D16&"'!$AJ$7:$AJ$500"),"Block"),0)) | BC16: =IF($D16="","",IFERROR(COUNTIF(INDIRECT("'"&$D16&"'!$AJ$7:$AJ$500"),"N/A"),0))
B17: =IF($D17="","",ROW()-3) | F17: =IF($D17="","",IFERROR(COUNTIF(INDIRECT("'"&$D17&"'!$C$7:$C$500"),"?*"),0)) | G17: =IF($D17="","",IFERROR(COUNTIF(INDIRECT("'"&$D17&"'!$AO$7:$AO$500"),"Pass"),0)) | H17: =IF($D17="","",IFERROR(COUNTIF(INDIRECT("'"&$D17&"'!$AO$7:$AO$500"),"Fail"),0)) | I17: =IF($D17="","",IFERROR(COUNTIF(INDIRECT("'"&$D17&"'!$AO$7:$AO$500"),"Block"),0)) | J17: =IF($D17="","",IFERROR(COUNTIF(INDIRECT("'"&$D17&"'!$AO$7:$AO$500"),"N/A"),0)) | K17: =IF($D17="","",MAX(0,$F17-$G17-$H17-$I17-$J17)) | L17: =IF($D17="","",$G17+$H17+$I17+$J17) | M17: =IF($D17="","",IFERROR($L17/$F17,0)) | N17: =IF($D17="","",IFERROR($G17/$L17,0)) | O17: =IF($D17="","",IFERROR(COUNTIF(INDIRECT("'"&$D17&"'!$E$7:$E$500"),"High"),0)) | P17: =IF($D17="","",IFERROR(COUNTIF(INDIRECT("'"&$D17&"'!$E$7:$E$500"),"Medium"),0)) | Q17: =IF($D17="","",IFERROR(COUNTIF(INDIRECT("'"&$D17&"'!$E$7:$E$500"),"Low"),0)) | R17: =IF($D17="","",IFERROR(COUNTIF(INDIRECT("'"&$D17&"'!$D$7:$D$500"),"Functional"),0)) | S17: =IF($D17="","",IFERROR(COUNTIF(INDIRECT("'"&$D17&"'!$D$7:$D$500"),"UI"),0)) | T17: =IF($D17="","",IFERROR(COUNTIF(INDIRECT("'"&$D17&"'!$D$7:$D$500"),"Integration"),0)) | U17: =IF($D17="","",IFERROR(COUNTIF(INDIRECT("'"&$D17&"'!$D$7:$D$500"),"Database Test Case"),0)) | V17: =IF($D17="","",IFERROR(COUNTIF(INDIRECT("'"&$D17&"'!$J$7:$J$500"),"AI"),0)) | W17: =IF($D17="","",IFERROR(COUNTIF(INDIRECT("'"&$D17&"'!$J$7:$J$500"),"QC"),0)) | X17: =IF($D17="","",IFERROR(COUNTIF(INDIRECT("'"&$D17&"'!$L$7:$L$500"),"Yes"),0)) | Y17: =IF($D17="","",IFERROR(COUNTIF(INDIRECT("'"&$D17&"'!$AM$7:$AM$500"),"Yes"),0)) | Z17: =IF($D17="","",IFERROR(COUNTIF(INDIRECT("'"&$D17&"'!$AN$7:$AN$500"),"Pass"),0)) | AA17: =IF($D17="","",IFERROR(COUNTIF(INDIRECT("'"&$D17&"'!$K$7:$K$500"),"Reviewed"),0)) | AB17: =IF($D17="","",IFERROR(SUMPRODUCT((INDIRECT("'"&$D17&"'!$E$7:$E$500")="High")*(INDIRECT("'"&$D17&"'!$AO$7:$AO$500")<>"")),0)) | AC17: =IF($D17="","",IFERROR(SUMPRODUCT((INDIRECT("'"&$D17&"'!$E$7:$E$500")="Medium")*(INDIRECT("'"&$D17&"'!$AO$7:$AO$500")<>"")),0)) | AD17: =IF($D17="","",IFERROR(SUMPRODUCT((INDIRECT("'"&$D17&"'!$E$7:$E$500")="Low")*(INDIRECT("'"&$D17&"'!$AO$7:$AO$500")<>"")),0)) | AE17: =IF($D17="","",IFERROR(COUNTIF(INDIRECT("'"&$D17&"'!$P$7:$P$500"),"<>"),0)) | AF17: =IF($D17="","",IFERROR(COUNTIF(INDIRECT("'"&$D17&"'!$P$7:$P$500"),"Pass"),0)) | AG17: =IF($D17="","",IFERROR(COUNTIF(INDIRECT("'"&$D17&"'!$P$7:$P$500"),"Fail"),0)) | AH17: =IF($D17="","",IFERROR(COUNTIF(INDIRECT("'"&$D17&"'!$P$7:$P$500"),"Block"),0)) | AI17: =IF($D17="","",IFERROR(COUNTIF(INDIRECT("'"&$D17&"'!$P$7:$P$500"),"N/A"),0)) | AJ17: =IF($D17="","",IFERROR(COUNTIF(INDIRECT("'"&$D17&"'!$U$7:$U$500"),"<>"),0)) | AK17: =IF($D17="","",IFERROR(COUNTIF(INDIRECT("'"&$D17&"'!$U$7:$U$500"),"Pass"),0)) | AL17: =IF($D17="","",IFERROR(COUNTIF(INDIRECT("'"&$D17&"'!$U$7:$U$500"),"Fail"),0)) | AM17: =IF($D17="","",IFERROR(COUNTIF(INDIRECT("'"&$D17&"'!$U$7:$U$500"),"Block"),0)) | AN17: =IF($D17="","",IFERROR(COUNTIF(INDIRECT("'"&$D17&"'!$U$7:$U$500"),"N/A"),0)) | AO17: =IF($D17="","",IFERROR(COUNTIF(INDIRECT("'"&$D17&"'!$Z$7:$Z$500"),"<>"),0)) | AP17: =IF($D17="","",IFERROR(COUNTIF(INDIRECT("'"&$D17&"'!$Z$7:$Z$500"),"Pass"),0)) | AQ17: =IF($D17="","",IFERROR(COUNTIF(INDIRECT("'"&$D17&"'!$Z$7:$Z$500"),"Fail"),0)) | AR17: =IF($D17="","",IFERROR(COUNTIF(INDIRECT("'"&$D17&"'!$Z$7:$Z$500"),"Block"),0)) | AS17: =IF($D17="","",IFERROR(COUNTIF(INDIRECT("'"&$D17&"'!$Z$7:$Z$500"),"N/A"),0)) | AT17: =IF($D17="","",IFERROR(COUNTIF(INDIRECT("'"&$D17&"'!$AE$7:$AE$500"),"<>"),0)) | AU17: =IF($D17="","",IFERROR(COUNTIF(INDIRECT("'"&$D17&"'!$AE$7:$AE$500"),"Pass"),0)) | AV17: =IF($D17="","",IFERROR(COUNTIF(INDIRECT("'"&$D17&"'!$AE$7:$AE$500"),"Fail"),0)) | AW17: =IF($D17="","",IFERROR(COUNTIF(INDIRECT("'"&$D17&"'!$AE$7:$AE$500"),"Block"),0)) | AX17: =IF($D17="","",IFERROR(COUNTIF(INDIRECT("'"&$D17&"'!$AE$7:$AE$500"),"N/A"),0)) | AY17: =IF($D17="","",IFERROR(COUNTIF(INDIRECT("'"&$D17&"'!$AJ$7:$AJ$500"),"<>"),0)) | AZ17: =IF($D17="","",IFERROR(COUNTIF(INDIRECT("'"&$D17&"'!$AJ$7:$AJ$500"),"Pass"),0)) | BA17: =IF($D17="","",IFERROR(COUNTIF(INDIRECT("'"&$D17&"'!$AJ$7:$AJ$500"),"Fail"),0)) | BB17: =IF($D17="","",IFERROR(COUNTIF(INDIRECT("'"&$D17&"'!$AJ$7:$AJ$500"),"Block"),0)) | BC17: =IF($D17="","",IFERROR(COUNTIF(INDIRECT("'"&$D17&"'!$AJ$7:$AJ$500"),"N/A"),0))
B18: =IF($D18="","",ROW()-3) | F18: =IF($D18="","",IFERROR(COUNTIF(INDIRECT("'"&$D18&"'!$C$7:$C$500"),"?*"),0)) | G18: =IF($D18="","",IFERROR(COUNTIF(INDIRECT("'"&$D18&"'!$AO$7:$AO$500"),"Pass"),0)) | H18: =IF($D18="","",IFERROR(COUNTIF(INDIRECT("'"&$D18&"'!$AO$7:$AO$500"),"Fail"),0)) | I18: =IF($D18="","",IFERROR(COUNTIF(INDIRECT("'"&$D18&"'!$AO$7:$AO$500"),"Block"),0)) | J18: =IF($D18="","",IFERROR(COUNTIF(INDIRECT("'"&$D18&"'!$AO$7:$AO$500"),"N/A"),0)) | K18: =IF($D18="","",MAX(0,$F18-$G18-$H18-$I18-$J18)) | L18: =IF($D18="","",$G18+$H18+$I18+$J18) | M18: =IF($D18="","",IFERROR($L18/$F18,0)) | N18: =IF($D18="","",IFERROR($G18/$L18,0)) | O18: =IF($D18="","",IFERROR(COUNTIF(INDIRECT("'"&$D18&"'!$E$7:$E$500"),"High"),0)) | P18: =IF($D18="","",IFERROR(COUNTIF(INDIRECT("'"&$D18&"'!$E$7:$E$500"),"Medium"),0)) | Q18: =IF($D18="","",IFERROR(COUNTIF(INDIRECT("'"&$D18&"'!$E$7:$E$500"),"Low"),0)) | R18: =IF($D18="","",IFERROR(COUNTIF(INDIRECT("'"&$D18&"'!$D$7:$D$500"),"Functional"),0)) | S18: =IF($D18="","",IFERROR(COUNTIF(INDIRECT("'"&$D18&"'!$D$7:$D$500"),"UI"),0)) | T18: =IF($D18="","",IFERROR(COUNTIF(INDIRECT("'"&$D18&"'!$D$7:$D$500"),"Integration"),0)) | U18: =IF($D18="","",IFERROR(COUNTIF(INDIRECT("'"&$D18&"'!$D$7:$D$500"),"Database Test Case"),0)) | V18: =IF($D18="","",IFERROR(COUNTIF(INDIRECT("'"&$D18&"'!$J$7:$J$500"),"AI"),0)) | W18: =IF($D18="","",IFERROR(COUNTIF(INDIRECT("'"&$D18&"'!$J$7:$J$500"),"QC"),0)) | X18: =IF($D18="","",IFERROR(COUNTIF(INDIRECT("'"&$D18&"'!$L$7:$L$500"),"Yes"),0)) | Y18: =IF($D18="","",IFERROR(COUNTIF(INDIRECT("'"&$D18&"'!$AM$7:$AM$500"),"Yes"),0)) | Z18: =IF($D18="","",IFERROR(COUNTIF(INDIRECT("'"&$D18&"'!$AN$7:$AN$500"),"Pass"),0)) | AA18: =IF($D18="","",IFERROR(COUNTIF(INDIRECT("'"&$D18&"'!$K$7:$K$500"),"Reviewed"),0)) | AB18: =IF($D18="","",IFERROR(SUMPRODUCT((INDIRECT("'"&$D18&"'!$E$7:$E$500")="High")*(INDIRECT("'"&$D18&"'!$AO$7:$AO$500")<>"")),0)) | AC18: =IF($D18="","",IFERROR(SUMPRODUCT((INDIRECT("'"&$D18&"'!$E$7:$E$500")="Medium")*(INDIRECT("'"&$D18&"'!$AO$7:$AO$500")<>"")),0)) | AD18: =IF($D18="","",IFERROR(SUMPRODUCT((INDIRECT("'"&$D18&"'!$E$7:$E$500")="Low")*(INDIRECT("'"&$D18&"'!$AO$7:$AO$500")<>"")),0)) | AE18: =IF($D18="","",IFERROR(COUNTIF(INDIRECT("'"&$D18&"'!$P$7:$P$500"),"<>"),0)) | AF18: =IF($D18="","",IFERROR(COUNTIF(INDIRECT("'"&$D18&"'!$P$7:$P$500"),"Pass"),0)) | AG18: =IF($D18="","",IFERROR(COUNTIF(INDIRECT("'"&$D18&"'!$P$7:$P$500"),"Fail"),0)) | AH18: =IF($D18="","",IFERROR(COUNTIF(INDIRECT("'"&$D18&"'!$P$7:$P$500"),"Block"),0)) | AI18: =IF($D18="","",IFERROR(COUNTIF(INDIRECT("'"&$D18&"'!$P$7:$P$500"),"N/A"),0)) | AJ18: =IF($D18="","",IFERROR(COUNTIF(INDIRECT("'"&$D18&"'!$U$7:$U$500"),"<>"),0)) | AK18: =IF($D18="","",IFERROR(COUNTIF(INDIRECT("'"&$D18&"'!$U$7:$U$500"),"Pass"),0)) | AL18: =IF($D18="","",IFERROR(COUNTIF(INDIRECT("'"&$D18&"'!$U$7:$U$500"),"Fail"),0)) | AM18: =IF($D18="","",IFERROR(COUNTIF(INDIRECT("'"&$D18&"'!$U$7:$U$500"),"Block"),0)) | AN18: =IF($D18="","",IFERROR(COUNTIF(INDIRECT("'"&$D18&"'!$U$7:$U$500"),"N/A"),0)) | AO18: =IF($D18="","",IFERROR(COUNTIF(INDIRECT("'"&$D18&"'!$Z$7:$Z$500"),"<>"),0)) | AP18: =IF($D18="","",IFERROR(COUNTIF(INDIRECT("'"&$D18&"'!$Z$7:$Z$500"),"Pass"),0)) | AQ18: =IF($D18="","",IFERROR(COUNTIF(INDIRECT("'"&$D18&"'!$Z$7:$Z$500"),"Fail"),0)) | AR18: =IF($D18="","",IFERROR(COUNTIF(INDIRECT("'"&$D18&"'!$Z$7:$Z$500"),"Block"),0)) | AS18: =IF($D18="","",IFERROR(COUNTIF(INDIRECT("'"&$D18&"'!$Z$7:$Z$500"),"N/A"),0)) | AT18: =IF($D18="","",IFERROR(COUNTIF(INDIRECT("'"&$D18&"'!$AE$7:$AE$500"),"<>"),0)) | AU18: =IF($D18="","",IFERROR(COUNTIF(INDIRECT("'"&$D18&"'!$AE$7:$AE$500"),"Pass"),0)) | AV18: =IF($D18="","",IFERROR(COUNTIF(INDIRECT("'"&$D18&"'!$AE$7:$AE$500"),"Fail"),0)) | AW18: =IF($D18="","",IFERROR(COUNTIF(INDIRECT("'"&$D18&"'!$AE$7:$AE$500"),"Block"),0)) | AX18: =IF($D18="","",IFERROR(COUNTIF(INDIRECT("'"&$D18&"'!$AE$7:$AE$500"),"N/A"),0)) | AY18: =IF($D18="","",IFERROR(COUNTIF(INDIRECT("'"&$D18&"'!$AJ$7:$AJ$500"),"<>"),0)) | AZ18: =IF($D18="","",IFERROR(COUNTIF(INDIRECT("'"&$D18&"'!$AJ$7:$AJ$500"),"Pass"),0)) | BA18: =IF($D18="","",IFERROR(COUNTIF(INDIRECT("'"&$D18&"'!$AJ$7:$AJ$500"),"Fail"),0)) | BB18: =IF($D18="","",IFERROR(COUNTIF(INDIRECT("'"&$D18&"'!$AJ$7:$AJ$500"),"Block"),0)) | BC18: =IF($D18="","",IFERROR(COUNTIF(INDIRECT("'"&$D18&"'!$AJ$7:$AJ$500"),"N/A"),0))
B19: =IF($D19="","",ROW()-3) | F19: =IF($D19="","",IFERROR(COUNTIF(INDIRECT("'"&$D19&"'!$C$7:$C$500"),"?*"),0)) | G19: =IF($D19="","",IFERROR(COUNTIF(INDIRECT("'"&$D19&"'!$AO$7:$AO$500"),"Pass"),0)) | H19: =IF($D19="","",IFERROR(COUNTIF(INDIRECT("'"&$D19&"'!$AO$7:$AO$500"),"Fail"),0)) | I19: =IF($D19="","",IFERROR(COUNTIF(INDIRECT("'"&$D19&"'!$AO$7:$AO$500"),"Block"),0)) | J19: =IF($D19="","",IFERROR(COUNTIF(INDIRECT("'"&$D19&"'!$AO$7:$AO$500"),"N/A"),0)) | K19: =IF($D19="","",MAX(0,$F19-$G19-$H19-$I19-$J19)) | L19: =IF($D19="","",$G19+$H19+$I19+$J19) | M19: =IF($D19="","",IFERROR($L19/$F19,0)) | N19: =IF($D19="","",IFERROR($G19/$L19,0)) | O19: =IF($D19="","",IFERROR(COUNTIF(INDIRECT("'"&$D19&"'!$E$7:$E$500"),"High"),0)) | P19: =IF($D19="","",IFERROR(COUNTIF(INDIRECT("'"&$D19&"'!$E$7:$E$500"),"Medium"),0)) | Q19: =IF($D19="","",IFERROR(COUNTIF(INDIRECT("'"&$D19&"'!$E$7:$E$500"),"Low"),0)) | R19: =IF($D19="","",IFERROR(COUNTIF(INDIRECT("'"&$D19&"'!$D$7:$D$500"),"Functional"),0)) | S19: =IF($D19="","",IFERROR(COUNTIF(INDIRECT("'"&$D19&"'!$D$7:$D$500"),"UI"),0)) | T19: =IF($D19="","",IFERROR(COUNTIF(INDIRECT("'"&$D19&"'!$D$7:$D$500"),"Integration"),0)) | U19: =IF($D19="","",IFERROR(COUNTIF(INDIRECT("'"&$D19&"'!$D$7:$D$500"),"Database Test Case"),0)) | V19: =IF($D19="","",IFERROR(COUNTIF(INDIRECT("'"&$D19&"'!$J$7:$J$500"),"AI"),0)) | W19: =IF($D19="","",IFERROR(COUNTIF(INDIRECT("'"&$D19&"'!$J$7:$J$500"),"QC"),0)) | X19: =IF($D19="","",IFERROR(COUNTIF(INDIRECT("'"&$D19&"'!$L$7:$L$500"),"Yes"),0)) | Y19: =IF($D19="","",IFERROR(COUNTIF(INDIRECT("'"&$D19&"'!$AM$7:$AM$500"),"Yes"),0)) | Z19: =IF($D19="","",IFERROR(COUNTIF(INDIRECT("'"&$D19&"'!$AN$7:$AN$500"),"Pass"),0)) | AA19: =IF($D19="","",IFERROR(COUNTIF(INDIRECT("'"&$D19&"'!$K$7:$K$500"),"Reviewed"),0)) | AB19: =IF($D19="","",IFERROR(SUMPRODUCT((INDIRECT("'"&$D19&"'!$E$7:$E$500")="High")*(INDIRECT("'"&$D19&"'!$AO$7:$AO$500")<>"")),0)) | AC19: =IF($D19="","",IFERROR(SUMPRODUCT((INDIRECT("'"&$D19&"'!$E$7:$E$500")="Medium")*(INDIRECT("'"&$D19&"'!$AO$7:$AO$500")<>"")),0)) | AD19: =IF($D19="","",IFERROR(SUMPRODUCT((INDIRECT("'"&$D19&"'!$E$7:$E$500")="Low")*(INDIRECT("'"&$D19&"'!$AO$7:$AO$500")<>"")),0)) | AE19: =IF($D19="","",IFERROR(COUNTIF(INDIRECT("'"&$D19&"'!$P$7:$P$500"),"<>"),0)) | AF19: =IF($D19="","",IFERROR(COUNTIF(INDIRECT("'"&$D19&"'!$P$7:$P$500"),"Pass"),0)) | AG19: =IF($D19="","",IFERROR(COUNTIF(INDIRECT("'"&$D19&"'!$P$7:$P$500"),"Fail"),0)) | AH19: =IF($D19="","",IFERROR(COUNTIF(INDIRECT("'"&$D19&"'!$P$7:$P$500"),"Block"),0)) | AI19: =IF($D19="","",IFERROR(COUNTIF(INDIRECT("'"&$D19&"'!$P$7:$P$500"),"N/A"),0)) | AJ19: =IF($D19="","",IFERROR(COUNTIF(INDIRECT("'"&$D19&"'!$U$7:$U$500"),"<>"),0)) | AK19: =IF($D19="","",IFERROR(COUNTIF(INDIRECT("'"&$D19&"'!$U$7:$U$500"),"Pass"),0)) | AL19: =IF($D19="","",IFERROR(COUNTIF(INDIRECT("'"&$D19&"'!$U$7:$U$500"),"Fail"),0)) | AM19: =IF($D19="","",IFERROR(COUNTIF(INDIRECT("'"&$D19&"'!$U$7:$U$500"),"Block"),0)) | AN19: =IF($D19="","",IFERROR(COUNTIF(INDIRECT("'"&$D19&"'!$U$7:$U$500"),"N/A"),0)) | AO19: =IF($D19="","",IFERROR(COUNTIF(INDIRECT("'"&$D19&"'!$Z$7:$Z$500"),"<>"),0)) | AP19: =IF($D19="","",IFERROR(COUNTIF(INDIRECT("'"&$D19&"'!$Z$7:$Z$500"),"Pass"),0)) | AQ19: =IF($D19="","",IFERROR(COUNTIF(INDIRECT("'"&$D19&"'!$Z$7:$Z$500"),"Fail"),0)) | AR19: =IF($D19="","",IFERROR(COUNTIF(INDIRECT("'"&$D19&"'!$Z$7:$Z$500"),"Block"),0)) | AS19: =IF($D19="","",IFERROR(COUNTIF(INDIRECT("'"&$D19&"'!$Z$7:$Z$500"),"N/A"),0)) | AT19: =IF($D19="","",IFERROR(COUNTIF(INDIRECT("'"&$D19&"'!$AE$7:$AE$500"),"<>"),0)) | AU19: =IF($D19="","",IFERROR(COUNTIF(INDIRECT("'"&$D19&"'!$AE$7:$AE$500"),"Pass"),0)) | AV19: =IF($D19="","",IFERROR(COUNTIF(INDIRECT("'"&$D19&"'!$AE$7:$AE$500"),"Fail"),0)) | AW19: =IF($D19="","",IFERROR(COUNTIF(INDIRECT("'"&$D19&"'!$AE$7:$AE$500"),"Block"),0)) | AX19: =IF($D19="","",IFERROR(COUNTIF(INDIRECT("'"&$D19&"'!$AE$7:$AE$500"),"N/A"),0)) | AY19: =IF($D19="","",IFERROR(COUNTIF(INDIRECT("'"&$D19&"'!$AJ$7:$AJ$500"),"<>"),0)) | AZ19: =IF($D19="","",IFERROR(COUNTIF(INDIRECT("'"&$D19&"'!$AJ$7:$AJ$500"),"Pass"),0)) | BA19: =IF($D19="","",IFERROR(COUNTIF(INDIRECT("'"&$D19&"'!$AJ$7:$AJ$500"),"Fail"),0)) | BB19: =IF($D19="","",IFERROR(COUNTIF(INDIRECT("'"&$D19&"'!$AJ$7:$AJ$500"),"Block"),0)) | BC19: =IF($D19="","",IFERROR(COUNTIF(INDIRECT("'"&$D19&"'!$AJ$7:$AJ$500"),"N/A"),0))
B20: =IF($D20="","",ROW()-3) | F20: =IF($D20="","",IFERROR(COUNTIF(INDIRECT("'"&$D20&"'!$C$7:$C$500"),"?*"),0)) | G20: =IF($D20="","",IFERROR(COUNTIF(INDIRECT("'"&$D20&"'!$AO$7:$AO$500"),"Pass"),0)) | H20: =IF($D20="","",IFERROR(COUNTIF(INDIRECT("'"&$D20&"'!$AO$7:$AO$500"),"Fail"),0)) | I20: =IF($D20="","",IFERROR(COUNTIF(INDIRECT("'"&$D20&"'!$AO$7:$AO$500"),"Block"),0)) | J20: =IF($D20="","",IFERROR(COUNTIF(INDIRECT("'"&$D20&"'!$AO$7:$AO$500"),"N/A"),0)) | K20: =IF($D20="","",MAX(0,$F20-$G20-$H20-$I20-$J20)) | L20: =IF($D20="","",$G20+$H20+$I20+$J20) | M20: =IF($D20="","",IFERROR($L20/$F20,0)) | N20: =IF($D20="","",IFERROR($G20/$L20,0)) | O20: =IF($D20="","",IFERROR(COUNTIF(INDIRECT("'"&$D20&"'!$E$7:$E$500"),"High"),0)) | P20: =IF($D20="","",IFERROR(COUNTIF(INDIRECT("'"&$D20&"'!$E$7:$E$500"),"Medium"),0)) | Q20: =IF($D20="","",IFERROR(COUNTIF(INDIRECT("'"&$D20&"'!$E$7:$E$500"),"Low"),0)) | R20: =IF($D20="","",IFERROR(COUNTIF(INDIRECT("'"&$D20&"'!$D$7:$D$500"),"Functional"),0)) | S20: =IF($D20="","",IFERROR(COUNTIF(INDIRECT("'"&$D20&"'!$D$7:$D$500"),"UI"),0)) | T20: =IF($D20="","",IFERROR(COUNTIF(INDIRECT("'"&$D20&"'!$D$7:$D$500"),"Integration"),0)) | U20: =IF($D20="","",IFERROR(COUNTIF(INDIRECT("'"&$D20&"'!$D$7:$D$500"),"Database Test Case"),0)) | V20: =IF($D20="","",IFERROR(COUNTIF(INDIRECT("'"&$D20&"'!$J$7:$J$500"),"AI"),0)) | W20: =IF($D20="","",IFERROR(COUNTIF(INDIRECT("'"&$D20&"'!$J$7:$J$500"),"QC"),0)) | X20: =IF($D20="","",IFERROR(COUNTIF(INDIRECT("'"&$D20&"'!$L$7:$L$500"),"Yes"),0)) | Y20: =IF($D20="","",IFERROR(COUNTIF(INDIRECT("'"&$D20&"'!$AM$7:$AM$500"),"Yes"),0)) | Z20: =IF($D20="","",IFERROR(COUNTIF(INDIRECT("'"&$D20&"'!$AN$7:$AN$500"),"Pass"),0)) | AA20: =IF($D20="","",IFERROR(COUNTIF(INDIRECT("'"&$D20&"'!$K$7:$K$500"),"Reviewed"),0)) | AB20: =IF($D20="","",IFERROR(SUMPRODUCT((INDIRECT("'"&$D20&"'!$E$7:$E$500")="High")*(INDIRECT("'"&$D20&"'!$AO$7:$AO$500")<>"")),0)) | AC20: =IF($D20="","",IFERROR(SUMPRODUCT((INDIRECT("'"&$D20&"'!$E$7:$E$500")="Medium")*(INDIRECT("'"&$D20&"'!$AO$7:$AO$500")<>"")),0)) | AD20: =IF($D20="","",IFERROR(SUMPRODUCT((INDIRECT("'"&$D20&"'!$E$7:$E$500")="Low")*(INDIRECT("'"&$D20&"'!$AO$7:$AO$500")<>"")),0)) | AE20: =IF($D20="","",IFERROR(COUNTIF(INDIRECT("'"&$D20&"'!$P$7:$P$500"),"<>"),0)) | AF20: =IF($D20="","",IFERROR(COUNTIF(INDIRECT("'"&$D20&"'!$P$7:$P$500"),"Pass"),0)) | AG20: =IF($D20="","",IFERROR(COUNTIF(INDIRECT("'"&$D20&"'!$P$7:$P$500"),"Fail"),0)) | AH20: =IF($D20="","",IFERROR(COUNTIF(INDIRECT("'"&$D20&"'!$P$7:$P$500"),"Block"),0)) | AI20: =IF($D20="","",IFERROR(COUNTIF(INDIRECT("'"&$D20&"'!$P$7:$P$500"),"N/A"),0)) | AJ20: =IF($D20="","",IFERROR(COUNTIF(INDIRECT("'"&$D20&"'!$U$7:$U$500"),"<>"),0)) | AK20: =IF($D20="","",IFERROR(COUNTIF(INDIRECT("'"&$D20&"'!$U$7:$U$500"),"Pass"),0)) | AL20: =IF($D20="","",IFERROR(COUNTIF(INDIRECT("'"&$D20&"'!$U$7:$U$500"),"Fail"),0)) | AM20: =IF($D20="","",IFERROR(COUNTIF(INDIRECT("'"&$D20&"'!$U$7:$U$500"),"Block"),0)) | AN20: =IF($D20="","",IFERROR(COUNTIF(INDIRECT("'"&$D20&"'!$U$7:$U$500"),"N/A"),0)) | AO20: =IF($D20="","",IFERROR(COUNTIF(INDIRECT("'"&$D20&"'!$Z$7:$Z$500"),"<>"),0)) | AP20: =IF($D20="","",IFERROR(COUNTIF(INDIRECT("'"&$D20&"'!$Z$7:$Z$500"),"Pass"),0)) | AQ20: =IF($D20="","",IFERROR(COUNTIF(INDIRECT("'"&$D20&"'!$Z$7:$Z$500"),"Fail"),0)) | AR20: =IF($D20="","",IFERROR(COUNTIF(INDIRECT("'"&$D20&"'!$Z$7:$Z$500"),"Block"),0)) | AS20: =IF($D20="","",IFERROR(COUNTIF(INDIRECT("'"&$D20&"'!$Z$7:$Z$500"),"N/A"),0)) | AT20: =IF($D20="","",IFERROR(COUNTIF(INDIRECT("'"&$D20&"'!$AE$7:$AE$500"),"<>"),0)) | AU20: =IF($D20="","",IFERROR(COUNTIF(INDIRECT("'"&$D20&"'!$AE$7:$AE$500"),"Pass"),0)) | AV20: =IF($D20="","",IFERROR(COUNTIF(INDIRECT("'"&$D20&"'!$AE$7:$AE$500"),"Fail"),0)) | AW20: =IF($D20="","",IFERROR(COUNTIF(INDIRECT("'"&$D20&"'!$AE$7:$AE$500"),"Block"),0)) | AX20: =IF($D20="","",IFERROR(COUNTIF(INDIRECT("'"&$D20&"'!$AE$7:$AE$500"),"N/A"),0)) | AY20: =IF($D20="","",IFERROR(COUNTIF(INDIRECT("'"&$D20&"'!$AJ$7:$AJ$500"),"<>"),0)) | AZ20: =IF($D20="","",IFERROR(COUNTIF(INDIRECT("'"&$D20&"'!$AJ$7:$AJ$500"),"Pass"),0)) | BA20: =IF($D20="","",IFERROR(COUNTIF(INDIRECT("'"&$D20&"'!$AJ$7:$AJ$500"),"Fail"),0)) | BB20: =IF($D20="","",IFERROR(COUNTIF(INDIRECT("'"&$D20&"'!$AJ$7:$AJ$500"),"Block"),0)) | BC20: =IF($D20="","",IFERROR(COUNTIF(INDIRECT("'"&$D20&"'!$AJ$7:$AJ$500"),"N/A"),0))
B21: =IF($D21="","",ROW()-3) | F21: =IF($D21="","",IFERROR(COUNTIF(INDIRECT("'"&$D21&"'!$C$7:$C$500"),"?*"),0)) | G21: =IF($D21="","",IFERROR(COUNTIF(INDIRECT("'"&$D21&"'!$AO$7:$AO$500"),"Pass"),0)) | H21: =IF($D21="","",IFERROR(COUNTIF(INDIRECT("'"&$D21&"'!$AO$7:$AO$500"),"Fail"),0)) | I21: =IF($D21="","",IFERROR(COUNTIF(INDIRECT("'"&$D21&"'!$AO$7:$AO$500"),"Block"),0)) | J21: =IF($D21="","",IFERROR(COUNTIF(INDIRECT("'"&$D21&"'!$AO$7:$AO$500"),"N/A"),0)) | K21: =IF($D21="","",MAX(0,$F21-$G21-$H21-$I21-$J21)) | L21: =IF($D21="","",$G21+$H21+$I21+$J21) | M21: =IF($D21="","",IFERROR($L21/$F21,0)) | N21: =IF($D21="","",IFERROR($G21/$L21,0)) | O21: =IF($D21="","",IFERROR(COUNTIF(INDIRECT("'"&$D21&"'!$E$7:$E$500"),"High"),0)) | P21: =IF($D21="","",IFERROR(COUNTIF(INDIRECT("'"&$D21&"'!$E$7:$E$500"),"Medium"),0)) | Q21: =IF($D21="","",IFERROR(COUNTIF(INDIRECT("'"&$D21&"'!$E$7:$E$500"),"Low"),0)) | R21: =IF($D21="","",IFERROR(COUNTIF(INDIRECT("'"&$D21&"'!$D$7:$D$500"),"Functional"),0)) | S21: =IF($D21="","",IFERROR(COUNTIF(INDIRECT("'"&$D21&"'!$D$7:$D$500"),"UI"),0)) | T21: =IF($D21="","",IFERROR(COUNTIF(INDIRECT("'"&$D21&"'!$D$7:$D$500"),"Integration"),0)) | U21: =IF($D21="","",IFERROR(COUNTIF(INDIRECT("'"&$D21&"'!$D$7:$D$500"),"Database Test Case"),0)) | V21: =IF($D21="","",IFERROR(COUNTIF(INDIRECT("'"&$D21&"'!$J$7:$J$500"),"AI"),0)) | W21: =IF($D21="","",IFERROR(COUNTIF(INDIRECT("'"&$D21&"'!$J$7:$J$500"),"QC"),0)) | X21: =IF($D21="","",IFERROR(COUNTIF(INDIRECT("'"&$D21&"'!$L$7:$L$500"),"Yes"),0)) | Y21: =IF($D21="","",IFERROR(COUNTIF(INDIRECT("'"&$D21&"'!$AM$7:$AM$500"),"Yes"),0)) | Z21: =IF($D21="","",IFERROR(COUNTIF(INDIRECT("'"&$D21&"'!$AN$7:$AN$500"),"Pass"),0)) | AA21: =IF($D21="","",IFERROR(COUNTIF(INDIRECT("'"&$D21&"'!$K$7:$K$500"),"Reviewed"),0)) | AB21: =IF($D21="","",IFERROR(SUMPRODUCT((INDIRECT("'"&$D21&"'!$E$7:$E$500")="High")*(INDIRECT("'"&$D21&"'!$AO$7:$AO$500")<>"")),0)) | AC21: =IF($D21="","",IFERROR(SUMPRODUCT((INDIRECT("'"&$D21&"'!$E$7:$E$500")="Medium")*(INDIRECT("'"&$D21&"'!$AO$7:$AO$500")<>"")),0)) | AD21: =IF($D21="","",IFERROR(SUMPRODUCT((INDIRECT("'"&$D21&"'!$E$7:$E$500")="Low")*(INDIRECT("'"&$D21&"'!$AO$7:$AO$500")<>"")),0)) | AE21: =IF($D21="","",IFERROR(COUNTIF(INDIRECT("'"&$D21&"'!$P$7:$P$500"),"<>"),0)) | AF21: =IF($D21="","",IFERROR(COUNTIF(INDIRECT("'"&$D21&"'!$P$7:$P$500"),"Pass"),0)) | AG21: =IF($D21="","",IFERROR(COUNTIF(INDIRECT("'"&$D21&"'!$P$7:$P$500"),"Fail"),0)) | AH21: =IF($D21="","",IFERROR(COUNTIF(INDIRECT("'"&$D21&"'!$P$7:$P$500"),"Block"),0)) | AI21: =IF($D21="","",IFERROR(COUNTIF(INDIRECT("'"&$D21&"'!$P$7:$P$500"),"N/A"),0)) | AJ21: =IF($D21="","",IFERROR(COUNTIF(INDIRECT("'"&$D21&"'!$U$7:$U$500"),"<>"),0)) | AK21: =IF($D21="","",IFERROR(COUNTIF(INDIRECT("'"&$D21&"'!$U$7:$U$500"),"Pass"),0)) | AL21: =IF($D21="","",IFERROR(COUNTIF(INDIRECT("'"&$D21&"'!$U$7:$U$500"),"Fail"),0)) | AM21: =IF($D21="","",IFERROR(COUNTIF(INDIRECT("'"&$D21&"'!$U$7:$U$500"),"Block"),0)) | AN21: =IF($D21="","",IFERROR(COUNTIF(INDIRECT("'"&$D21&"'!$U$7:$U$500"),"N/A"),0)) | AO21: =IF($D21="","",IFERROR(COUNTIF(INDIRECT("'"&$D21&"'!$Z$7:$Z$500"),"<>"),0)) | AP21: =IF($D21="","",IFERROR(COUNTIF(INDIRECT("'"&$D21&"'!$Z$7:$Z$500"),"Pass"),0)) | AQ21: =IF($D21="","",IFERROR(COUNTIF(INDIRECT("'"&$D21&"'!$Z$7:$Z$500"),"Fail"),0)) | AR21: =IF($D21="","",IFERROR(COUNTIF(INDIRECT("'"&$D21&"'!$Z$7:$Z$500"),"Block"),0)) | AS21: =IF($D21="","",IFERROR(COUNTIF(INDIRECT("'"&$D21&"'!$Z$7:$Z$500"),"N/A"),0)) | AT21: =IF($D21="","",IFERROR(COUNTIF(INDIRECT("'"&$D21&"'!$AE$7:$AE$500"),"<>"),0)) | AU21: =IF($D21="","",IFERROR(COUNTIF(INDIRECT("'"&$D21&"'!$AE$7:$AE$500"),"Pass"),0)) | AV21: =IF($D21="","",IFERROR(COUNTIF(INDIRECT("'"&$D21&"'!$AE$7:$AE$500"),"Fail"),0)) | AW21: =IF($D21="","",IFERROR(COUNTIF(INDIRECT("'"&$D21&"'!$AE$7:$AE$500"),"Block"),0)) | AX21: =IF($D21="","",IFERROR(COUNTIF(INDIRECT("'"&$D21&"'!$AE$7:$AE$500"),"N/A"),0)) | AY21: =IF($D21="","",IFERROR(COUNTIF(INDIRECT("'"&$D21&"'!$AJ$7:$AJ$500"),"<>"),0)) | AZ21: =IF($D21="","",IFERROR(COUNTIF(INDIRECT("'"&$D21&"'!$AJ$7:$AJ$500"),"Pass"),0)) | BA21: =IF($D21="","",IFERROR(COUNTIF(INDIRECT("'"&$D21&"'!$AJ$7:$AJ$500"),"Fail"),0)) | BB21: =IF($D21="","",IFERROR(COUNTIF(INDIRECT("'"&$D21&"'!$AJ$7:$AJ$500"),"Block"),0)) | BC21: =IF($D21="","",IFERROR(COUNTIF(INDIRECT("'"&$D21&"'!$AJ$7:$AJ$500"),"N/A"),0))
B22: =IF($D22="","",ROW()-3) | F22: =IF($D22="","",IFERROR(COUNTIF(INDIRECT("'"&$D22&"'!$C$7:$C$500"),"?*"),0)) | G22: =IF($D22="","",IFERROR(COUNTIF(INDIRECT("'"&$D22&"'!$AO$7:$AO$500"),"Pass"),0)) | H22: =IF($D22="","",IFERROR(COUNTIF(INDIRECT("'"&$D22&"'!$AO$7:$AO$500"),"Fail"),0)) | I22: =IF($D22="","",IFERROR(COUNTIF(INDIRECT("'"&$D22&"'!$AO$7:$AO$500"),"Block"),0)) | J22: =IF($D22="","",IFERROR(COUNTIF(INDIRECT("'"&$D22&"'!$AO$7:$AO$500"),"N/A"),0)) | K22: =IF($D22="","",MAX(0,$F22-$G22-$H22-$I22-$J22)) | L22: =IF($D22="","",$G22+$H22+$I22+$J22) | M22: =IF($D22="","",IFERROR($L22/$F22,0)) | N22: =IF($D22="","",IFERROR($G22/$L22,0)) | O22: =IF($D22="","",IFERROR(COUNTIF(INDIRECT("'"&$D22&"'!$E$7:$E$500"),"High"),0)) | P22: =IF($D22="","",IFERROR(COUNTIF(INDIRECT("'"&$D22&"'!$E$7:$E$500"),"Medium"),0)) | Q22: =IF($D22="","",IFERROR(COUNTIF(INDIRECT("'"&$D22&"'!$E$7:$E$500"),"Low"),0)) | R22: =IF($D22="","",IFERROR(COUNTIF(INDIRECT("'"&$D22&"'!$D$7:$D$500"),"Functional"),0)) | S22: =IF($D22="","",IFERROR(COUNTIF(INDIRECT("'"&$D22&"'!$D$7:$D$500"),"UI"),0)) | T22: =IF($D22="","",IFERROR(COUNTIF(INDIRECT("'"&$D22&"'!$D$7:$D$500"),"Integration"),0)) | U22: =IF($D22="","",IFERROR(COUNTIF(INDIRECT("'"&$D22&"'!$D$7:$D$500"),"Database Test Case"),0)) | V22: =IF($D22="","",IFERROR(COUNTIF(INDIRECT("'"&$D22&"'!$J$7:$J$500"),"AI"),0)) | W22: =IF($D22="","",IFERROR(COUNTIF(INDIRECT("'"&$D22&"'!$J$7:$J$500"),"QC"),0)) | X22: =IF($D22="","",IFERROR(COUNTIF(INDIRECT("'"&$D22&"'!$L$7:$L$500"),"Yes"),0)) | Y22: =IF($D22="","",IFERROR(COUNTIF(INDIRECT("'"&$D22&"'!$AM$7:$AM$500"),"Yes"),0)) | Z22: =IF($D22="","",IFERROR(COUNTIF(INDIRECT("'"&$D22&"'!$AN$7:$AN$500"),"Pass"),0)) | AA22: =IF($D22="","",IFERROR(COUNTIF(INDIRECT("'"&$D22&"'!$K$7:$K$500"),"Reviewed"),0)) | AB22: =IF($D22="","",IFERROR(SUMPRODUCT((INDIRECT("'"&$D22&"'!$E$7:$E$500")="High")*(INDIRECT("'"&$D22&"'!$AO$7:$AO$500")<>"")),0)) | AC22: =IF($D22="","",IFERROR(SUMPRODUCT((INDIRECT("'"&$D22&"'!$E$7:$E$500")="Medium")*(INDIRECT("'"&$D22&"'!$AO$7:$AO$500")<>"")),0)) | AD22: =IF($D22="","",IFERROR(SUMPRODUCT((INDIRECT("'"&$D22&"'!$E$7:$E$500")="Low")*(INDIRECT("'"&$D22&"'!$AO$7:$AO$500")<>"")),0)) | AE22: =IF($D22="","",IFERROR(COUNTIF(INDIRECT("'"&$D22&"'!$P$7:$P$500"),"<>"),0)) | AF22: =IF($D22="","",IFERROR(COUNTIF(INDIRECT("'"&$D22&"'!$P$7:$P$500"),"Pass"),0)) | AG22: =IF($D22="","",IFERROR(COUNTIF(INDIRECT("'"&$D22&"'!$P$7:$P$500"),"Fail"),0)) | AH22: =IF($D22="","",IFERROR(COUNTIF(INDIRECT("'"&$D22&"'!$P$7:$P$500"),"Block"),0)) | AI22: =IF($D22="","",IFERROR(COUNTIF(INDIRECT("'"&$D22&"'!$P$7:$P$500"),"N/A"),0)) | AJ22: =IF($D22="","",IFERROR(COUNTIF(INDIRECT("'"&$D22&"'!$U$7:$U$500"),"<>"),0)) | AK22: =IF($D22="","",IFERROR(COUNTIF(INDIRECT("'"&$D22&"'!$U$7:$U$500"),"Pass"),0)) | AL22: =IF($D22="","",IFERROR(COUNTIF(INDIRECT("'"&$D22&"'!$U$7:$U$500"),"Fail"),0)) | AM22: =IF($D22="","",IFERROR(COUNTIF(INDIRECT("'"&$D22&"'!$U$7:$U$500"),"Block"),0)) | AN22: =IF($D22="","",IFERROR(COUNTIF(INDIRECT("'"&$D22&"'!$U$7:$U$500"),"N/A"),0)) | AO22: =IF($D22="","",IFERROR(COUNTIF(INDIRECT("'"&$D22&"'!$Z$7:$Z$500"),"<>"),0)) | AP22: =IF($D22="","",IFERROR(COUNTIF(INDIRECT("'"&$D22&"'!$Z$7:$Z$500"),"Pass"),0)) | AQ22: =IF($D22="","",IFERROR(COUNTIF(INDIRECT("'"&$D22&"'!$Z$7:$Z$500"),"Fail"),0)) | AR22: =IF($D22="","",IFERROR(COUNTIF(INDIRECT("'"&$D22&"'!$Z$7:$Z$500"),"Block"),0)) | AS22: =IF($D22="","",IFERROR(COUNTIF(INDIRECT("'"&$D22&"'!$Z$7:$Z$500"),"N/A"),0)) | AT22: =IF($D22="","",IFERROR(COUNTIF(INDIRECT("'"&$D22&"'!$AE$7:$AE$500"),"<>"),0)) | AU22: =IF($D22="","",IFERROR(COUNTIF(INDIRECT("'"&$D22&"'!$AE$7:$AE$500"),"Pass"),0)) | AV22: =IF($D22="","",IFERROR(COUNTIF(INDIRECT("'"&$D22&"'!$AE$7:$AE$500"),"Fail"),0)) | AW22: =IF($D22="","",IFERROR(COUNTIF(INDIRECT("'"&$D22&"'!$AE$7:$AE$500"),"Block"),0)) | AX22: =IF($D22="","",IFERROR(COUNTIF(INDIRECT("'"&$D22&"'!$AE$7:$AE$500"),"N/A"),0)) | AY22: =IF($D22="","",IFERROR(COUNTIF(INDIRECT("'"&$D22&"'!$AJ$7:$AJ$500"),"<>"),0)) | AZ22: =IF($D22="","",IFERROR(COUNTIF(INDIRECT("'"&$D22&"'!$AJ$7:$AJ$500"),"Pass"),0)) | BA22: =IF($D22="","",IFERROR(COUNTIF(INDIRECT("'"&$D22&"'!$AJ$7:$AJ$500"),"Fail"),0)) | BB22: =IF($D22="","",IFERROR(COUNTIF(INDIRECT("'"&$D22&"'!$AJ$7:$AJ$500"),"Block"),0)) | BC22: =IF($D22="","",IFERROR(COUNTIF(INDIRECT("'"&$D22&"'!$AJ$7:$AJ$500"),"N/A"),0))
B23: =IF($D23="","",ROW()-3) | F23: =IF($D23="","",IFERROR(COUNTIF(INDIRECT("'"&$D23&"'!$C$7:$C$500"),"?*"),0)) | G23: =IF($D23="","",IFERROR(COUNTIF(INDIRECT("'"&$D23&"'!$AO$7:$AO$500"),"Pass"),0)) | H23: =IF($D23="","",IFERROR(COUNTIF(INDIRECT("'"&$D23&"'!$AO$7:$AO$500"),"Fail"),0)) | I23: =IF($D23="","",IFERROR(COUNTIF(INDIRECT("'"&$D23&"'!$AO$7:$AO$500"),"Block"),0)) | J23: =IF($D23="","",IFERROR(COUNTIF(INDIRECT("'"&$D23&"'!$AO$7:$AO$500"),"N/A"),0)) | K23: =IF($D23="","",MAX(0,$F23-$G23-$H23-$I23-$J23)) | L23: =IF($D23="","",$G23+$H23+$I23+$J23) | M23: =IF($D23="","",IFERROR($L23/$F23,0)) | N23: =IF($D23="","",IFERROR($G23/$L23,0)) | O23: =IF($D23="","",IFERROR(COUNTIF(INDIRECT("'"&$D23&"'!$E$7:$E$500"),"High"),0)) | P23: =IF($D23="","",IFERROR(COUNTIF(INDIRECT("'"&$D23&"'!$E$7:$E$500"),"Medium"),0)) | Q23: =IF($D23="","",IFERROR(COUNTIF(INDIRECT("'"&$D23&"'!$E$7:$E$500"),"Low"),0)) | R23: =IF($D23="","",IFERROR(COUNTIF(INDIRECT("'"&$D23&"'!$D$7:$D$500"),"Functional"),0)) | S23: =IF($D23="","",IFERROR(COUNTIF(INDIRECT("'"&$D23&"'!$D$7:$D$500"),"UI"),0)) | T23: =IF($D23="","",IFERROR(COUNTIF(INDIRECT("'"&$D23&"'!$D$7:$D$500"),"Integration"),0)) | U23: =IF($D23="","",IFERROR(COUNTIF(INDIRECT("'"&$D23&"'!$D$7:$D$500"),"Database Test Case"),0)) | V23: =IF($D23="","",IFERROR(COUNTIF(INDIRECT("'"&$D23&"'!$J$7:$J$500"),"AI"),0)) | W23: =IF($D23="","",IFERROR(COUNTIF(INDIRECT("'"&$D23&"'!$J$7:$J$500"),"QC"),0)) | X23: =IF($D23="","",IFERROR(COUNTIF(INDIRECT("'"&$D23&"'!$L$7:$L$500"),"Yes"),0)) | Y23: =IF($D23="","",IFERROR(COUNTIF(INDIRECT("'"&$D23&"'!$AM$7:$AM$500"),"Yes"),0)) | Z23: =IF($D23="","",IFERROR(COUNTIF(INDIRECT("'"&$D23&"'!$AN$7:$AN$500"),"Pass"),0)) | AA23: =IF($D23="","",IFERROR(COUNTIF(INDIRECT("'"&$D23&"'!$K$7:$K$500"),"Reviewed"),0)) | AB23: =IF($D23="","",IFERROR(SUMPRODUCT((INDIRECT("'"&$D23&"'!$E$7:$E$500")="High")*(INDIRECT("'"&$D23&"'!$AO$7:$AO$500")<>"")),0)) | AC23: =IF($D23="","",IFERROR(SUMPRODUCT((INDIRECT("'"&$D23&"'!$E$7:$E$500")="Medium")*(INDIRECT("'"&$D23&"'!$AO$7:$AO$500")<>"")),0)) | AD23: =IF($D23="","",IFERROR(SUMPRODUCT((INDIRECT("'"&$D23&"'!$E$7:$E$500")="Low")*(INDIRECT("'"&$D23&"'!$AO$7:$AO$500")<>"")),0)) | AE23: =IF($D23="","",IFERROR(COUNTIF(INDIRECT("'"&$D23&"'!$P$7:$P$500"),"<>"),0)) | AF23: =IF($D23="","",IFERROR(COUNTIF(INDIRECT("'"&$D23&"'!$P$7:$P$500"),"Pass"),0)) | AG23: =IF($D23="","",IFERROR(COUNTIF(INDIRECT("'"&$D23&"'!$P$7:$P$500"),"Fail"),0)) | AH23: =IF($D23="","",IFERROR(COUNTIF(INDIRECT("'"&$D23&"'!$P$7:$P$500"),"Block"),0)) | AI23: =IF($D23="","",IFERROR(COUNTIF(INDIRECT("'"&$D23&"'!$P$7:$P$500"),"N/A"),0)) | AJ23: =IF($D23="","",IFERROR(COUNTIF(INDIRECT("'"&$D23&"'!$U$7:$U$500"),"<>"),0)) | AK23: =IF($D23="","",IFERROR(COUNTIF(INDIRECT("'"&$D23&"'!$U$7:$U$500"),"Pass"),0)) | AL23: =IF($D23="","",IFERROR(COUNTIF(INDIRECT("'"&$D23&"'!$U$7:$U$500"),"Fail"),0)) | AM23: =IF($D23="","",IFERROR(COUNTIF(INDIRECT("'"&$D23&"'!$U$7:$U$500"),"Block"),0)) | AN23: =IF($D23="","",IFERROR(COUNTIF(INDIRECT("'"&$D23&"'!$U$7:$U$500"),"N/A"),0)) | AO23: =IF($D23="","",IFERROR(COUNTIF(INDIRECT("'"&$D23&"'!$Z$7:$Z$500"),"<>"),0)) | AP23: =IF($D23="","",IFERROR(COUNTIF(INDIRECT("'"&$D23&"'!$Z$7:$Z$500"),"Pass"),0)) | AQ23: =IF($D23="","",IFERROR(COUNTIF(INDIRECT("'"&$D23&"'!$Z$7:$Z$500"),"Fail"),0)) | AR23: =IF($D23="","",IFERROR(COUNTIF(INDIRECT("'"&$D23&"'!$Z$7:$Z$500"),"Block"),0)) | AS23: =IF($D23="","",IFERROR(COUNTIF(INDIRECT("'"&$D23&"'!$Z$7:$Z$500"),"N/A"),0)) | AT23: =IF($D23="","",IFERROR(COUNTIF(INDIRECT("'"&$D23&"'!$AE$7:$AE$500"),"<>"),0)) | AU23: =IF($D23="","",IFERROR(COUNTIF(INDIRECT("'"&$D23&"'!$AE$7:$AE$500"),"Pass"),0)) | AV23: =IF($D23="","",IFERROR(COUNTIF(INDIRECT("'"&$D23&"'!$AE$7:$AE$500"),"Fail"),0)) | AW23: =IF($D23="","",IFERROR(COUNTIF(INDIRECT("'"&$D23&"'!$AE$7:$AE$500"),"Block"),0)) | AX23: =IF($D23="","",IFERROR(COUNTIF(INDIRECT("'"&$D23&"'!$AE$7:$AE$500"),"N/A"),0)) | AY23: =IF($D23="","",IFERROR(COUNTIF(INDIRECT("'"&$D23&"'!$AJ$7:$AJ$500"),"<>"),0)) | AZ23: =IF($D23="","",IFERROR(COUNTIF(INDIRECT("'"&$D23&"'!$AJ$7:$AJ$500"),"Pass"),0)) | BA23: =IF($D23="","",IFERROR(COUNTIF(INDIRECT("'"&$D23&"'!$AJ$7:$AJ$500"),"Fail"),0)) | BB23: =IF($D23="","",IFERROR(COUNTIF(INDIRECT("'"&$D23&"'!$AJ$7:$AJ$500"),"Block"),0)) | BC23: =IF($D23="","",IFERROR(COUNTIF(INDIRECT("'"&$D23&"'!$AJ$7:$AJ$500"),"N/A"),0))
B24: =IF($D24="","",ROW()-3) | F24: =IF($D24="","",IFERROR(COUNTIF(INDIRECT("'"&$D24&"'!$C$7:$C$500"),"?*"),0)) | G24: =IF($D24="","",IFERROR(COUNTIF(INDIRECT("'"&$D24&"'!$AO$7:$AO$500"),"Pass"),0)) | H24: =IF($D24="","",IFERROR(COUNTIF(INDIRECT("'"&$D24&"'!$AO$7:$AO$500"),"Fail"),0)) | I24: =IF($D24="","",IFERROR(COUNTIF(INDIRECT("'"&$D24&"'!$AO$7:$AO$500"),"Block"),0)) | J24: =IF($D24="","",IFERROR(COUNTIF(INDIRECT("'"&$D24&"'!$AO$7:$AO$500"),"N/A"),0)) | K24: =IF($D24="","",MAX(0,$F24-$G24-$H24-$I24-$J24)) | L24: =IF($D24="","",$G24+$H24+$I24+$J24) | M24: =IF($D24="","",IFERROR($L24/$F24,0)) | N24: =IF($D24="","",IFERROR($G24/$L24,0)) | O24: =IF($D24="","",IFERROR(COUNTIF(INDIRECT("'"&$D24&"'!$E$7:$E$500"),"High"),0)) | P24: =IF($D24="","",IFERROR(COUNTIF(INDIRECT("'"&$D24&"'!$E$7:$E$500"),"Medium"),0)) | Q24: =IF($D24="","",IFERROR(COUNTIF(INDIRECT("'"&$D24&"'!$E$7:$E$500"),"Low"),0)) | R24: =IF($D24="","",IFERROR(COUNTIF(INDIRECT("'"&$D24&"'!$D$7:$D$500"),"Functional"),0)) | S24: =IF($D24="","",IFERROR(COUNTIF(INDIRECT("'"&$D24&"'!$D$7:$D$500"),"UI"),0)) | T24: =IF($D24="","",IFERROR(COUNTIF(INDIRECT("'"&$D24&"'!$D$7:$D$500"),"Integration"),0)) | U24: =IF($D24="","",IFERROR(COUNTIF(INDIRECT("'"&$D24&"'!$D$7:$D$500"),"Database Test Case"),0)) | V24: =IF($D24="","",IFERROR(COUNTIF(INDIRECT("'"&$D24&"'!$J$7:$J$500"),"AI"),0)) | W24: =IF($D24="","",IFERROR(COUNTIF(INDIRECT("'"&$D24&"'!$J$7:$J$500"),"QC"),0)) | X24: =IF($D24="","",IFERROR(COUNTIF(INDIRECT("'"&$D24&"'!$L$7:$L$500"),"Yes"),0)) | Y24: =IF($D24="","",IFERROR(COUNTIF(INDIRECT("'"&$D24&"'!$AM$7:$AM$500"),"Yes"),0)) | Z24: =IF($D24="","",IFERROR(COUNTIF(INDIRECT("'"&$D24&"'!$AN$7:$AN$500"),"Pass"),0)) | AA24: =IF($D24="","",IFERROR(COUNTIF(INDIRECT("'"&$D24&"'!$K$7:$K$500"),"Reviewed"),0)) | AB24: =IF($D24="","",IFERROR(SUMPRODUCT((INDIRECT("'"&$D24&"'!$E$7:$E$500")="High")*(INDIRECT("'"&$D24&"'!$AO$7:$AO$500")<>"")),0)) | AC24: =IF($D24="","",IFERROR(SUMPRODUCT((INDIRECT("'"&$D24&"'!$E$7:$E$500")="Medium")*(INDIRECT("'"&$D24&"'!$AO$7:$AO$500")<>"")),0)) | AD24: =IF($D24="","",IFERROR(SUMPRODUCT((INDIRECT("'"&$D24&"'!$E$7:$E$500")="Low")*(INDIRECT("'"&$D24&"'!$AO$7:$AO$500")<>"")),0)) | AE24: =IF($D24="","",IFERROR(COUNTIF(INDIRECT("'"&$D24&"'!$P$7:$P$500"),"<>"),0)) | AF24: =IF($D24="","",IFERROR(COUNTIF(INDIRECT("'"&$D24&"'!$P$7:$P$500"),"Pass"),0)) | AG24: =IF($D24="","",IFERROR(COUNTIF(INDIRECT("'"&$D24&"'!$P$7:$P$500"),"Fail"),0)) | AH24: =IF($D24="","",IFERROR(COUNTIF(INDIRECT("'"&$D24&"'!$P$7:$P$500"),"Block"),0)) | AI24: =IF($D24="","",IFERROR(COUNTIF(INDIRECT("'"&$D24&"'!$P$7:$P$500"),"N/A"),0)) | AJ24: =IF($D24="","",IFERROR(COUNTIF(INDIRECT("'"&$D24&"'!$U$7:$U$500"),"<>"),0)) | AK24: =IF($D24="","",IFERROR(COUNTIF(INDIRECT("'"&$D24&"'!$U$7:$U$500"),"Pass"),0)) | AL24: =IF($D24="","",IFERROR(COUNTIF(INDIRECT("'"&$D24&"'!$U$7:$U$500"),"Fail"),0)) | AM24: =IF($D24="","",IFERROR(COUNTIF(INDIRECT("'"&$D24&"'!$U$7:$U$500"),"Block"),0)) | AN24: =IF($D24="","",IFERROR(COUNTIF(INDIRECT("'"&$D24&"'!$U$7:$U$500"),"N/A"),0)) | AO24: =IF($D24="","",IFERROR(COUNTIF(INDIRECT("'"&$D24&"'!$Z$7:$Z$500"),"<>"),0)) | AP24: =IF($D24="","",IFERROR(COUNTIF(INDIRECT("'"&$D24&"'!$Z$7:$Z$500"),"Pass"),0)) | AQ24: =IF($D24="","",IFERROR(COUNTIF(INDIRECT("'"&$D24&"'!$Z$7:$Z$500"),"Fail"),0)) | AR24: =IF($D24="","",IFERROR(COUNTIF(INDIRECT("'"&$D24&"'!$Z$7:$Z$500"),"Block"),0)) | AS24: =IF($D24="","",IFERROR(COUNTIF(INDIRECT("'"&$D24&"'!$Z$7:$Z$500"),"N/A"),0)) | AT24: =IF($D24="","",IFERROR(COUNTIF(INDIRECT("'"&$D24&"'!$AE$7:$AE$500"),"<>"),0)) | AU24: =IF($D24="","",IFERROR(COUNTIF(INDIRECT("'"&$D24&"'!$AE$7:$AE$500"),"Pass"),0)) | AV24: =IF($D24="","",IFERROR(COUNTIF(INDIRECT("'"&$D24&"'!$AE$7:$AE$500"),"Fail"),0)) | AW24: =IF($D24="","",IFERROR(COUNTIF(INDIRECT("'"&$D24&"'!$AE$7:$AE$500"),"Block"),0)) | AX24: =IF($D24="","",IFERROR(COUNTIF(INDIRECT("'"&$D24&"'!$AE$7:$AE$500"),"N/A"),0)) | AY24: =IF($D24="","",IFERROR(COUNTIF(INDIRECT("'"&$D24&"'!$AJ$7:$AJ$500"),"<>"),0)) | AZ24: =IF($D24="","",IFERROR(COUNTIF(INDIRECT("'"&$D24&"'!$AJ$7:$AJ$500"),"Pass"),0)) | BA24: =IF($D24="","",IFERROR(COUNTIF(INDIRECT("'"&$D24&"'!$AJ$7:$AJ$500"),"Fail"),0)) | BB24: =IF($D24="","",IFERROR(COUNTIF(INDIRECT("'"&$D24&"'!$AJ$7:$AJ$500"),"Block"),0)) | BC24: =IF($D24="","",IFERROR(COUNTIF(INDIRECT("'"&$D24&"'!$AJ$7:$AJ$500"),"N/A"),0))
... B33: =IF($D33="","",ROW()-3) | F33: =IF($D33="","",IFERROR(COUNTIF(INDIRECT("'"&$D33&"'!$C$7:$C$500"),"?*"),0)) | G33: =IF($D33="","",IFERROR(COUNTIF(INDIRECT("'"&$D33&"'!$AO$7:$AO$500"),"Pass"),0)) | H33: =IF($D33="","",IFERROR(COUNTIF(INDIRECT("'"&$D33&"'!$AO$7:$AO$500"),"Fail"),0)) | I33: =IF($D33="","",IFERROR(COUNTIF(INDIRECT("'"&$D33&"'!$AO$7:$AO$500"),"Block"),0)) | J33: =IF($D33="","",IFERROR(COUNTIF(INDIRECT("'"&$D33&"'!$AO$7:$AO$500"),"N/A"),0)) | K33: =IF($D33="","",MAX(0,$F33-$G33-$H33-$I33-$J33)) | L33: =IF($D33="","",$G33+$H33+$I33+$J33) | M33: =IF($D33="","",IFERROR($L33/$F33,0)) | N33: =IF($D33="","",IFERROR($G33/$L33,0)) | O33: =IF($D33="","",IFERROR(COUNTIF(INDIRECT("'"&$D33&"'!$E$7:$E$500"),"High"),0)) | P33: =IF($D33="","",IFERROR(COUNTIF(INDIRECT("'"&$D33&"'!$E$7:$E$500"),"Medium"),0)) | Q33: =IF($D33="","",IFERROR(COUNTIF(INDIRECT("'"&$D33&"'!$E$7:$E$500"),"Low"),0)) | R33: =IF($D33="","",IFERROR(COUNTIF(INDIRECT("'"&$D33&"'!$D$7:$D$500"),"Functional"),0)) | S33: =IF($D33="","",IFERROR(COUNTIF(INDIRECT("'"&$D33&"'!$D$7:$D$500"),"UI"),0)) | T33: =IF($D33="","",IFERROR(COUNTIF(INDIRECT("'"&$D33&"'!$D$7:$D$500"),"Integration"),0)) | U33: =IF($D33="","",IFERROR(COUNTIF(INDIRECT("'"&$D33&"'!$D$7:$D$500"),"Database Test Case"),0)) | V33: =IF($D33="","",IFERROR(COUNTIF(INDIRECT("'"&$D33&"'!$J$7:$J$500"),"AI"),0)) | W33: =IF($D33="","",IFERROR(COUNTIF(INDIRECT("'"&$D33&"'!$J$7:$J$500"),"QC"),0)) | X33: =IF($D33="","",IFERROR(COUNTIF(INDIRECT("'"&$D33&"'!$L$7:$L$500"),"Yes"),0)) | Y33: =IF($D33="","",IFERROR(COUNTIF(INDIRECT("'"&$D33&"'!$AM$7:$AM$500"),"Yes"),0)) | Z33: =IF($D33="","",IFERROR(COUNTIF(INDIRECT("'"&$D33&"'!$AN$7:$AN$500"),"Pass"),0)) | AA33: =IF($D33="","",IFERROR(COUNTIF(INDIRECT("'"&$D33&"'!$K$7:$K$500"),"Reviewed"),0)) | AB33: =IF($D33="","",IFERROR(SUMPRODUCT((INDIRECT("'"&$D33&"'!$E$7:$E$500")="High")*(INDIRECT("'"&$D33&"'!$AO$7:$AO$500")<>"")),0)) | AC33: =IF($D33="","",IFERROR(SUMPRODUCT((INDIRECT("'"&$D33&"'!$E$7:$E$500")="Medium")*(INDIRECT("'"&$D33&"'!$AO$7:$AO$500")<>"")),0)) | AD33: =IF($D33="","",IFERROR(SUMPRODUCT((INDIRECT("'"&$D33&"'!$E$7:$E$500")="Low")*(INDIRECT("'"&$D33&"'!$AO$7:$AO$500")<>"")),0)) | AE33: =IF($D33="","",IFERROR(COUNTIF(INDIRECT("'"&$D33&"'!$P$7:$P$500"),"<>"),0)) | AF33: =IF($D33="","",IFERROR(COUNTIF(INDIRECT("'"&$D33&"'!$P$7:$P$500"),"Pass"),0)) | AG33: =IF($D33="","",IFERROR(COUNTIF(INDIRECT("'"&$D33&"'!$P$7:$P$500"),"Fail"),0)) | AH33: =IF($D33="","",IFERROR(COUNTIF(INDIRECT("'"&$D33&"'!$P$7:$P$500"),"Block"),0)) | AI33: =IF($D33="","",IFERROR(COUNTIF(INDIRECT("'"&$D33&"'!$P$7:$P$500"),"N/A"),0)) | AJ33: =IF($D33="","",IFERROR(COUNTIF(INDIRECT("'"&$D33&"'!$U$7:$U$500"),"<>"),0)) | AK33: =IF($D33="","",IFERROR(COUNTIF(INDIRECT("'"&$D33&"'!$U$7:$U$500"),"Pass"),0)) | AL33: =IF($D33="","",IFERROR(COUNTIF(INDIRECT("'"&$D33&"'!$U$7:$U$500"),"Fail"),0)) | AM33: =IF($D33="","",IFERROR(COUNTIF(INDIRECT("'"&$D33&"'!$U$7:$U$500"),"Block"),0)) | AN33: =IF($D33="","",IFERROR(COUNTIF(INDIRECT("'"&$D33&"'!$U$7:$U$500"),"N/A"),0)) | AO33: =IF($D33="","",IFERROR(COUNTIF(INDIRECT("'"&$D33&"'!$Z$7:$Z$500"),"<>"),0)) | AP33: =IF($D33="","",IFERROR(COUNTIF(INDIRECT("'"&$D33&"'!$Z$7:$Z$500"),"Pass"),0)) | AQ33: =IF($D33="","",IFERROR(COUNTIF(INDIRECT("'"&$D33&"'!$Z$7:$Z$500"),"Fail"),0)) | AR33: =IF($D33="","",IFERROR(COUNTIF(INDIRECT("'"&$D33&"'!$Z$7:$Z$500"),"Block"),0)) | AS33: =IF($D33="","",IFERROR(COUNTIF(INDIRECT("'"&$D33&"'!$Z$7:$Z$500"),"N/A"),0)) | AT33: =IF($D33="","",IFERROR(COUNTIF(INDIRECT("'"&$D33&"'!$AE$7:$AE$500"),"<>"),0)) | AU33: =IF($D33="","",IFERROR(COUNTIF(INDIRECT("'"&$D33&"'!$AE$7:$AE$500"),"Pass"),0)) | AV33: =IF($D33="","",IFERROR(COUNTIF(INDIRECT("'"&$D33&"'!$AE$7:$AE$500"),"Fail"),0)) | AW33: =IF($D33="","",IFERROR(COUNTIF(INDIRECT("'"&$D33&"'!$AE$7:$AE$500"),"Block"),0)) | AX33: =IF($D33="","",IFERROR(COUNTIF(INDIRECT("'"&$D33&"'!$AE$7:$AE$500"),"N/A"),0)) | AY33: =IF($D33="","",IFERROR(COUNTIF(INDIRECT("'"&$D33&"'!$AJ$7:$AJ$500"),"<>"),0)) | AZ33: =IF($D33="","",IFERROR(COUNTIF(INDIRECT("'"&$D33&"'!$AJ$7:$AJ$500"),"Pass"),0)) | BA33: =IF($D33="","",IFERROR(COUNTIF(INDIRECT("'"&$D33&"'!$AJ$7:$AJ$500"),"Fail"),0)) | BB33: =IF($D33="","",IFERROR(COUNTIF(INDIRECT("'"&$D33&"'!$AJ$7:$AJ$500"),"Block"),0)) | BC33: =IF($D33="","",IFERROR(COUNTIF(INDIRECT("'"&$D33&"'!$AJ$7:$AJ$500"),"N/A"),0))
B34: TOTAL | D34: =COUNTIF($D$4:$D$33,"?*")&" sheet" | F34: =SUM(F4:F33) | G34: =SUM(G4:G33) | H34: =SUM(H4:H33) | I34: =SUM(I4:I33) | J34: =SUM(J4:J33) | K34: =SUM(K4:K33) | L34: =SUM(L4:L33) | M34: =IFERROR($L34/$F34,0) | N34: =IFERROR($G34/$L34,0) | O34: =SUM(O4:O33) | P34: =SUM(P4:P33) | Q34: =SUM(Q4:Q33) | R34: =SUM(R4:R33) | S34: =SUM(S4:S33) | T34: =SUM(T4:T33) | U34: =SUM(U4:U33) | V34: =SUM(V4:V33) | ... BC34: =SUM(BC4:BC33)
B36: CÁCH THÊM 1 FUNCTION MỚI (chạy được cả Excel & Google Sheets):
B37: 1. Nhân bản (Duplicate) 1 sheet Test Case có sẵn → đổi tên tab thành tên function mới.
B38: 2. Thêm 1 dòng ở bảng trên: nhập Mã CN, TÊN TAB SHEET (phải giống hệt tên tab), Function.
B39: 3. Xong! Tổng TC / Pass / Coverage / Priority / SDLC tự cộng vào Summary & Report Test.
B40: Lưu ý: cột "Tên tab sheet" phải trùng KHÍT tên tab (kể cả khoảng trắng). Sai tên → dòng đó = 0 (không lỗi).
B41: Các chỉ số lấy từ sheet Test Case: A=Testcase ID · E=Group · F=Priority · K=Origin · L=Review · M=Auto · O=Vibe(tổng) · P=KQ Script(tổng) · Kết quả từng round: S/X/AC/AH/AM · Status(mới nhất)=AP.

Sheet Report Test
B2: I. THÔNG TIN CHUNG | F2: TỔNG QUAN NHANH
B3: Tên dự án | C3: =Summary!$C$6 | F3: Tổng số Bug | I3: =G20
B4: Version | C4: =Summary!$C$8 | F4: Critical + Major | I4: =C101+C102
B5: Sprint | C5: =Summary!$C$9 | F5: % Bug đã Fixed | I5: =IFERROR(C119/C121,0)
B6: Test Period | C6: =TEXT(Summary!$C$10,"DD/MM/YYYY")&" → "&TEXT(Summary!$C$11,"DD/MM/YYYY") | F6: % Coverage (thực thi) | I6: =F62
B7: Thông tin dự án load tự động từ sheet Summary (PROJECT SETUP). Môi trường · thiết bị · tài khoản · phạm vi test: xem mục 'MÔI TRƯỜNG & PHẠM VI TEST' trong Summary. | F7: % Automation | I7: =D202
F8: % Bug do AI phát hiện | I8: =D206
F9: % TC Pass | I9: =IFERROR(C84/C89,0)
F10: Critical/Major còn Open | I10: =COUNTIFS('Bug Data'!$L:$L,20,'Bug Data'!$O:$O,"Open")+COUNTIFS('Bug Data'!$L:$L,10,'Bug Data'!$O:$O,"Open")
B11: II. REPORT TEST | F11: KPI = chỉ số chính (Key Performance Indicator). Ô có màu = nhập ở khối III / Data; số tự cập nhật.
B13: PHẦN A — TỔNG QUAN
B15: 1. Total Test
B16: 1a. Bug Status theo nền tảng (Platform)
B17: Nền tảng | C17: Open | D17: Cancel | E17: Pending | F17: Done | G17: Total
B18: Web | C18: =COUNTIFS('Bug Data'!$O:$O,"Open",'Bug Data'!$N:$N,$B18) | D18: =COUNTIFS('Bug Data'!$O:$O,"Cancel",'Bug Data'!$N:$N,$B18) | E18: =COUNTIFS('Bug Data'!$O:$O,"Pending",'Bug Data'!$N:$N,$B18) | F18: =COUNTIFS('Bug Data'!$O:$O,"Done",'Bug Data'!$N:$N,$B18) | G18: =SUM(C18:F18)
B19: Mobile | C19: =COUNTIFS('Bug Data'!$O:$O,"Open",'Bug Data'!$N:$N,$B19) | D19: =COUNTIFS('Bug Data'!$O:$O,"Cancel",'Bug Data'!$N:$N,$B19) | E19: =COUNTIFS('Bug Data'!$O:$O,"Pending",'Bug Data'!$N:$N,$B19) | F19: =COUNTIFS('Bug Data'!$O:$O,"Done",'Bug Data'!$N:$N,$B19) | G19: =SUM(C19:F19)
B20: Total | C20: =SUM(C18:C19) | D20: =SUM(D18:D19) | E20: =SUM(E18:E19) | F20: =SUM(F18:F19) | G20: =SUM(G18:G19)
B21: Open = bug trên Jira ở trạng thái: Todo, In Progress, In Review.
B39: 1b. Tỷ lệ Bug theo chức năng (Function)
B40: Bug theo chức năng
B41: ID | C41: Chức năng | D41: Open | E41: Cancel | F41: Pending | G41: Done | H41: Total | I41: Tỷ lệ
B42: F01 | C42: Function A | D42: =COUNTIFS('Bug Data'!$O:$O,"Open",'Bug Data'!$M:$M,$C42) | E42: =COUNTIFS('Bug Data'!$O:$O,"Cancel",'Bug Data'!$M:$M,$C42) | F42: =COUNTIFS('Bug Data'!$O:$O,"Pending",'Bug Data'!$M:$M,$C42) | G42: =COUNTIFS('Bug Data'!$O:$O,"Done",'Bug Data'!$M:$M,$C42) | H42: =SUM(D42:G42) | I42: =IFERROR(H42/$H$52,0)
B43: F02 | C43: Function B | D43: =COUNTIFS('Bug Data'!$O:$O,"Open",'Bug Data'!$M:$M,$C43) | E43: =COUNTIFS('Bug Data'!$O:$O,"Cancel",'Bug Data'!$M:$M,$C43) | F43: =COUNTIFS('Bug Data'!$O:$O,"Pending",'Bug Data'!$M:$M,$C43) | G43: =COUNTIFS('Bug Data'!$O:$O,"Done",'Bug Data'!$M:$M,$C43) | H43: =SUM(D43:G43) | I43: =IFERROR(H43/$H$52,0)
B44: F03 | C44: Function C | D44: =COUNTIFS('Bug Data'!$O:$O,"Open",'Bug Data'!$M:$M,$C44) | E44: =COUNTIFS('Bug Data'!$O:$O,"Cancel",'Bug Data'!$M:$M,$C44) | F44: =COUNTIFS('Bug Data'!$O:$O,"Pending",'Bug Data'!$M:$M,$C44) | G44: =COUNTIFS('Bug Data'!$O:$O,"Done",'Bug Data'!$M:$M,$C44) | H44: =SUM(D44:G44) | I44: =IFERROR(H44/$H$52,0)
B45: F04 | D45: =COUNTIFS('Bug Data'!$O:$O,"Open",'Bug Data'!$M:$M,$C45) | E45: =COUNTIFS('Bug Data'!$O:$O,"Cancel",'Bug Data'!$M:$M,$C45) | F45: =COUNTIFS('Bug Data'!$O:$O,"Pending",'Bug Data'!$M:$M,$C45) | G45: =COUNTIFS('Bug Data'!$O:$O,"Done",'Bug Data'!$M:$M,$C45) | H45: =SUM(D45:G45) | I45: =IFERROR(H45/$H$52,0)
B46: F05 | D46: =COUNTIFS('Bug Data'!$O:$O,"Open",'Bug Data'!$M:$M,$C46) | E46: =COUNTIFS('Bug Data'!$O:$O,"Cancel",'Bug Data'!$M:$M,$C46) | F46: =COUNTIFS('Bug Data'!$O:$O,"Pending",'Bug Data'!$M:$M,$C46) | G46: =COUNTIFS('Bug Data'!$O:$O,"Done",'Bug Data'!$M:$M,$C46) | H46: =SUM(D46:G46) | I46: =IFERROR(H46/$H$52,0)
B47: F06 | D47: =COUNTIFS('Bug Data'!$O:$O,"Open",'Bug Data'!$M:$M,$C47) | E47: =COUNTIFS('Bug Data'!$O:$O,"Cancel",'Bug Data'!$M:$M,$C47) | F47: =COUNTIFS('Bug Data'!$O:$O,"Pending",'Bug Data'!$M:$M,$C47) | G47: =COUNTIFS('Bug Data'!$O:$O,"Done",'Bug Data'!$M:$M,$C47) | H47: =SUM(D47:G47) | I47: =IFERROR(H47/$H$52,0)
B48: F07 | D48: =COUNTIFS('Bug Data'!$O:$O,"Open",'Bug Data'!$M:$M,$C48) | E48: =COUNTIFS('Bug Data'!$O:$O,"Cancel",'Bug Data'!$M:$M,$C48) | F48: =COUNTIFS('Bug Data'!$O:$O,"Pending",'Bug Data'!$M:$M,$C48) | G48: =COUNTIFS('Bug Data'!$O:$O,"Done",'Bug Data'!$M:$M,$C48) | H48: =SUM(D48:G48) | I48: =IFERROR(H48/$H$52,0)
B49: F08 | D49: =COUNTIFS('Bug Data'!$O:$O,"Open",'Bug Data'!$M:$M,$C49) | E49: =COUNTIFS('Bug Data'!$O:$O,"Cancel",'Bug Data'!$M:$M,$C49) | F49: =COUNTIFS('Bug Data'!$O:$O,"Pending",'Bug Data'!$M:$M,$C49) | G49: =COUNTIFS('Bug Data'!$O:$O,"Done",'Bug Data'!$M:$M,$C49) | H49: =SUM(D49:G49) | I49: =IFERROR(H49/$H$52,0)
B50: F09 | D50: =COUNTIFS('Bug Data'!$O:$O,"Open",'Bug Data'!$M:$M,$C50) | E50: =COUNTIFS('Bug Data'!$O:$O,"Cancel",'Bug Data'!$M:$M,$C50) | F50: =COUNTIFS('Bug Data'!$O:$O,"Pending",'Bug Data'!$M:$M,$C50) | G50: =COUNTIFS('Bug Data'!$O:$O,"Done",'Bug Data'!$M:$M,$C50) | H50: =SUM(D50:G50) | I50: =IFERROR(H50/$H$52,0)
B51: F10 | D51: =COUNTIFS('Bug Data'!$O:$O,"Open",'Bug Data'!$M:$M,$C51) | E51: =COUNTIFS('Bug Data'!$O:$O,"Cancel",'Bug Data'!$M:$M,$C51) | F51: =COUNTIFS('Bug Data'!$O:$O,"Pending",'Bug Data'!$M:$M,$C51) | G51: =COUNTIFS('Bug Data'!$O:$O,"Done",'Bug Data'!$M:$M,$C51) | H51: =SUM(D51:G51) | I51: =IFERROR(H51/$H$52,0)
B52: Total | D52: =SUM(D42:D51) | E52: =SUM(E42:E51) | F52: =SUM(F42:F51) | G52: =SUM(G42:G51) | H52: =SUM(H42:H51) | I52: =IFERROR(SUM(I42:I51),0)
B54: Thêm chức năng mới: chỉ cần gõ tên Func (đúng như ở sheet Bug Data) vào cột "Chức năng" ở dòng F0x còn trống — số liệu & biểu đồ tự cập nhật, không phải sửa công thức.
B56: 2. Coverage (Độ phủ Test Case)
B57: Coverage theo chức năng
B58: ID | C58: Chức năng | D58: Total TC | E58: Executed TC | F58: Coverage | G58: Note
B59: F01 | C59: =IF(Dashboard!$D4="","",Dashboard!$E4) | D59: =IF(Dashboard!$D4="","",Dashboard!$F4) | E59: =IF(Dashboard!$D4="","",Dashboard!$L4) | F59: =IFERROR(E59/D59,0)
B60: F02 | C60: =IF(Dashboard!$D5="","",Dashboard!$E5) | D60: =IF(Dashboard!$D5="","",Dashboard!$F5) | E60: =IF(Dashboard!$D5="","",Dashboard!$L5) | F60: =IFERROR(E60/D60,0)
B61: F03 | C61: =IF(Dashboard!$D6="","",Dashboard!$E6) | D61: =IF(Dashboard!$D6="","",Dashboard!$F6) | E61: =IF(Dashboard!$D6="","",Dashboard!$L6) | F61: =IFERROR(E61/D61,0)
B62: Total | D62: =Dashboard!$F$34 | E62: =Dashboard!$L$34 | F62: =IFERROR(E62/D62,0)
B63: Tổng (dòng Total) = gộp TẤT CẢ sheet Test Case. 3 dòng chi tiết ở trên minh hoạ 3 function đầu — danh sách đầy đủ theo từng sheet xem ở "Dashboard".
B81: 2b. Kết quả thực thi Test Case
B82: Kết quả TC theo Status (từ sheet Test Cases)
B83: Trạng thái | C83: Số lượng | D83: Tỷ lệ
B84: Pass | C84: =Dashboard!$G$34 | D84: =IFERROR(C84/$C$89,0)
B85: Fail | C85: =Dashboard!$H$34 | D85: =IFERROR(C85/$C$89,0)
B86: Block | C86: =Dashboard!$I$34 | D86: =IFERROR(C86/$C$89,0)
B87: N/A | C87: =Dashboard!$J$34 | D87: =IFERROR(C87/$C$89,0)
B88: Chưa thực hiện | C88: =Dashboard!$K$34 | D88: =IFERROR(C88/$C$89,0)
B89: Total | C89: =SUM(C84:C88) | D89: =IFERROR(SUM(D84:D88),0)
B98: 3. Bug Severity
B99: Bug Severity
B100: Mức độ | C100: Số lượng | D100: Thang điểm | E100: Tỷ lệ
B101: Critical Bug | C101: =COUNTIF('Bug Data'!$L:$L,20) | D101: 20 | E101: =IFERROR(C101/$C$105,0)
B102: Major Bug | C102: =COUNTIF('Bug Data'!$L:$L,10) | D102: 10 | E102: =IFERROR(C102/$C$105,0)
B103: Medium Bug | C103: =COUNTIF('Bug Data'!$L:$L,5) | D103: 5 | E103: =IFERROR(C103/$C$105,0)
B104: Low Bug | C104: =COUNTIF('Bug Data'!$L:$L,2) | D104: 2 | E104: =IFERROR(C104/$C$105,0)
B105: Total | C105: =SUM(C101:C104) | E105: =IFERROR(SUM(E101:E104),0)
B106: Thang điểm: Critical=20, Major=10, Medium=5, Low=2.
B114: PHẦN B — CHI TIẾT QC
B116: 4. Bug Resolution
B117: Bug Resolution
B118: Resolution | C118: Số lượng | D118: Tỷ lệ
B119: Fixed | C119: =COUNTIF('Bug Data'!$P:$P,$B119) | D119: =IFERROR(C119/$C$121,0)
B120: Won't fix | C120: =COUNTIF('Bug Data'!$P:$P,$B120) | D120: =IFERROR(C120/$C$121,0)
B121: Total | C121: =SUM(C119:C120) | D121: =IFERROR(SUM(D119:D120),0)
B132: 5. Bug Won't fix By Reason
B133: Bug Won't fix By Reason
B134: Mã | C134: Lý do | E134: Số lượng
B135: 1.1 | C135: QC miss thông tin/ nghiệp vụ | E135: =COUNTIF('Bug Data'!$Q:$Q,$B135&" "&$C135)
B136: 1.2 | C136: QC post trùng bug | E136: =COUNTIF('Bug Data'!$Q:$Q,$B136&" "&$C136)
B137: 1.3 | C137: QC không tái hiện được Bug | E137: =COUNTIF('Bug Data'!$Q:$Q,$B137&" "&$C137)
B138: 2.1 | C138: BA miss luồng | E138: =COUNTIF('Bug Data'!$Q:$Q,$B138&" "&$C138)
B139: 2.2 | C139: BA thiếu/ sai nghiệp vụ | E139: =COUNTIF('Bug Data'!$Q:$Q,$B139&" "&$C139)
B140: 3.1 | C140: Dev không sửa do Ngoài scope dự án | E140: =COUNTIF('Bug Data'!$Q:$Q,$B140&" "&$C140)
B141: 3.2 | C141: Dev không fix do Phụ thuộc thông tin các bên liên quan ngoài ISC | E141: =COUNTIF('Bug Data'!$Q:$Q,$B141&" "&$C141)
B142: 3.3 | C142: Dev không fix do Điều kiện test không đáp ứng (Môi trường, cấu hình, dữ liệu, thiết bị,...) | E142: =COUNTIF('Bug Data'!$Q:$Q,$B142&" "&$C142)
B143: 3.4 | C143: Dev miss thông tin | E143: =COUNTIF('Bug Data'!$Q:$Q,$B143&" "&$C143)
B144: 4.1 | C144: PM/PMO CR, QC không nhận thông tin | E144: =COUNTIF('Bug Data'!$Q:$Q,$B144&" "&$C144)
B145: Total | E145: =SUM(E135:E144)
B148: 6. Defect Type
B149: Defect Type
B150: Loại | C150: SL
B151: Data | C151: =COUNTIF('Bug Data'!$R:$R,$B151)
B152: Interface | C152: =COUNTIF('Bug Data'!$R:$R,$B152)
B153: Logic | C153: =COUNTIF('Bug Data'!$R:$R,$B153)
B154: Requirement | C154: =COUNTIF('Bug Data'!$R:$R,$B154)
B155: Server | C155: =COUNTIF('Bug Data'!$R:$R,$B155)
B156: Other | C156: =COUNTIF('Bug Data'!$R:$R,$B156)
B157: Total | C157: =SUM(C151:C156)
B164: 7. Effect
B165: Effect
B166: Loại | C166: SL
B167: Functionality | C167: =COUNTIF('Bug Data'!$S:$S,$B167)
B168: Performance | C168: =COUNTIF('Bug Data'!$S:$S,$B168)
B169: Security | C169: =COUNTIF('Bug Data'!$S:$S,$B169)
B170: Serviceability | C170: =COUNTIF('Bug Data'!$S:$S,$B170)
B171: Usability | C171: =COUNTIF('Bug Data'!$S:$S,$B171)
B172: Total | C172: =SUM(C167:C171)
B180: 8. Bug Rework
...

Sheet Bug Data
A1: Key | B1: Type | C1: Summary | D1: Status (Jira) | E1: Priority (Jira) | F1: Assignee | G1: Reporter | H1: Created | I1: Resolved | J1: Fix Version | K1: Sprint | L1: Severity | M1: Function | N1: Platform | O1: Bug Status | P1: Resolution | Q1: Won't Fix Reason | R1: Defect | S1: Effect | T1: Rework number | U1: Round | V1: Round closed bug | Y1: Danh mục Won't Fix Reason (nguồn dropdown cột Q) | AA1: HƯỚNG DẪN IMPORT TỪ JIRA
A2: IP-101 | B2: Bug | C2: Đăng nhập sai mật khẩu không báo lỗi | D2: Done | E2: Highest | F2: BinhPTH3 | G2: PhucDN7 | H2: 01/06/2026 | I2: 03/06/2026 | J2: v1.0 | K2: R1 | L2: 20 | M2: Function A | N2: Web | O2: =IF($D2="","",IF(OR($D2="Todo",$D2="To Do",$D2="In Progress",$D2="In Review"),"Open",IF($D2="Cancel","Cancel",IF($D2="Pending","Pending",IF($D2="Done","Done",$D2))))) | P2: Fixed | R2: Logic | S2: Functionality | T2: 1 | U2: 1 | V2: 1 | Y2: 1.1 QC miss thông tin/ nghiệp vụ | AA2: ① KHỐI JIRA (cột A–K, nền vàng): export/CSV từ Jira rồi dán trực tiếp bắt đầu ô A2.
A3: IP-102 | B3: Bug | C3: Layout combo lệch trên mobile | D3: In Progress | E3: Medium | F3: QuanVH15 | G3: ThuyenNT | H3: 02/06/2026 | J3: v1.0 | K3: R1 | L3: 5 | M3: Function B | N3: Mobile | O3: =IF($D3="","",IF(OR($D3="Todo",$D3="To Do",$D3="In Progress",$D3="In Review"),"Open",IF($D3="Cancel","Cancel",IF($D3="Pending","Pending",IF($D3="Done","Done",$D3))))) | R3: Interface | S3: Usability | T3: 2 | U3: 1 | Y3: 1.2 QC post trùng bug | AA3: • Board dự án: foxproject.atlassian.net (project key IP). Mỗi round = 1 Sprint.
A4: IP-103 | B4: Bug | C4: API timeout khi tải danh sách | D4: Pending | E4: High | F4: QuanVH16 | G4: HaTTM | H4: 03/06/2026 | J4: v1.0 | K4: R1 | L4: 10 | M4: Function C | N4: Mobile | O4: =IF($D4="","",IF(OR($D4="Todo",$D4="To Do",$D4="In Progress",$D4="In Review"),"Open",IF($D4="Cancel","Cancel",IF($D4="Pending","Pending",IF($D4="Done","Done",$D4))))) | P4: Won't fix | Q4: 3.2 Dev không fix do Phụ thuộc thông tin các bên liên quan ngoài ISC | R4: Server | S4: Performance | T4: 3 | U4: 1 | Y4: 1.3 QC không tái hiện được Bug | AA4: • A Key, B Type, C Summary, D Status, E Priority, F Assignee, G Reporter,
A5: IP-104 | B5: Bug | C5: Sai thông báo khi validate ngày | D5: In Review | E5: High | F5: ChuyenNT5 | G5: HuyenNHK | H5: 04/06/2026 | J5: v1.0 | K5: R1 | L5: 10 | M5: Function A | N5: Web | O5: =IF($D5="","",IF(OR($D5="Todo",$D5="To Do",$D5="In Progress",$D5="In Review"),"Open",IF($D5="Cancel","Cancel",IF($D5="Pending","Pending",IF($D5="Done","Done",$D5))))) | R5: Logic | S5: Functionality | T5: 1 | U5: 1 | Y5: 2.1 BA miss luồng | AA5: H Created, I Resolved, J Fix Version, K Sprint — khớp cột export mặc định của Jira.
A6: IP-105 | B6: Bug | C6: Phân quyền sai, user xem được dữ liệu cấm | D6: Done | E6: Highest | F6: VanMTT3 | G6: PhucDN7 | H6: 05/06/2026 | I6: 09/06/2026 | J6: v1.0 | K6: R1 | L6: 20 | M6: Function B | N6: Web | O6: =IF($D6="","",IF(OR($D6="Todo",$D6="To Do",$D6="In Progress",$D6="In Review"),"Open",IF($D6="Cancel","Cancel",IF($D6="Pending","Pending",IF($D6="Done","Done",$D6))))) | P6: Fixed | R6: Server | S6: Security | T6: 1 | U6: 1 | V6: 1 | Y6: 2.2 BA thiếu/ sai nghiệp vụ | AA6: ② KHỐI QC PHÂN TÍCH (cột L–V, nền cam): QC tự điền, là nguồn cho biểu đồ sheet Report Test.
A7: IP-106 | B7: Bug | C7: Nút Lưu mờ không bấm được | D7: Cancel | E7: Low | F7: BinhPTH3 | G7: ThuyenNT | H7: 06/06/2026 | J7: v1.0 | K7: R1 | L7: 2 | M7: Function C | N7: Mobile | O7: =IF($D7="","",IF(OR($D7="Todo",$D7="To Do",$D7="In Progress",$D7="In Review"),"Open",IF($D7="Cancel","Cancel",IF($D7="Pending","Pending",IF($D7="Done","Done",$D7))))) | R7: Data | S7: Usability | T7: 4 | U7: 1 | Y7: 3.1 Dev không sửa do Ngoài scope dự án | AA7: • L Severity (20=Critical,10=Major,5=Medium,2=Low) — map từ Priority/field Severity của Jira.
A8: IP-107 | B8: Bug | C8: Sai định dạng tiền tệ trên màn list | D8: Done | E8: Medium | F8: QuanVH15 | G8: HaTTM | H8: 07/06/2026 | I8: 10/06/2026 | J8: v1.0 | K8: R1 | L8: 5 | M8: Function A | N8: Web | O8: =IF($D8="","",IF(OR($D8="Todo",$D8="To Do",$D8="In Progress",$D8="In Review"),"Open",IF($D8="Cancel","Cancel",IF($D8="Pending","Pending",IF($D8="Done","Done",$D8))))) | P8: Fixed | R8: Interface | S8: Functionality | T8: 2 | U8: 1 | V8: 1 | Y8: 3.2 Dev không fix do Phụ thuộc thông tin các bên liên quan ngoài ISC | AA8: • O Bug Status: CÔNG THỨC tự tính từ D (To Do/In Progress/In Review→Open; Pending/Cancel/Done giữ nguyên). KHÔNG nhập tay.
A9: IP-108 | B9: Bug | C9: Tải trang chậm khi nhiều bản ghi | D9: To Do | E9: High | F9: QuanVH16 | G9: HuyenNHK | H9: 08/06/2026 | J9: v1.0 | K9: R1 | L9: 10 | M9: Function B | N9: Mobile | O9: =IF($D9="","",IF(OR($D9="Todo",$D9="To Do",$D9="In Progress",$D9="In Review"),"Open",IF($D9="Cancel","Cancel",IF($D9="Pending","Pending",IF($D9="Done","Done",$D9))))) | R9: Logic | S9: Performance | T9: 1 | U9: 1 | Y9: 3.3 Dev không fix do Điều kiện test không đáp ứng (Môi trường, cấu hình, dữ liệu, thiết bị,...) | AA9: • U Round: round PHÁT HIỆN bug (1..5) — map từ Sprint (K). Là nguồn cho biểu đồ xu hướng theo Round.
A10: IP-109 | B10: Bug | C10: Mất dữ liệu khi submit 2 lần | D10: Done | E10: Highest | F10: ChuyenNT5 | G10: PhucDN7 | H10: 09/06/2026 | I10: 16/06/2026 | J10: v1.0 | K10: R2 | L10: 20 | M10: Function C | N10: Web | O10: =IF($D10="","",IF(OR($D10="Todo",$D10="To Do",$D10="In Progress",$D10="In Review"),"Open",IF($D10="Cancel","Cancel",IF($D10="Pending","Pending",IF($D10="Done","Done",$D10))))) | P10: Fixed | R10: Server | S10: Functionality | T10: 1 | U10: 2 | V10: 2 | Y10: 3.4 Dev miss thông tin | AA10: • V Round closed bug: round ĐÓNG bug (1..5) — điền khi bug đã Done; để trống nếu chưa đóng.
A11: IP-110 | B11: Bug | C11: Hiển thị tiếng Việt lỗi font | D11: Pending | E11: Medium | F11: VanMTT3 | G11: ThuyenNT | H11: 10/06/2026 | J11: v1.0 | K11: R2 | L11: 5 | M11: Function A | N11: Mobile | O11: =IF($D11="","",IF(OR($D11="Todo",$D11="To Do",$D11="In Progress",$D11="In Review"),"Open",IF($D11="Cancel","Cancel",IF($D11="Pending","Pending",IF($D11="Done","Done",$D11))))) | P11: Won't fix | Q11: 1.3 QC không tái hiện được Bug | R11: Other | S11: Usability | T11: 5 | U11: 2 | Y11: 4.1 PM/PMO CR, QC không nhận thông tin | AA11: • Q Won't Fix Reason: chọn theo danh mục (mã + lý do) ở cột Y.
A12: IP-111 | B12: Bug | C12: Tính tổng sai khi có chiết khấu | D12: Done | E12: High | F12: BinhPTH3 | G12: HaTTM | H12: 11/06/2026 | I12: 17/06/2026 | J12: v1.0 | K12: R2 | L12: 10 | M12: Function B | N12: Web | O12: =IF($D12="","",IF(OR($D12="Todo",$D12="To Do",$D12="In Progress",$D12="In Review"),"Open",IF($D12="Cancel","Cancel",IF($D12="Pending","Pending",IF($D12="Done","Done",$D12))))) | P12: Fixed | R12: Logic | S12: Functionality | T12: 1 | U12: 2 | V12: 2 | AA12: ③ 13 dòng mẫu nền vàng/cam: xoá khi dùng dữ liệu thật. Chỉ dán vào khối Jira, khối QC điền tay.
A13: IP-112 | B13: Bug | C13: Log không ghi nhận thao tác xóa | D13: In Progress | E13: Low | F13: QuanVH15 | G13: HuyenNHK | H13: 12/06/2026 | J13: v1.0 | K13: R3 | L13: 2 | M13: Function C | N13: Mobile | O13: =IF($D13="","",IF(OR($D13="Todo",$D13="To Do",$D13="In Progress",$D13="In Review"),"Open",IF($D13="Cancel","Cancel",IF($D13="Pending","Pending",IF($D13="Done","Done",$D13))))) | R13: Data | S13: Serviceability | T13: 2 | U13: 3 | AA13: Ghi chú: mapping theo cấu trúc export chuẩn của Jira; nếu dự án dùng custom field (Severity, Sprint) có thể chỉnh cột tương ứng.
A14: IP-113 | B14: Bug | C14: Token không hết hạn sau khi logout | D14: Done | E14: High | F14: QuanVH16 | G14: PhucDN7 | H14: 13/06/2026 | I14: 18/06/2026 | J14: v1.0 | K14: R3 | L14: 10 | M14: Function A | N14: Web | O14: =IF($D14="","",IF(OR($D14="Todo",$D14="To Do",$D14="In Progress",$D14="In Review"),"Open",IF($D14="Cancel","Cancel",IF($D14="Pending","Pending",IF($D14="Done","Done",$D14))))) | P14: Fixed | R14: Interface | S14: Security | T14: 1 | U14: 3 | V14: 3
O15: =IF($D15="","",IF(OR($D15="Todo",$D15="To Do",$D15="In Progress",$D15="In Review"),"Open",IF($D15="Cancel","Cancel",IF($D15="Pending","Pending",IF($D15="Done","Done",$D15)))))
O16: =IF($D16="","",IF(OR($D16="Todo",$D16="To Do",$D16="In Progress",$D16="In Review"),"Open",IF($D16="Cancel","Cancel",IF($D16="Pending","Pending",IF($D16="Done","Done",$D16)))))
O17: =IF($D17="","",IF(OR($D17="Todo",$D17="To Do",$D17="In Progress",$D17="In Review"),"Open",IF($D17="Cancel","Cancel",IF($D17="Pending","Pending",IF($D17="Done","Done",$D17)))))
O18: =IF($D18="","",IF(OR($D18="Todo",$D18="To Do",$D18="In Progress",$D18="In Review"),"Open",IF($D18="Cancel","Cancel",IF($D18="Pending","Pending",IF($D18="Done","Done",$D18)))))
O19: =IF($D19="","",IF(OR($D19="Todo",$D19="To Do",$D19="In Progress",$D19="In Review"),"Open",IF($D19="Cancel","Cancel",IF($D19="Pending","Pending",IF($D19="Done","Done",$D19)))))
O20: =IF($D20="","",IF(OR($D20="Todo",$D20="To Do",$D20="In Progress",$D20="In Review"),"Open",IF($D20="Cancel","Cancel",IF($D20="Pending","Pending",IF($D20="Done","Done",$D20)))))
O21: =IF($D21="","",IF(OR($D21="Todo",$D21="To Do",$D21="In Progress",$D21="In Review"),"Open",IF($D21="Cancel","Cancel",IF($D21="Pending","Pending",IF($D21="Done","Done",$D21)))))
O22: =IF($D22="","",IF(OR($D22="Todo",$D22="To Do",$D22="In Progress",$D22="In Review"),"Open",IF($D22="Cancel","Cancel",IF($D22="Pending","Pending",IF($D22="Done","Done",$D22)))))
O23: =IF($D23="","",IF(OR($D23="Todo",$D23="To Do",$D23="In Progress",$D23="In Review"),"Open",IF($D23="Cancel","Cancel",IF($D23="Pending","Pending",IF($D23="Done","Done",$D23)))))
O24: =IF($D24="","",IF(OR($D24="Todo",$D24="To Do",$D24="In Progress",$D24="In Review"),"Open",IF($D24="Cancel","Cancel",IF($D24="Pending","Pending",IF($D24="Done","Done",$D24)))))
O25: =IF($D25="","",IF(OR($D25="Todo",$D25="To Do",$D25="In Progress",$D25="In Review"),"Open",IF($D25="Cancel","Cancel",IF($D25="Pending","Pending",IF($D25="Done","Done",$D25)))))
O26: =IF($D26="","",IF(OR($D26="Todo",$D26="To Do",$D26="In Progress",$D26="In Review"),"Open",IF($D26="Cancel","Cancel",IF($D26="Pending","Pending",IF($D26="Done","Done",$D26)))))
... O250: =IF($D250="","",IF(OR($D250="Todo",$D250="To Do",$D250="In Progress",$D250="In Review"),"Open",IF($D250="Cancel","Cancel",IF($D250="Pending","Pending",IF($D250="Done","Done",$D250)))))

Sheet RTM
B2: RTM — MA TRẬN TRUY VẾT YÊU CẦU (Requirement Traceability Matrix)
B3: Mỗi dòng = 1 yêu cầu (Req ID). Số liệu tự đếm từ sheet Test Cases. Yêu cầu có 0 TC = LỖ HỔNG phủ (gap).
B5: Req ID | C5: Yêu cầu (mô tả) | D5: Nguồn (DOC) | E5: Số TC | F5: Đã chạy | G5: Pass | H5: Fail | I5: % phủ | J5: Trạng thái
B6: REQ-USR-002 | C6: Xem hồ sơ cá nhân (view-only — xem C-USR-03) | D6: USR-02 · DOC-v1.0-01 §A6 | E6: =COUNTIF('Hoạt động'!$B$8:$B$502,"*"&$B6&"*")+COUNTIF('Cá nhân'!$B$8:$B$502,"*"&$B6&"*")+COUNTIF('Thông báo'!$B$8:$B$502,"*"&$B6&"*")+COUNTIF('Đăng tin'!$B$8:$B$502,"*"&$B6&"*")+COUNTIF('Trang chủ'!$B$8:$B$502,"*"&$B6&"*")+COUNTIF('Bảng tin & Chi tiết tin'!$B$8:$B$502,"*"&$B6&"*")+COUNTIF('Theo dõi đơn'!$B$8:$B$502,"*"&$B6&"*")+COUNTIF('Huỷ đơn'!$B$8:$B$502,"*"&$B6&"*")+COUNTIF('Tặng quà'!$B$8:$B$502,"*"&$B6&"*") | F6: =SUMPRODUCT(ISNUMBER(SEARCH($B6,'Hoạt động'!$B$8:$B$502))*('Hoạt động'!$AO$8:$AO$502<>""))+SUMPRODUCT(ISNUMBER(SEARCH($B6,'Cá nhân'!$B$8:$B$502))*('Cá nhân'!$AO$8:$AO$502<>""))+SUMPRODUCT(ISNUMBER(SEARCH($B6,'Thông báo'!$B$8:$B$502))*('Thông báo'!$AO$8:$AO$502<>""))+SUMPRODUCT(ISNUMBER(SEARCH($B6,'Đăng tin'!$B$8:$B$502))*('Đăng tin'!$AO$8:$AO$502<>""))+SUMPRODUCT(ISNUMBER(SEARCH($B6,'Trang chủ'!$B$8:$B$502))*('Trang chủ'!$AO$8:$AO$502<>""))+SUMPRODUCT(ISNUMBER(SEARCH($B6,'Bảng tin & Chi tiết tin'!$B$8:$B$502))*('Bảng tin & Chi tiết tin'!$AO$8:$AO$502<>""))+SUMPRODUCT(ISNUMBER(SEARCH($B6,'Theo dõi đơn'!$B$8:$B$502))*('Theo dõi đơn'!$AO$8:$AO$502<>""))+SUMPRODUCT(ISNUMBER(SEARCH($B6,'Huỷ đơn'!$B$8:$B$502))*('Huỷ đơn'!$AO$8:$AO$502<>""))+SUMPRODUCT(ISNUMBER(SEARCH($B6,'Tặng quà'!$B$8:$B$502))*('Tặng quà'!$AO$8:$AO$502<>"")) | G6: =COUNTIFS('Hoạt động'!$B$8:$B$502,"*"&$B6&"*",'Hoạt động'!$AO$8:$AO$502,"Pass")+COUNTIFS('Cá nhân'!$B$8:$B$502,"*"&$B6&"*",'Cá nhân'!$AO$8:$AO$502,"Pass")+COUNTIFS('Thông báo'!$B$8:$B$502,"*"&$B6&"*",'Thông báo'!$AO$8:$AO$502,"Pass")+COUNTIFS('Đăng tin'!$B$8:$B$502,"*"&$B6&"*",'Đăng tin'!$AO$8:$AO$502,"Pass")+COUNTIFS('Trang chủ'!$B$8:$B$502,"*"&$B6&"*",'Trang chủ'!$AO$8:$AO$502,"Pass")+COUNTIFS('Bảng tin & Chi tiết tin'!$B$8:$B$502,"*"&$B6&"*",'Bảng tin & Chi tiết tin'!$AO$8:$AO$502,"Pass")+COUNTIFS('Theo dõi đơn'!$B$8:$B$502,"*"&$B6&"*",'Theo dõi đơn'!$AO$8:$AO$502,"Pass")+COUNTIFS('Huỷ đơn'!$B$8:$B$502,"*"&$B6&"*",'Huỷ đơn'!$AO$8:$AO$502,"Pass")+COUNTIFS('Tặng quà'!$B$8:$B$502,"*"&$B6&"*",'Tặng quà'!$AO$8:$AO$502,"Pass") | H6: =COUNTIFS('Hoạt động'!$B$8:$B$502,"*"&$B6&"*",'Hoạt động'!$AO$8:$AO$502,"Fail")+COUNTIFS('Cá nhân'!$B$8:$B$502,"*"&$B6&"*",'Cá nhân'!$AO$8:$AO$502,"Fail")+COUNTIFS('Thông báo'!$B$8:$B$502,"*"&$B6&"*",'Thông báo'!$AO$8:$AO$502,"Fail")+COUNTIFS('Đăng tin'!$B$8:$B$502,"*"&$B6&"*",'Đăng tin'!$AO$8:$AO$502,"Fail")+COUNTIFS('Trang chủ'!$B$8:$B$502,"*"&$B6&"*",'Trang chủ'!$AO$8:$AO$502,"Fail")+COUNTIFS('Bảng tin & Chi tiết tin'!$B$8:$B$502,"*"&$B6&"*",'Bảng tin & Chi tiết tin'!$AO$8:$AO$502,"Fail")+COUNTIFS('Theo dõi đơn'!$B$8:$B$502,"*"&$B6&"*",'Theo dõi đơn'!$AO$8:$AO$502,"Fail")+COUNTIFS('Huỷ đơn'!$B$8:$B$502,"*"&$B6&"*",'Huỷ đơn'!$AO$8:$AO$502,"Fail")+COUNTIFS('Tặng quà'!$B$8:$B$502,"*"&$B6&"*",'Tặng quà'!$AO$8:$AO$502,"Fail") | I6: =IFERROR(F6/E6,0) | J6: =IF(E6=0,"Chưa có TC (gap)",IF(H6>0,"Có lỗi (Fail)",IF(F6>=E6,"Đã test xong","Đang test")))
B7: REQ-USR-003 | C7: Hiển thị phòng ban + khu vực/tỉnh | D7: USR-04 · DOC-v1.0-01 §A6 | E7: =COUNTIF('Hoạt động'!$B$8:$B$502,"*"&$B7&"*")+COUNTIF('Cá nhân'!$B$8:$B$502,"*"&$B7&"*")+COUNTIF('Thông báo'!$B$8:$B$502,"*"&$B7&"*")+COUNTIF('Đăng tin'!$B$8:$B$502,"*"&$B7&"*")+COUNTIF('Trang chủ'!$B$8:$B$502,"*"&$B7&"*")+COUNTIF('Bảng tin & Chi tiết tin'!$B$8:$B$502,"*"&$B7&"*")+COUNTIF('Theo dõi đơn'!$B$8:$B$502,"*"&$B7&"*")+COUNTIF('Huỷ đơn'!$B$8:$B$502,"*"&$B7&"*")+COUNTIF('Tặng quà'!$B$8:$B$502,"*"&$B7&"*") | F7: =SUMPRODUCT(ISNUMBER(SEARCH($B7,'Hoạt động'!$B$8:$B$502))*('Hoạt động'!$AO$8:$AO$502<>""))+SUMPRODUCT(ISNUMBER(SEARCH($B7,'Cá nhân'!$B$8:$B$502))*('Cá nhân'!$AO$8:$AO$502<>""))+SUMPRODUCT(ISNUMBER(SEARCH($B7,'Thông báo'!$B$8:$B$502))*('Thông báo'!$AO$8:$AO$502<>""))+SUMPRODUCT(ISNUMBER(SEARCH($B7,'Đăng tin'!$B$8:$B$502))*('Đăng tin'!$AO$8:$AO$502<>""))+SUMPRODUCT(ISNUMBER(SEARCH($B7,'Trang chủ'!$B$8:$B$502))*('Trang chủ'!$AO$8:$AO$502<>""))+SUMPRODUCT(ISNUMBER(SEARCH($B7,'Bảng tin & Chi tiết tin'!$B$8:$B$502))*('Bảng tin & Chi tiết tin'!$AO$8:$AO$502<>""))+SUMPRODUCT(ISNUMBER(SEARCH($B7,'Theo dõi đơn'!$B$8:$B$502))*('Theo dõi đơn'!$AO$8:$AO$502<>""))+SUMPRODUCT(ISNUMBER(SEARCH($B7,'Huỷ đơn'!$B$8:$B$502))*('Huỷ đơn'!$AO$8:$AO$502<>""))+SUMPRODUCT(ISNUMBER(SEARCH($B7,'Tặng quà'!$B$8:$B$502))*('Tặng quà'!$AO$8:$AO$502<>"")) | G7: =COUNTIFS('Hoạt động'!$B$8:$B$502,"*"&$B7&"*",'Hoạt động'!$AO$8:$AO$502,"Pass")+COUNTIFS('Cá nhân'!$B$8:$B$502,"*"&$B7&"*",'Cá nhân'!$AO$8:$AO$502,"Pass")+COUNTIFS('Thông báo'!$B$8:$B$502,"*"&$B7&"*",'Thông báo'!$AO$8:$AO$502,"Pass")+COUNTIFS('Đăng tin'!$B$8:$B$502,"*"&$B7&"*",'Đăng tin'!$AO$8:$AO$502,"Pass")+COUNTIFS('Trang chủ'!$B$8:$B$502,"*"&$B7&"*",'Trang chủ'!$AO$8:$AO$502,"Pass")+COUNTIFS('Bảng tin & Chi tiết tin'!$B$8:$B$502,"*"&$B7&"*",'Bảng tin & Chi tiết tin'!$AO$8:$AO$502,"Pass")+COUNTIFS('Theo dõi đơn'!$B$8:$B$502,"*"&$B7&"*",'Theo dõi đơn'!$AO$8:$AO$502,"Pass")+COUNTIFS('Huỷ đơn'!$B$8:$B$502,"*"&$B7&"*",'Huỷ đơn'!$AO$8:$AO$502,"Pass")+COUNTIFS('Tặng quà'!$B$8:$B$502,"*"&$B7&"*",'Tặng quà'!$AO$8:$AO$502,"Pass") | H7: =COUNTIFS('Hoạt động'!$B$8:$B$502,"*"&$B7&"*",'Hoạt động'!$AO$8:$AO$502,"Fail")+COUNTIFS('Cá nhân'!$B$8:$B$502,"*"&$B7&"*",'Cá nhân'!$AO$8:$AO$502,"Fail")+COUNTIFS('Thông báo'!$B$8:$B$502,"*"&$B7&"*",'Thông báo'!$AO$8:$AO$502,"Fail")+COUNTIFS('Đăng tin'!$B$8:$B$502,"*"&$B7&"*",'Đăng tin'!$AO$8:$AO$502,"Fail")+COUNTIFS('Trang chủ'!$B$8:$B$502,"*"&$B7&"*",'Trang chủ'!$AO$8:$AO$502,"Fail")+COUNTIFS('Bảng tin & Chi tiết tin'!$B$8:$B$502,"*"&$B7&"*",'Bảng tin & Chi tiết tin'!$AO$8:$AO$502,"Fail")+COUNTIFS('Theo dõi đơn'!$B$8:$B$502,"*"&$B7&"*",'Theo dõi đơn'!$AO$8:$AO$502,"Fail")+COUNTIFS('Huỷ đơn'!$B$8:$B$502,"*"&$B7&"*",'Huỷ đơn'!$AO$8:$AO$502,"Fail")+COUNTIFS('Tặng quà'!$B$8:$B$502,"*"&$B7&"*",'Tặng quà'!$AO$8:$AO$502,"Fail") | I7: =IFERROR(F7/E7,0) | J7: =IF(E7=0,"Chưa có TC (gap)",IF(H7>0,"Có lỗi (Fail)",IF(F7>=E7,"Đã test xong","Đang test")))
B8: REQ-USR-004 | C8: Hiển thị tổng đơn đã giúp + tổng quà ảo nhận (không tính điểm/CO₂) | D8: USR-05 · DOC-v1.0-01 §A6, §A7 + DOC-v1.0-04 | E8: =COUNTIF('Hoạt động'!$B$8:$B$502,"*"&$B8&"*")+COUNTIF('Cá nhân'!$B$8:$B$502,"*"&$B8&"*")+COUNTIF('Thông báo'!$B$8:$B$502,"*"&$B8&"*")+COUNTIF('Đăng tin'!$B$8:$B$502,"*"&$B8&"*")+COUNTIF('Trang chủ'!$B$8:$B$502,"*"&$B8&"*")+COUNTIF('Bảng tin & Chi tiết tin'!$B$8:$B$502,"*"&$B8&"*")+COUNTIF('Theo dõi đơn'!$B$8:$B$502,"*"&$B8&"*")+COUNTIF('Huỷ đơn'!$B$8:$B$502,"*"&$B8&"*")+COUNTIF('Tặng quà'!$B$8:$B$502,"*"&$B8&"*") | F8: =SUMPRODUCT(ISNUMBER(SEARCH($B8,'Hoạt động'!$B$8:$B$502))*('Hoạt động'!$AO$8:$AO$502<>""))+SUMPRODUCT(ISNUMBER(SEARCH($B8,'Cá nhân'!$B$8:$B$502))*('Cá nhân'!$AO$8:$AO$502<>""))+SUMPRODUCT(ISNUMBER(SEARCH($B8,'Thông báo'!$B$8:$B$502))*('Thông báo'!$AO$8:$AO$502<>""))+SUMPRODUCT(ISNUMBER(SEARCH($B8,'Đăng tin'!$B$8:$B$502))*('Đăng tin'!$AO$8:$AO$502<>""))+SUMPRODUCT(ISNUMBER(SEARCH($B8,'Trang chủ'!$B$8:$B$502))*('Trang chủ'!$AO$8:$AO$502<>""))+SUMPRODUCT(ISNUMBER(SEARCH($B8,'Bảng tin & Chi tiết tin'!$B$8:$B$502))*('Bảng tin & Chi tiết tin'!$AO$8:$AO$502<>""))+SUMPRODUCT(ISNUMBER(SEARCH($B8,'Theo dõi đơn'!$B$8:$B$502))*('Theo dõi đơn'!$AO$8:$AO$502<>""))+SUMPRODUCT(ISNUMBER(SEARCH($B8,'Huỷ đơn'!$B$8:$B$502))*('Huỷ đơn'!$AO$8:$AO$502<>""))+SUMPRODUCT(ISNUMBER(SEARCH($B8,'Tặng quà'!$B$8:$B$502))*('Tặng quà'!$AO$8:$AO$502<>"")) | G8: =COUNTIFS('Hoạt động'!$B$8:$B$502,"*"&$B8&"*",'Hoạt động'!$AO$8:$AO$502,"Pass")+COUNTIFS('Cá nhân'!$B$8:$B$502,"*"&$B8&"*",'Cá nhân'!$AO$8:$AO$502,"Pass")+COUNTIFS('Thông báo'!$B$8:$B$502,"*"&$B8&"*",'Thông báo'!$AO$8:$AO$502,"Pass")+COUNTIFS('Đăng tin'!$B$8:$B$502,"*"&$B8&"*",'Đăng tin'!$AO$8:$AO$502,"Pass")+COUNTIFS('Trang chủ'!$B$8:$B$502,"*"&$B8&"*",'Trang chủ'!$AO$8:$AO$502,"Pass")+COUNTIFS('Bảng tin & Chi tiết tin'!$B$8:$B$502,"*"&$B8&"*",'Bảng tin & Chi tiết tin'!$AO$8:$AO$502,"Pass")+COUNTIFS('Theo dõi đơn'!$B$8:$B$502,"*"&$B8&"*",'Theo dõi đơn'!$AO$8:$AO$502,"Pass")+COUNTIFS('Huỷ đơn'!$B$8:$B$502,"*"&$B8&"*",'Huỷ đơn'!$AO$8:$AO$502,"Pass")+COUNTIFS('Tặng quà'!$B$8:$B$502,"*"&$B8&"*",'Tặng quà'!$AO$8:$AO$502,"Pass") | H8: =COUNTIFS('Hoạt động'!$B$8:$B$502,"*"&$B8&"*",'Hoạt động'!$AO$8:$AO$502,"Fail")+COUNTIFS('Cá nhân'!$B$8:$B$502,"*"&$B8&"*",'Cá nhân'!$AO$8:$AO$502,"Fail")+COUNTIFS('Thông báo'!$B$8:$B$502,"*"&$B8&"*",'Thông báo'!$AO$8:$AO$502,"Fail")+COUNTIFS('Đăng tin'!$B$8:$B$502,"*"&$B8&"*",'Đăng tin'!$AO$8:$AO$502,"Fail")+COUNTIFS('Trang chủ'!$B$8:$B$502,"*"&$B8&"*",'Trang chủ'!$AO$8:$AO$502,"Fail")+COUNTIFS('Bảng tin & Chi tiết tin'!$B$8:$B$502,"*"&$B8&"*",'Bảng tin & Chi tiết tin'!$AO$8:$AO$502,"Fail")+COUNTIFS('Theo dõi đơn'!$B$8:$B$502,"*"&$B8&"*",'Theo dõi đơn'!$AO$8:$AO$502,"Fail")+COUNTIFS('Huỷ đơn'!$B$8:$B$502,"*"&$B8&"*",'Huỷ đơn'!$AO$8:$AO$502,"Fail")+COUNTIFS('Tặng quà'!$B$8:$B$502,"*"&$B8&"*",'Tặng quà'!$AO$8:$AO$502,"Fail") | I8: =IFERROR(F8/E8,0) | J8: =IF(E8=0,"Chưa có TC (gap)",IF(H8>0,"Có lỗi (Fail)",IF(F8>=E8,"Đã test xong","Đang test")))
B9: REQ-USR-005 | C9: Cấu hình kênh liên hệ sẽ lộ | D9: USR-07 · DOC-v1.0-01 §A6 | E9: =COUNTIF('Hoạt động'!$B$8:$B$502,"*"&$B9&"*")+COUNTIF('Cá nhân'!$B$8:$B$502,"*"&$B9&"*")+COUNTIF('Thông báo'!$B$8:$B$502,"*"&$B9&"*")+COUNTIF('Đăng tin'!$B$8:$B$502,"*"&$B9&"*")+COUNTIF('Trang chủ'!$B$8:$B$502,"*"&$B9&"*")+COUNTIF('Bảng tin & Chi tiết tin'!$B$8:$B$502,"*"&$B9&"*")+COUNTIF('Theo dõi đơn'!$B$8:$B$502,"*"&$B9&"*")+COUNTIF('Huỷ đơn'!$B$8:$B$502,"*"&$B9&"*")+COUNTIF('Tặng quà'!$B$8:$B$502,"*"&$B9&"*") | F9: =SUMPRODUCT(ISNUMBER(SEARCH($B9,'Hoạt động'!$B$8:$B$502))*('Hoạt động'!$AO$8:$AO$502<>""))+SUMPRODUCT(ISNUMBER(SEARCH($B9,'Cá nhân'!$B$8:$B$502))*('Cá nhân'!$AO$8:$AO$502<>""))+SUMPRODUCT(ISNUMBER(SEARCH($B9,'Thông báo'!$B$8:$B$502))*('Thông báo'!$AO$8:$AO$502<>""))+SUMPRODUCT(ISNUMBER(SEARCH($B9,'Đăng tin'!$B$8:$B$502))*('Đăng tin'!$AO$8:$AO$502<>""))+SUMPRODUCT(ISNUMBER(SEARCH($B9,'Trang chủ'!$B$8:$B$502))*('Trang chủ'!$AO$8:$AO$502<>""))+SUMPRODUCT(ISNUMBER(SEARCH($B9,'Bảng tin & Chi tiết tin'!$B$8:$B$502))*('Bảng tin & Chi tiết tin'!$AO$8:$AO$502<>""))+SUMPRODUCT(ISNUMBER(SEARCH($B9,'Theo dõi đơn'!$B$8:$B$502))*('Theo dõi đơn'!$AO$8:$AO$502<>""))+SUMPRODUCT(ISNUMBER(SEARCH($B9,'Huỷ đơn'!$B$8:$B$502))*('Huỷ đơn'!$AO$8:$AO$502<>""))+SUMPRODUCT(ISNUMBER(SEARCH($B9,'Tặng quà'!$B$8:$B$502))*('Tặng quà'!$AO$8:$AO$502<>"")) | G9: =COUNTIFS('Hoạt động'!$B$8:$B$502,"*"&$B9&"*",'Hoạt động'!$AO$8:$AO$502,"Pass")+COUNTIFS('Cá nhân'!$B$8:$B$502,"*"&$B9&"*",'Cá nhân'!$AO$8:$AO$502,"Pass")+COUNTIFS('Thông báo'!$B$8:$B$502,"*"&$B9&"*",'Thông báo'!$AO$8:$AO$502,"Pass")+COUNTIFS('Đăng tin'!$B$8:$B$502,"*"&$B9&"*",'Đăng tin'!$AO$8:$AO$502,"Pass")+COUNTIFS('Trang chủ'!$B$8:$B$502,"*"&$B9&"*",'Trang chủ'!$AO$8:$AO$502,"Pass")+COUNTIFS('Bảng tin & Chi tiết tin'!$B$8:$B$502,"*"&$B9&"*",'Bảng tin & Chi tiết tin'!$AO$8:$AO$502,"Pass")+COUNTIFS('Theo dõi đơn'!$B$8:$B$502,"*"&$B9&"*",'Theo dõi đơn'!$AO$8:$AO$502,"Pass")+COUNTIFS('Huỷ đơn'!$B$8:$B$502,"*"&$B9&"*",'Huỷ đơn'!$AO$8:$AO$502,"Pass")+COUNTIFS('Tặng quà'!$B$8:$B$502,"*"&$B9&"*",'Tặng quà'!$AO$8:$AO$502,"Pass") | H9: =COUNTIFS('Hoạt động'!$B$8:$B$502,"*"&$B9&"*",'Hoạt động'!$AO$8:$AO$502,"Fail")+COUNTIFS('Cá nhân'!$B$8:$B$502,"*"&$B9&"*",'Cá nhân'!$AO$8:$AO$502,"Fail")+COUNTIFS('Thông báo'!$B$8:$B$502,"*"&$B9&"*",'Thông báo'!$AO$8:$AO$502,"Fail")+COUNTIFS('Đăng tin'!$B$8:$B$502,"*"&$B9&"*",'Đăng tin'!$AO$8:$AO$502,"Fail")+COUNTIFS('Trang chủ'!$B$8:$B$502,"*"&$B9&"*",'Trang chủ'!$AO$8:$AO$502,"Fail")+COUNTIFS('Bảng tin & Chi tiết tin'!$B$8:$B$502,"*"&$B9&"*",'Bảng tin & Chi tiết tin'!$AO$8:$AO$502,"Fail")+COUNTIFS('Theo dõi đơn'!$B$8:$B$502,"*"&$B9&"*",'Theo dõi đơn'!$AO$8:$AO$502,"Fail")+COUNTIFS('Huỷ đơn'!$B$8:$B$502,"*"&$B9&"*",'Huỷ đơn'!$AO$8:$AO$502,"Fail")+COUNTIFS('Tặng quà'!$B$8:$B$502,"*"&$B9&"*",'Tặng quà'!$AO$8:$AO$502,"Fail") | I9: =IFERROR(F9/E9,0) | J9: =IF(E9=0,"Chưa có TC (gap)",IF(H9>0,"Có lỗi (Fail)",IF(F9>=E9,"Đã test xong","Đang test")))
B10: REQ-ORD-004 | C10: Tin hết hạn tự động | D10: ORD-06, US-D04 · DOC-v1.0-01 §D3, §D1b | E10: =COUNTIF('Hoạt động'!$B$8:$B$502,"*"&$B10&"*")+COUNTIF('Cá nhân'!$B$8:$B$502,"*"&$B10&"*")+COUNTIF('Thông báo'!$B$8:$B$502,"*"&$B10&"*")+COUNTIF('Đăng tin'!$B$8:$B$502,"*"&$B10&"*")+COUNTIF('Trang chủ'!$B$8:$B$502,"*"&$B10&"*")+COUNTIF('Bảng tin & Chi tiết tin'!$B$8:$B$502,"*"&$B10&"*")+COUNTIF('Theo dõi đơn'!$B$8:$B$502,"*"&$B10&"*")+COUNTIF('Huỷ đơn'!$B$8:$B$502,"*"&$B10&"*")+COUNTIF('Tặng quà'!$B$8:$B$502,"*"&$B10&"*") | F10: =SUMPRODUCT(ISNUMBER(SEARCH($B10,'Hoạt động'!$B$8:$B$502))*('Hoạt động'!$AO$8:$AO$502<>""))+SUMPRODUCT(ISNUMBER(SEARCH($B10,'Cá nhân'!$B$8:$B$502))*('Cá nhân'!$AO$8:$AO$502<>""))+SUMPRODUCT(ISNUMBER(SEARCH($B10,'Thông báo'!$B$8:$B$502))*('Thông báo'!$AO$8:$AO$502<>""))+SUMPRODUCT(ISNUMBER(SEARCH($B10,'Đăng tin'!$B$8:$B$502))*('Đăng tin'!$AO$8:$AO$502<>""))+SUMPRODUCT(ISNUMBER(SEARCH($B10,'Trang chủ'!$B$8:$B$502))*('Trang chủ'!$AO$8:$AO$502<>""))+SUMPRODUCT(ISNUMBER(SEARCH($B10,'Bảng tin & Chi tiết tin'!$B$8:$B$502))*('Bảng tin & Chi tiết tin'!$AO$8:$AO$502<>""))+SUMPRODUCT(ISNUMBER(SEARCH($B10,'Theo dõi đơn'!$B$8:$B$502))*('Theo dõi đơn'!$AO$8:$AO$502<>""))+SUMPRODUCT(ISNUMBER(SEARCH($B10,'Huỷ đơn'!$B$8:$B$502))*('Huỷ đơn'!$AO$8:$AO$502<>""))+SUMPRODUCT(ISNUMBER(SEARCH($B10,'Tặng quà'!$B$8:$B$502))*('Tặng quà'!$AO$8:$AO$502<>"")) | G10: =COUNTIFS('Hoạt động'!$B$8:$B$502,"*"&$B10&"*",'Hoạt động'!$AO$8:$AO$502,"Pass")+COUNTIFS('Cá nhân'!$B$8:$B$502,"*"&$B10&"*",'Cá nhân'!$AO$8:$AO$502,"Pass")+COUNTIFS('Thông báo'!$B$8:$B$502,"*"&$B10&"*",'Thông báo'!$AO$8:$AO$502,"Pass")+COUNTIFS('Đăng tin'!$B$8:$B$502,"*"&$B10&"*",'Đăng tin'!$AO$8:$AO$502,"Pass")+COUNTIFS('Trang chủ'!$B$8:$B$502,"*"&$B10&"*",'Trang chủ'!$AO$8:$AO$502,"Pass")+COUNTIFS('Bảng tin & Chi tiết tin'!$B$8:$B$502,"*"&$B10&"*",'Bảng tin & Chi tiết tin'!$AO$8:$AO$502,"Pass")+COUNTIFS('Theo dõi đơn'!$B$8:$B$502,"*"&$B10&"*",'Theo dõi đơn'!$AO$8:$AO$502,"Pass")+COUNTIFS('Huỷ đơn'!$B$8:$B$502,"*"&$B10&"*",'Huỷ đơn'!$AO$8:$AO$502,"Pass")+COUNTIFS('Tặng quà'!$B$8:$B$502,"*"&$B10&"*",'Tặng quà'!$AO$8:$AO$502,"Pass") | H10: =COUNTIFS('Hoạt động'!$B$8:$B$502,"*"&$B10&"*",'Hoạt động'!$AO$8:$AO$502,"Fail")+COUNTIFS('Cá nhân'!$B$8:$B$502,"*"&$B10&"*",'Cá nhân'!$AO$8:$AO$502,"Fail")+COUNTIFS('Thông báo'!$B$8:$B$502,"*"&$B10&"*",'Thông báo'!$AO$8:$AO$502,"Fail")+COUNTIFS('Đăng tin'!$B$8:$B$502,"*"&$B10&"*",'Đăng tin'!$AO$8:$AO$502,"Fail")+COUNTIFS('Trang chủ'!$B$8:$B$502,"*"&$B10&"*",'Trang chủ'!$AO$8:$AO$502,"Fail")+COUNTIFS('Bảng tin & Chi tiết tin'!$B$8:$B$502,"*"&$B10&"*",'Bảng tin & Chi tiết tin'!$AO$8:$AO$502,"Fail")+COUNTIFS('Theo dõi đơn'!$B$8:$B$502,"*"&$B10&"*",'Theo dõi đơn'!$AO$8:$AO$502,"Fail")+COUNTIFS('Huỷ đơn'!$B$8:$B$502,"*"&$B10&"*",'Huỷ đơn'!$AO$8:$AO$502,"Fail")+COUNTIFS('Tặng quà'!$B$8:$B$502,"*"&$B10&"*",'Tặng quà'!$AO$8:$AO$502,"Fail") | I10: =IFERROR(F10/E10,0) | J10: =IF(E10=0,"Chưa có TC (gap)",IF(H10>0,"Có lỗi (Fail)",IF(F10>=E10,"Đã test xong","Đang test")))
B11: REQ-ORD-011 | C11: Màn Hoạt động (Đơn của tôi) — theo dõi lịch sử đơn theo tab | D11: DOC-v1.0-02 | E11: =COUNTIF('Hoạt động'!$B$8:$B$502,"*"&$B11&"*")+COUNTIF('Cá nhân'!$B$8:$B$502,"*"&$B11&"*")+COUNTIF('Thông báo'!$B$8:$B$502,"*"&$B11&"*")+COUNTIF('Đăng tin'!$B$8:$B$502,"*"&$B11&"*")+COUNTIF('Trang chủ'!$B$8:$B$502,"*"&$B11&"*")+COUNTIF('Bảng tin & Chi tiết tin'!$B$8:$B$502,"*"&$B11&"*")+COUNTIF('Theo dõi đơn'!$B$8:$B$502,"*"&$B11&"*")+COUNTIF('Huỷ đơn'!$B$8:$B$502,"*"&$B11&"*")+COUNTIF('Tặng quà'!$B$8:$B$502,"*"&$B11&"*") | F11: =SUMPRODUCT(ISNUMBER(SEARCH($B11,'Hoạt động'!$B$8:$B$502))*('Hoạt động'!$AO$8:$AO$502<>""))+SUMPRODUCT(ISNUMBER(SEARCH($B11,'Cá nhân'!$B$8:$B$502))*('Cá nhân'!$AO$8:$AO$502<>""))+SUMPRODUCT(ISNUMBER(SEARCH($B11,'Thông báo'!$B$8:$B$502))*('Thông báo'!$AO$8:$AO$502<>""))+SUMPRODUCT(ISNUMBER(SEARCH($B11,'Đăng tin'!$B$8:$B$502))*('Đăng tin'!$AO$8:$AO$502<>""))+SUMPRODUCT(ISNUMBER(SEARCH($B11,'Trang chủ'!$B$8:$B$502))*('Trang chủ'!$AO$8:$AO$502<>""))+SUMPRODUCT(ISNUMBER(SEARCH($B11,'Bảng tin & Chi tiết tin'!$B$8:$B$502))*('Bảng tin & Chi tiết tin'!$AO$8:$AO$502<>""))+SUMPRODUCT(ISNUMBER(SEARCH($B11,'Theo dõi đơn'!$B$8:$B$502))*('Theo dõi đơn'!$AO$8:$AO$502<>""))+SUMPRODUCT(ISNUMBER(SEARCH($B11,'Huỷ đơn'!$B$8:$B$502))*('Huỷ đơn'!$AO$8:$AO$502<>""))+SUMPRODUCT(ISNUMBER(SEARCH($B11,'Tặng quà'!$B$8:$B$502))*('Tặng quà'!$AO$8:$AO$502<>"")) | G11: =COUNTIFS('Hoạt động'!$B$8:$B$502,"*"&$B11&"*",'Hoạt động'!$AO$8:$AO$502,"Pass")+COUNTIFS('Cá nhân'!$B$8:$B$502,"*"&$B11&"*",'Cá nhân'!$AO$8:$AO$502,"Pass")+COUNTIFS('Thông báo'!$B$8:$B$502,"*"&$B11&"*",'Thông báo'!$AO$8:$AO$502,"Pass")+COUNTIFS('Đăng tin'!$B$8:$B$502,"*"&$B11&"*",'Đăng tin'!$AO$8:$AO$502,"Pass")+COUNTIFS('Trang chủ'!$B$8:$B$502,"*"&$B11&"*",'Trang chủ'!$AO$8:$AO$502,"Pass")+COUNTIFS('Bảng tin & Chi tiết tin'!$B$8:$B$502,"*"&$B11&"*",'Bảng tin & Chi tiết tin'!$AO$8:$AO$502,"Pass")+COUNTIFS('Theo dõi đơn'!$B$8:$B$502,"*"&$B11&"*",'Theo dõi đơn'!$AO$8:$AO$502,"Pass")+COUNTIFS('Huỷ đơn'!$B$8:$B$502,"*"&$B11&"*",'Huỷ đơn'!$AO$8:$AO$502,"Pass")+COUNTIFS('Tặng quà'!$B$8:$B$502,"*"&$B11&"*",'Tặng quà'!$AO$8:$AO$502,"Pass") | H11: =COUNTIFS('Hoạt động'!$B$8:$B$502,"*"&$B11&"*",'Hoạt động'!$AO$8:$AO$502,"Fail")+COUNTIFS('Cá nhân'!$B$8:$B$502,"*"&$B11&"*",'Cá nhân'!$AO$8:$AO$502,"Fail")+COUNTIFS('Thông báo'!$B$8:$B$502,"*"&$B11&"*",'Thông báo'!$AO$8:$AO$502,"Fail")+COUNTIFS('Đăng tin'!$B$8:$B$502,"*"&$B11&"*",'Đăng tin'!$AO$8:$AO$502,"Fail")+COUNTIFS('Trang chủ'!$B$8:$B$502,"*"&$B11&"*",'Trang chủ'!$AO$8:$AO$502,"Fail")+COUNTIFS('Bảng tin & Chi tiết tin'!$B$8:$B$502,"*"&$B11&"*",'Bảng tin & Chi tiết tin'!$AO$8:$AO$502,"Fail")+COUNTIFS('Theo dõi đơn'!$B$8:$B$502,"*"&$B11&"*",'Theo dõi đơn'!$AO$8:$AO$502,"Fail")+COUNTIFS('Huỷ đơn'!$B$8:$B$502,"*"&$B11&"*",'Huỷ đơn'!$AO$8:$AO$502,"Fail")+COUNTIFS('Tặng quà'!$B$8:$B$502,"*"&$B11&"*",'Tặng quà'!$AO$8:$AO$502,"Fail") | I11: =IFERROR(F11/E11,0) | J11: =IF(E11=0,"Chưa có TC (gap)",IF(H11>0,"Có lỗi (Fail)",IF(F11>=E11,"Đã test xong","Đang test")))
B12: REQ-GIFT-001 | C12: Tặng quà cảm ơn Carrier (4 loại) | D12: GIFT-01, BR-GIFT-01 · DOC-v1.0-01 §D3, §D4 | E12: =COUNTIF('Hoạt động'!$B$8:$B$502,"*"&$B12&"*")+COUNTIF('Cá nhân'!$B$8:$B$502,"*"&$B12&"*")+COUNTIF('Thông báo'!$B$8:$B$502,"*"&$B12&"*")+COUNTIF('Đăng tin'!$B$8:$B$502,"*"&$B12&"*")+COUNTIF('Trang chủ'!$B$8:$B$502,"*"&$B12&"*")+COUNTIF('Bảng tin & Chi tiết tin'!$B$8:$B$502,"*"&$B12&"*")+COUNTIF('Theo dõi đơn'!$B$8:$B$502,"*"&$B12&"*")+COUNTIF('Huỷ đơn'!$B$8:$B$502,"*"&$B12&"*")+COUNTIF('Tặng quà'!$B$8:$B$502,"*"&$B12&"*") | F12: =SUMPRODUCT(ISNUMBER(SEARCH($B12,'Hoạt động'!$B$8:$B$502))*('Hoạt động'!$AO$8:$AO$502<>""))+SUMPRODUCT(ISNUMBER(SEARCH($B12,'Cá nhân'!$B$8:$B$502))*('Cá nhân'!$AO$8:$AO$502<>""))+SUMPRODUCT(ISNUMBER(SEARCH($B12,'Thông báo'!$B$8:$B$502))*('Thông báo'!$AO$8:$AO$502<>""))+SUMPRODUCT(ISNUMBER(SEARCH($B12,'Đăng tin'!$B$8:$B$502))*('Đăng tin'!$AO$8:$AO$502<>""))+SUMPRODUCT(ISNUMBER(SEARCH($B12,'Trang chủ'!$B$8:$B$502))*('Trang chủ'!$AO$8:$AO$502<>""))+SUMPRODUCT(ISNUMBER(SEARCH($B12,'Bảng tin & Chi tiết tin'!$B$8:$B$502))*('Bảng tin & Chi tiết tin'!$AO$8:$AO$502<>""))+SUMPRODUCT(ISNUMBER(SEARCH($B12,'Theo dõi đơn'!$B$8:$B$502))*('Theo dõi đơn'!$AO$8:$AO$502<>""))+SUMPRODUCT(ISNUMBER(SEARCH($B12,'Huỷ đơn'!$B$8:$B$502))*('Huỷ đơn'!$AO$8:$AO$502<>""))+SUMPRODUCT(ISNUMBER(SEARCH($B12,'Tặng quà'!$B$8:$B$502))*('Tặng quà'!$AO$8:$AO$502<>"")) | G12: =COUNTIFS('Hoạt động'!$B$8:$B$502,"*"&$B12&"*",'Hoạt động'!$AO$8:$AO$502,"Pass")+COUNTIFS('Cá nhân'!$B$8:$B$502,"*"&$B12&"*",'Cá nhân'!$AO$8:$AO$502,"Pass")+COUNTIFS('Thông báo'!$B$8:$B$502,"*"&$B12&"*",'Thông báo'!$AO$8:$AO$502,"Pass")+COUNTIFS('Đăng tin'!$B$8:$B$502,"*"&$B12&"*",'Đăng tin'!$AO$8:$AO$502,"Pass")+COUNTIFS('Trang chủ'!$B$8:$B$502,"*"&$B12&"*",'Trang chủ'!$AO$8:$AO$502,"Pass")+COUNTIFS('Bảng tin & Chi tiết tin'!$B$8:$B$502,"*"&$B12&"*",'Bảng tin & Chi tiết tin'!$AO$8:$AO$502,"Pass")+COUNTIFS('Theo dõi đơn'!$B$8:$B$502,"*"&$B12&"*",'Theo dõi đơn'!$AO$8:$AO$502,"Pass")+COUNTIFS('Huỷ đơn'!$B$8:$B$502,"*"&$B12&"*",'Huỷ đơn'!$AO$8:$AO$502,"Pass")+COUNTIFS('Tặng quà'!$B$8:$B$502,"*"&$B12&"*",'Tặng quà'!$AO$8:$AO$502,"Pass") | H12: =COUNTIFS('Hoạt động'!$B$8:$B$502,"*"&$B12&"*",'Hoạt động'!$AO$8:$AO$502,"Fail")+COUNTIFS('Cá nhân'!$B$8:$B$502,"*"&$B12&"*",'Cá nhân'!$AO$8:$AO$502,"Fail")+COUNTIFS('Thông báo'!$B$8:$B$502,"*"&$B12&"*",'Thông báo'!$AO$8:$AO$502,"Fail")+COUNTIFS('Đăng tin'!$B$8:$B$502,"*"&$B12&"*",'Đăng tin'!$AO$8:$AO$502,"Fail")+COUNTIFS('Trang chủ'!$B$8:$B$502,"*"&$B12&"*",'Trang chủ'!$AO$8:$AO$502,"Fail")+COUNTIFS('Bảng tin & Chi tiết tin'!$B$8:$B$502,"*"&$B12&"*",'Bảng tin & Chi tiết tin'!$AO$8:$AO$502,"Fail")+COUNTIFS('Theo dõi đơn'!$B$8:$B$502,"*"&$B12&"*",'Theo dõi đơn'!$AO$8:$AO$502,"Fail")+COUNTIFS('Huỷ đơn'!$B$8:$B$502,"*"&$B12&"*",'Huỷ đơn'!$AO$8:$AO$502,"Fail")+COUNTIFS('Tặng quà'!$B$8:$B$502,"*"&$B12&"*",'Tặng quà'!$AO$8:$AO$502,"Fail") | I12: =IFERROR(F12/E12,0) | J12: =IF(E12=0,"Chưa có TC (gap)",IF(H12>0,"Có lỗi (Fail)",IF(F12>=E12,"Đã test xong","Đang test")))
B13: REQ-CNL-001 | C13: Huỷ đơn kèm lý do bắt buộc + đồng bộ realtime | D13: CNL-01, BR-CNL-01, BR-INT-05, US-D16 · DOC-v1.0-01 §D3, §D4, §A5, §D1b | E13: =COUNTIF('Hoạt động'!$B$8:$B$502,"*"&$B13&"*")+COUNTIF('Cá nhân'!$B$8:$B$502,"*"&$B13&"*")+COUNTIF('Thông báo'!$B$8:$B$502,"*"&$B13&"*")+COUNTIF('Đăng tin'!$B$8:$B$502,"*"&$B13&"*")+COUNTIF('Trang chủ'!$B$8:$B$502,"*"&$B13&"*")+COUNTIF('Bảng tin & Chi tiết tin'!$B$8:$B$502,"*"&$B13&"*")+COUNTIF('Theo dõi đơn'!$B$8:$B$502,"*"&$B13&"*")+COUNTIF('Huỷ đơn'!$B$8:$B$502,"*"&$B13&"*")+COUNTIF('Tặng quà'!$B$8:$B$502,"*"&$B13&"*") | F13: =SUMPRODUCT(ISNUMBER(SEARCH($B13,'Hoạt động'!$B$8:$B$502))*('Hoạt động'!$AO$8:$AO$502<>""))+SUMPRODUCT(ISNUMBER(SEARCH($B13,'Cá nhân'!$B$8:$B$502))*('Cá nhân'!$AO$8:$AO$502<>""))+SUMPRODUCT(ISNUMBER(SEARCH($B13,'Thông báo'!$B$8:$B$502))*('Thông báo'!$AO$8:$AO$502<>""))+SUMPRODUCT(ISNUMBER(SEARCH($B13,'Đăng tin'!$B$8:$B$502))*('Đăng tin'!$AO$8:$AO$502<>""))+SUMPRODUCT(ISNUMBER(SEARCH($B13,'Trang chủ'!$B$8:$B$502))*('Trang chủ'!$AO$8:$AO$502<>""))+SUMPRODUCT(ISNUMBER(SEARCH($B13,'Bảng tin & Chi tiết tin'!$B$8:$B$502))*('Bảng tin & Chi tiết tin'!$AO$8:$AO$502<>""))+SUMPRODUCT(ISNUMBER(SEARCH($B13,'Theo dõi đơn'!$B$8:$B$502))*('Theo dõi đơn'!$AO$8:$AO$502<>""))+SUMPRODUCT(ISNUMBER(SEARCH($B13,'Huỷ đơn'!$B$8:$B$502))*('Huỷ đơn'!$AO$8:$AO$502<>""))+SUMPRODUCT(ISNUMBER(SEARCH($B13,'Tặng quà'!$B$8:$B$502))*('Tặng quà'!$AO$8:$AO$502<>"")) | G13: =COUNTIFS('Hoạt động'!$B$8:$B$502,"*"&$B13&"*",'Hoạt động'!$AO$8:$AO$502,"Pass")+COUNTIFS('Cá nhân'!$B$8:$B$502,"*"&$B13&"*",'Cá nhân'!$AO$8:$AO$502,"Pass")+COUNTIFS('Thông báo'!$B$8:$B$502,"*"&$B13&"*",'Thông báo'!$AO$8:$AO$502,"Pass")+COUNTIFS('Đăng tin'!$B$8:$B$502,"*"&$B13&"*",'Đăng tin'!$AO$8:$AO$502,"Pass")+COUNTIFS('Trang chủ'!$B$8:$B$502,"*"&$B13&"*",'Trang chủ'!$AO$8:$AO$502,"Pass")+COUNTIFS('Bảng tin & Chi tiết tin'!$B$8:$B$502,"*"&$B13&"*",'Bảng tin & Chi tiết tin'!$AO$8:$AO$502,"Pass")+COUNTIFS('Theo dõi đơn'!$B$8:$B$502,"*"&$B13&"*",'Theo dõi đơn'!$AO$8:$AO$502,"Pass")+COUNTIFS('Huỷ đơn'!$B$8:$B$502,"*"&$B13&"*",'Huỷ đơn'!$AO$8:$AO$502,"Pass")+COUNTIFS('Tặng quà'!$B$8:$B$502,"*"&$B13&"*",'Tặng quà'!$AO$8:$AO$502,"Pass") | H13: =COUNTIFS('Hoạt động'!$B$8:$B$502,"*"&$B13&"*",'Hoạt động'!$AO$8:$AO$502,"Fail")+COUNTIFS('Cá nhân'!$B$8:$B$502,"*"&$B13&"*",'Cá nhân'!$AO$8:$AO$502,"Fail")+COUNTIFS('Thông báo'!$B$8:$B$502,"*"&$B13&"*",'Thông báo'!$AO$8:$AO$502,"Fail")+COUNTIFS('Đăng tin'!$B$8:$B$502,"*"&$B13&"*",'Đăng tin'!$AO$8:$AO$502,"Fail")+COUNTIFS('Trang chủ'!$B$8:$B$502,"*"&$B13&"*",'Trang chủ'!$AO$8:$AO$502,"Fail")+COUNTIFS('Bảng tin & Chi tiết tin'!$B$8:$B$502,"*"&$B13&"*",'Bảng tin & Chi tiết tin'!$AO$8:$AO$502,"Fail")+COUNTIFS('Theo dõi đơn'!$B$8:$B$502,"*"&$B13&"*",'Theo dõi đơn'!$AO$8:$AO$502,"Fail")+COUNTIFS('Huỷ đơn'!$B$8:$B$502,"*"&$B13&"*",'Huỷ đơn'!$AO$8:$AO$502,"Fail")+COUNTIFS('Tặng quà'!$B$8:$B$502,"*"&$B13&"*",'Tặng quà'!$AO$8:$AO$502,"Fail") | I13: =IFERROR(F13/E13,0) | J13: =IF(E13=0,"Chưa có TC (gap)",IF(H13>0,"Có lỗi (Fail)",IF(F13>=E13,"Đã test xong","Đang test")))
B14: REQ-NTF-001 | C14: Thông báo theo sự kiện vòng đời đơn (9 loại) | D14: NTF-01..09 · DOC-v1.0-01 §D6 + DOC-v1.0-04 | E14: =COUNTIF('Hoạt động'!$B$8:$B$502,"*"&$B14&"*")+COUNTIF('Cá nhân'!$B$8:$B$502,"*"&$B14&"*")+COUNTIF('Thông báo'!$B$8:$B$502,"*"&$B14&"*")+COUNTIF('Đăng tin'!$B$8:$B$502,"*"&$B14&"*")+COUNTIF('Trang chủ'!$B$8:$B$502,"*"&$B14&"*")+COUNTIF('Bảng tin & Chi tiết tin'!$B$8:$B$502,"*"&$B14&"*")+COUNTIF('Theo dõi đơn'!$B$8:$B$502,"*"&$B14&"*")+COUNTIF('Huỷ đơn'!$B$8:$B$502,"*"&$B14&"*")+COUNTIF('Tặng quà'!$B$8:$B$502,"*"&$B14&"*") | F14: =SUMPRODUCT(ISNUMBER(SEARCH($B14,'Hoạt động'!$B$8:$B$502))*('Hoạt động'!$AO$8:$AO$502<>""))+SUMPRODUCT(ISNUMBER(SEARCH($B14,'Cá nhân'!$B$8:$B$502))*('Cá nhân'!$AO$8:$AO$502<>""))+SUMPRODUCT(ISNUMBER(SEARCH($B14,'Thông báo'!$B$8:$B$502))*('Thông báo'!$AO$8:$AO$502<>""))+SUMPRODUCT(ISNUMBER(SEARCH($B14,'Đăng tin'!$B$8:$B$502))*('Đăng tin'!$AO$8:$AO$502<>""))+SUMPRODUCT(ISNUMBER(SEARCH($B14,'Trang chủ'!$B$8:$B$502))*('Trang chủ'!$AO$8:$AO$502<>""))+SUMPRODUCT(ISNUMBER(SEARCH($B14,'Bảng tin & Chi tiết tin'!$B$8:$B$502))*('Bảng tin & Chi tiết tin'!$AO$8:$AO$502<>""))+SUMPRODUCT(ISNUMBER(SEARCH($B14,'Theo dõi đơn'!$B$8:$B$502))*('Theo dõi đơn'!$AO$8:$AO$502<>""))+SUMPRODUCT(ISNUMBER(SEARCH($B14,'Huỷ đơn'!$B$8:$B$502))*('Huỷ đơn'!$AO$8:$AO$502<>""))+SUMPRODUCT(ISNUMBER(SEARCH($B14,'Tặng quà'!$B$8:$B$502))*('Tặng quà'!$AO$8:$AO$502<>"")) | G14: =COUNTIFS('Hoạt động'!$B$8:$B$502,"*"&$B14&"*",'Hoạt động'!$AO$8:$AO$502,"Pass")+COUNTIFS('Cá nhân'!$B$8:$B$502,"*"&$B14&"*",'Cá nhân'!$AO$8:$AO$502,"Pass")+COUNTIFS('Thông báo'!$B$8:$B$502,"*"&$B14&"*",'Thông báo'!$AO$8:$AO$502,"Pass")+COUNTIFS('Đăng tin'!$B$8:$B$502,"*"&$B14&"*",'Đăng tin'!$AO$8:$AO$502,"Pass")+COUNTIFS('Trang chủ'!$B$8:$B$502,"*"&$B14&"*",'Trang chủ'!$AO$8:$AO$502,"Pass")+COUNTIFS('Bảng tin & Chi tiết tin'!$B$8:$B$502,"*"&$B14&"*",'Bảng tin & Chi tiết tin'!$AO$8:$AO$502,"Pass")+COUNTIFS('Theo dõi đơn'!$B$8:$B$502,"*"&$B14&"*",'Theo dõi đơn'!$AO$8:$AO$502,"Pass")+COUNTIFS('Huỷ đơn'!$B$8:$B$502,"*"&$B14&"*",'Huỷ đơn'!$AO$8:$AO$502,"Pass")+COUNTIFS('Tặng quà'!$B$8:$B$502,"*"&$B14&"*",'Tặng quà'!$AO$8:$AO$502,"Pass") | H14: =COUNTIFS('Hoạt động'!$B$8:$B$502,"*"&$B14&"*",'Hoạt động'!$AO$8:$AO$502,"Fail")+COUNTIFS('Cá nhân'!$B$8:$B$502,"*"&$B14&"*",'Cá nhân'!$AO$8:$AO$502,"Fail")+COUNTIFS('Thông báo'!$B$8:$B$502,"*"&$B14&"*",'Thông báo'!$AO$8:$AO$502,"Fail")+COUNTIFS('Đăng tin'!$B$8:$B$502,"*"&$B14&"*",'Đăng tin'!$AO$8:$AO$502,"Fail")+COUNTIFS('Trang chủ'!$B$8:$B$502,"*"&$B14&"*",'Trang chủ'!$AO$8:$AO$502,"Fail")+COUNTIFS('Bảng tin & Chi tiết tin'!$B$8:$B$502,"*"&$B14&"*",'Bảng tin & Chi tiết tin'!$AO$8:$AO$502,"Fail")+COUNTIFS('Theo dõi đơn'!$B$8:$B$502,"*"&$B14&"*",'Theo dõi đơn'!$AO$8:$AO$502,"Fail")+COUNTIFS('Huỷ đơn'!$B$8:$B$502,"*"&$B14&"*",'Huỷ đơn'!$AO$8:$AO$502,"Fail")+COUNTIFS('Tặng quà'!$B$8:$B$502,"*"&$B14&"*",'Tặng quà'!$AO$8:$AO$502,"Fail") | I14: =IFERROR(F14/E14,0) | J14: =IF(E14=0,"Chưa có TC (gap)",IF(H14>0,"Có lỗi (Fail)",IF(F14>=E14,"Đã test xong","Đang test")))
B15: REQ-NTF-002 | C15: Lộ liên hệ có kiểm soát (SĐT không đưa vào nội dung push, OPR-07) — ⚠ phần "trần thông báo/ngày" (OPR-06) đã xác nhận KHÔNG triển khai ở v1.0 | D15: OPR-07 · DOC-v1.0-01 §D7 (OPR-06 out-of-scope v1.0 — BA xác nhận 2026-07-29, xem REQ-ASN-005/SC-ASN-013 thay thế) | E15: =COUNTIF('Hoạt động'!$B$8:$B$502,"*"&$B15&"*")+COUNTIF('Cá nhân'!$B$8:$B$502,"*"&$B15&"*")+COUNTIF('Thông báo'!$B$8:$B$502,"*"&$B15&"*")+COUNTIF('Đăng tin'!$B$8:$B$502,"*"&$B15&"*")+COUNTIF('Trang chủ'!$B$8:$B$502,"*"&$B15&"*")+COUNTIF('Bảng tin & Chi tiết tin'!$B$8:$B$502,"*"&$B15&"*")+COUNTIF('Theo dõi đơn'!$B$8:$B$502,"*"&$B15&"*")+COUNTIF('Huỷ đơn'!$B$8:$B$502,"*"&$B15&"*")+COUNTIF('Tặng quà'!$B$8:$B$502,"*"&$B15&"*") | F15: =SUMPRODUCT(ISNUMBER(SEARCH($B15,'Hoạt động'!$B$8:$B$502))*('Hoạt động'!$AO$8:$AO$502<>""))+SUMPRODUCT(ISNUMBER(SEARCH($B15,'Cá nhân'!$B$8:$B$502))*('Cá nhân'!$AO$8:$AO$502<>""))+SUMPRODUCT(ISNUMBER(SEARCH($B15,'Thông báo'!$B$8:$B$502))*('Thông báo'!$AO$8:$AO$502<>""))+SUMPRODUCT(ISNUMBER(SEARCH($B15,'Đăng tin'!$B$8:$B$502))*('Đăng tin'!$AO$8:$AO$502<>""))+SUMPRODUCT(ISNUMBER(SEARCH($B15,'Trang chủ'!$B$8:$B$502))*('Trang chủ'!$AO$8:$AO$502<>""))+SUMPRODUCT(ISNUMBER(SEARCH($B15,'Bảng tin & Chi tiết tin'!$B$8:$B$502))*('Bảng tin & Chi tiết tin'!$AO$8:$AO$502<>""))+SUMPRODUCT(ISNUMBER(SEARCH($B15,'Theo dõi đơn'!$B$8:$B$502))*('Theo dõi đơn'!$AO$8:$AO$502<>""))+SUMPRODUCT(ISNUMBER(SEARCH($B15,'Huỷ đơn'!$B$8:$B$502))*('Huỷ đơn'!$AO$8:$AO$502<>""))+SUMPRODUCT(ISNUMBER(SEARCH($B15,'Tặng quà'!$B$8:$B$502))*('Tặng quà'!$AO$8:$AO$502<>"")) | G15: =COUNTIFS('Hoạt động'!$B$8:$B$502,"*"&$B15&"*",'Hoạt động'!$AO$8:$AO$502,"Pass")+COUNTIFS('Cá nhân'!$B$8:$B$502,"*"&$B15&"*",'Cá nhân'!$AO$8:$AO$502,"Pass")+COUNTIFS('Thông báo'!$B$8:$B$502,"*"&$B15&"*",'Thông báo'!$AO$8:$AO$502,"Pass")+COUNTIFS('Đăng tin'!$B$8:$B$502,"*"&$B15&"*",'Đăng tin'!$AO$8:$AO$502,"Pass")+COUNTIFS('Trang chủ'!$B$8:$B$502,"*"&$B15&"*",'Trang chủ'!$AO$8:$AO$502,"Pass")+COUNTIFS('Bảng tin & Chi tiết tin'!$B$8:$B$502,"*"&$B15&"*",'Bảng tin & Chi tiết tin'!$AO$8:$AO$502,"Pass")+COUNTIFS('Theo dõi đơn'!$B$8:$B$502,"*"&$B15&"*",'Theo dõi đơn'!$AO$8:$AO$502,"Pass")+COUNTIFS('Huỷ đơn'!$B$8:$B$502,"*"&$B15&"*",'Huỷ đơn'!$AO$8:$AO$502,"Pass")+COUNTIFS('Tặng quà'!$B$8:$B$502,"*"&$B15&"*",'Tặng quà'!$AO$8:$AO$502,"Pass") | H15: =COUNTIFS('Hoạt động'!$B$8:$B$502,"*"&$B15&"*",'Hoạt động'!$AO$8:$AO$502,"Fail")+COUNTIFS('Cá nhân'!$B$8:$B$502,"*"&$B15&"*",'Cá nhân'!$AO$8:$AO$502,"Fail")+COUNTIFS('Thông báo'!$B$8:$B$502,"*"&$B15&"*",'Thông báo'!$AO$8:$AO$502,"Fail")+COUNTIFS('Đăng tin'!$B$8:$B$502,"*"&$B15&"*",'Đăng tin'!$AO$8:$AO$502,"Fail")+COUNTIFS('Trang chủ'!$B$8:$B$502,"*"&$B15&"*",'Trang chủ'!$AO$8:$AO$502,"Fail")+COUNTIFS('Bảng tin & Chi tiết tin'!$B$8:$B$502,"*"&$B15&"*",'Bảng tin & Chi tiết tin'!$AO$8:$AO$502,"Fail")+COUNTIFS('Theo dõi đơn'!$B$8:$B$502,"*"&$B15&"*",'Theo dõi đơn'!$AO$8:$AO$502,"Fail")+COUNTIFS('Huỷ đơn'!$B$8:$B$502,"*"&$B15&"*",'Huỷ đơn'!$AO$8:$AO$502,"Fail")+COUNTIFS('Tặng quà'!$B$8:$B$502,"*"&$B15&"*",'Tặng quà'!$AO$8:$AO$502,"Fail") | I15: =IFERROR(F15/E15,0) | J15: =IF(E15=0,"Chưa có TC (gap)",IF(H15>0,"Có lỗi (Fail)",IF(F15>=E15,"Đã test xong","Đang test")))
B16: REQ-ORD-001 | C16: Đăng tin gửi hàng NEED/OFFER | D16: ORD-01 · DOC-v1.0-01 §D3 + DOC-v1.0-04 | E16: =COUNTIF('Hoạt động'!$B$8:$B$502,"*"&$B16&"*")+COUNTIF('Cá nhân'!$B$8:$B$502,"*"&$B16&"*")+COUNTIF('Thông báo'!$B$8:$B$502,"*"&$B16&"*")+COUNTIF('Đăng tin'!$B$8:$B$502,"*"&$B16&"*")+COUNTIF('Trang chủ'!$B$8:$B$502,"*"&$B16&"*")+COUNTIF('Bảng tin & Chi tiết tin'!$B$8:$B$502,"*"&$B16&"*")+COUNTIF('Theo dõi đơn'!$B$8:$B$502,"*"&$B16&"*")+COUNTIF('Huỷ đơn'!$B$8:$B$502,"*"&$B16&"*")+COUNTIF('Tặng quà'!$B$8:$B$502,"*"&$B16&"*") | F16: =SUMPRODUCT(ISNUMBER(SEARCH($B16,'Hoạt động'!$B$8:$B$502))*('Hoạt động'!$AO$8:$AO$502<>""))+SUMPRODUCT(ISNUMBER(SEARCH($B16,'Cá nhân'!$B$8:$B$502))*('Cá nhân'!$AO$8:$AO$502<>""))+SUMPRODUCT(ISNUMBER(SEARCH($B16,'Thông báo'!$B$8:$B$502))*('Thông báo'!$AO$8:$AO$502<>""))+SUMPRODUCT(ISNUMBER(SEARCH($B16,'Đăng tin'!$B$8:$B$502))*('Đăng tin'!$AO$8:$AO$502<>""))+SUMPRODUCT(ISNUMBER(SEARCH($B16,'Trang chủ'!$B$8:$B$502))*('Trang chủ'!$AO$8:$AO$502<>""))+SUMPRODUCT(ISNUMBER(SEARCH($B16,'Bảng tin & Chi tiết tin'!$B$8:$B$502))*('Bảng tin & Chi tiết tin'!$AO$8:$AO$502<>""))+SUMPRODUCT(ISNUMBER(SEARCH($B16,'Theo dõi đơn'!$B$8:$B$502))*('Theo dõi đơn'!$AO$8:$AO$502<>""))+SUMPRODUCT(ISNUMBER(SEARCH($B16,'Huỷ đơn'!$B$8:$B$502))*('Huỷ đơn'!$AO$8:$AO$502<>""))+SUMPRODUCT(ISNUMBER(SEARCH($B16,'Tặng quà'!$B$8:$B$502))*('Tặng quà'!$AO$8:$AO$502<>"")) | G16: =COUNTIFS('Hoạt động'!$B$8:$B$502,"*"&$B16&"*",'Hoạt động'!$AO$8:$AO$502,"Pass")+COUNTIFS('Cá nhân'!$B$8:$B$502,"*"&$B16&"*",'Cá nhân'!$AO$8:$AO$502,"Pass")+COUNTIFS('Thông báo'!$B$8:$B$502,"*"&$B16&"*",'Thông báo'!$AO$8:$AO$502,"Pass")+COUNTIFS('Đăng tin'!$B$8:$B$502,"*"&$B16&"*",'Đăng tin'!$AO$8:$AO$502,"Pass")+COUNTIFS('Trang chủ'!$B$8:$B$502,"*"&$B16&"*",'Trang chủ'!$AO$8:$AO$502,"Pass")+COUNTIFS('Bảng tin & Chi tiết tin'!$B$8:$B$502,"*"&$B16&"*",'Bảng tin & Chi tiết tin'!$AO$8:$AO$502,"Pass")+COUNTIFS('Theo dõi đơn'!$B$8:$B$502,"*"&$B16&"*",'Theo dõi đơn'!$AO$8:$AO$502,"Pass")+COUNTIFS('Huỷ đơn'!$B$8:$B$502,"*"&$B16&"*",'Huỷ đơn'!$AO$8:$AO$502,"Pass")+COUNTIFS('Tặng quà'!$B$8:$B$502,"*"&$B16&"*",'Tặng quà'!$AO$8:$AO$502,"Pass") | H16: =COUNTIFS('Hoạt động'!$B$8:$B$502,"*"&$B16&"*",'Hoạt động'!$AO$8:$AO$502,"Fail")+COUNTIFS('Cá nhân'!$B$8:$B$502,"*"&$B16&"*",'Cá nhân'!$AO$8:$AO$502,"Fail")+COUNTIFS('Thông báo'!$B$8:$B$502,"*"&$B16&"*",'Thông báo'!$AO$8:$AO$502,"Fail")+COUNTIFS('Đăng tin'!$B$8:$B$502,"*"&$B16&"*",'Đăng tin'!$AO$8:$AO$502,"Fail")+COUNTIFS('Trang chủ'!$B$8:$B$502,"*"&$B16&"*",'Trang chủ'!$AO$8:$AO$502,"Fail")+COUNTIFS('Bảng tin & Chi tiết tin'!$B$8:$B$502,"*"&$B16&"*",'Bảng tin & Chi tiết tin'!$AO$8:$AO$502,"Fail")+COUNTIFS('Theo dõi đơn'!$B$8:$B$502,"*"&$B16&"*",'Theo dõi đơn'!$AO$8:$AO$502,"Fail")+COUNTIFS('Huỷ đơn'!$B$8:$B$502,"*"&$B16&"*",'Huỷ đơn'!$AO$8:$AO$502,"Fail")+COUNTIFS('Tặng quà'!$B$8:$B$502,"*"&$B16&"*",'Tặng quà'!$AO$8:$AO$502,"Fail") | I16: =IFERROR(F16/E16,0) | J16: =IF(E16=0,"Chưa có TC (gap)",IF(H16>0,"Có lỗi (Fail)",IF(F16>=E16,"Đã test xong","Đang test")))
B17: REQ-ORD-002 | C17: Wizard đăng tin ngắn 3 bước | D17: ORD-02 · DOC-v1.0-01 §D3 | E17: =COUNTIF('Hoạt động'!$B$8:$B$502,"*"&$B17&"*")+COUNTIF('Cá nhân'!$B$8:$B$502,"*"&$B17&"*")+COUNTIF('Thông báo'!$B$8:$B$502,"*"&$B17&"*")+COUNTIF('Đăng tin'!$B$8:$B$502,"*"&$B17&"*")+COUNTIF('Trang chủ'!$B$8:$B$502,"*"&$B17&"*")+COUNTIF('Bảng tin & Chi tiết tin'!$B$8:$B$502,"*"&$B17&"*")+COUNTIF('Theo dõi đơn'!$B$8:$B$502,"*"&$B17&"*")+COUNTIF('Huỷ đơn'!$B$8:$B$502,"*"&$B17&"*")+COUNTIF('Tặng quà'!$B$8:$B$502,"*"&$B17&"*") | F17: =SUMPRODUCT(ISNUMBER(SEARCH($B17,'Hoạt động'!$B$8:$B$502))*('Hoạt động'!$AO$8:$AO$502<>""))+SUMPRODUCT(ISNUMBER(SEARCH($B17,'Cá nhân'!$B$8:$B$502))*('Cá nhân'!$AO$8:$AO$502<>""))+SUMPRODUCT(ISNUMBER(SEARCH($B17,'Thông báo'!$B$8:$B$502))*('Thông báo'!$AO$8:$AO$502<>""))+SUMPRODUCT(ISNUMBER(SEARCH($B17,'Đăng tin'!$B$8:$B$502))*('Đăng tin'!$AO$8:$AO$502<>""))+SUMPRODUCT(ISNUMBER(SEARCH($B17,'Trang chủ'!$B$8:$B$502))*('Trang chủ'!$AO$8:$AO$502<>""))+SUMPRODUCT(ISNUMBER(SEARCH($B17,'Bảng tin & Chi tiết tin'!$B$8:$B$502))*('Bảng tin & Chi tiết tin'!$AO$8:$AO$502<>""))+SUMPRODUCT(ISNUMBER(SEARCH($B17,'Theo dõi đơn'!$B$8:$B$502))*('Theo dõi đơn'!$AO$8:$AO$502<>""))+SUMPRODUCT(ISNUMBER(SEARCH($B17,'Huỷ đơn'!$B$8:$B$502))*('Huỷ đơn'!$AO$8:$AO$502<>""))+SUMPRODUCT(ISNUMBER(SEARCH($B17,'Tặng quà'!$B$8:$B$502))*('Tặng quà'!$AO$8:$AO$502<>"")) | G17: =COUNTIFS('Hoạt động'!$B$8:$B$502,"*"&$B17&"*",'Hoạt động'!$AO$8:$AO$502,"Pass")+COUNTIFS('Cá nhân'!$B$8:$B$502,"*"&$B17&"*",'Cá nhân'!$AO$8:$AO$502,"Pass")+COUNTIFS('Thông báo'!$B$8:$B$502,"*"&$B17&"*",'Thông báo'!$AO$8:$AO$502,"Pass")+COUNTIFS('Đăng tin'!$B$8:$B$502,"*"&$B17&"*",'Đăng tin'!$AO$8:$AO$502,"Pass")+COUNTIFS('Trang chủ'!$B$8:$B$502,"*"&$B17&"*",'Trang chủ'!$AO$8:$AO$502,"Pass")+COUNTIFS('Bảng tin & Chi tiết tin'!$B$8:$B$502,"*"&$B17&"*",'Bảng tin & Chi tiết tin'!$AO$8:$AO$502,"Pass")+COUNTIFS('Theo dõi đơn'!$B$8:$B$502,"*"&$B17&"*",'Theo dõi đơn'!$AO$8:$AO$502,"Pass")+COUNTIFS('Huỷ đơn'!$B$8:$B$502,"*"&$B17&"*",'Huỷ đơn'!$AO$8:$AO$502,"Pass")+COUNTIFS('Tặng quà'!$B$8:$B$502,"*"&$B17&"*",'Tặng quà'!$AO$8:$AO$502,"Pass") | H17: =COUNTIFS('Hoạt động'!$B$8:$B$502,"*"&$B17&"*",'Hoạt động'!$AO$8:$AO$502,"Fail")+COUNTIFS('Cá nhân'!$B$8:$B$502,"*"&$B17&"*",'Cá nhân'!$AO$8:$AO$502,"Fail")+COUNTIFS('Thông báo'!$B$8:$B$502,"*"&$B17&"*",'Thông báo'!$AO$8:$AO$502,"Fail")+COUNTIFS('Đăng tin'!$B$8:$B$502,"*"&$B17&"*",'Đăng tin'!$AO$8:$AO$502,"Fail")+COUNTIFS('Trang chủ'!$B$8:$B$502,"*"&$B17&"*",'Trang chủ'!$AO$8:$AO$502,"Fail")+COUNTIFS('Bảng tin & Chi tiết tin'!$B$8:$B$502,"*"&$B17&"*",'Bảng tin & Chi tiết tin'!$AO$8:$AO$502,"Fail")+COUNTIFS('Theo dõi đơn'!$B$8:$B$502,"*"&$B17&"*",'Theo dõi đơn'!$AO$8:$AO$502,"Fail")+COUNTIFS('Huỷ đơn'!$B$8:$B$502,"*"&$B17&"*",'Huỷ đơn'!$AO$8:$AO$502,"Fail")+COUNTIFS('Tặng quà'!$B$8:$B$502,"*"&$B17&"*",'Tặng quà'!$AO$8:$AO$502,"Fail") | I17: =IFERROR(F17/E17,0) | J17: =IF(E17=0,"Chưa có TC (gap)",IF(H17>0,"Có lỗi (Fail)",IF(F17>=E17,"Đã test xong","Đang test")))
... B46: REQ-CNL-003 | C46: Điều kiện được phép huỷ theo trạng thái | D46: OPR-11 · DOC-v1.0-01 §D7 | E46: =COUNTIF('Hoạt động'!$B$8:$B$502,"*"&$B46&"*")+COUNTIF('Cá nhân'!$B$8:$B$502,"*"&$B46&"*")+COUNTIF('Thông báo'!$B$8:$B$502,"*"&$B46&"*")+COUNTIF('Đăng tin'!$B$8:$B$502,"*"&$B46&"*")+COUNTIF('Trang chủ'!$B$8:$B$502,"*"&$B46&"*")+COUNTIF('Bảng tin & Chi tiết tin'!$B$8:$B$502,"*"&$B46&"*")+COUNTIF('Theo dõi đơn'!$B$8:$B$502,"*"&$B46&"*")+COUNTIF('Huỷ đơn'!$B$8:$B$502,"*"&$B46&"*")+COUNTIF('Tặng quà'!$B$8:$B$502,"*"&$B46&"*") | F46: =SUMPRODUCT(ISNUMBER(SEARCH($B46,'Hoạt động'!$B$8:$B$502))*('Hoạt động'!$AO$8:$AO$502<>""))+SUMPRODUCT(ISNUMBER(SEARCH($B46,'Cá nhân'!$B$8:$B$502))*('Cá nhân'!$AO$8:$AO$502<>""))+SUMPRODUCT(ISNUMBER(SEARCH($B46,'Thông báo'!$B$8:$B$502))*('Thông báo'!$AO$8:$AO$502<>""))+SUMPRODUCT(ISNUMBER(SEARCH($B46,'Đăng tin'!$B$8:$B$502))*('Đăng tin'!$AO$8:$AO$502<>""))+SUMPRODUCT(ISNUMBER(SEARCH($B46,'Trang chủ'!$B$8:$B$502))*('Trang chủ'!$AO$8:$AO$502<>""))+SUMPRODUCT(ISNUMBER(SEARCH($B46,'Bảng tin & Chi tiết tin'!$B$8:$B$502))*('Bảng tin & Chi tiết tin'!$AO$8:$AO$502<>""))+SUMPRODUCT(ISNUMBER(SEARCH($B46,'Theo dõi đơn'!$B$8:$B$502))*('Theo dõi đơn'!$AO$8:$AO$502<>""))+SUMPRODUCT(ISNUMBER(SEARCH($B46,'Huỷ đơn'!$B$8:$B$502))*('Huỷ đơn'!$AO$8:$AO$502<>""))+SUMPRODUCT(ISNUMBER(SEARCH($B46,'Tặng quà'!$B$8:$B$502))*('Tặng quà'!$AO$8:$AO$502<>"")) | G46: =COUNTIFS('Hoạt động'!$B$8:$B$502,"*"&$B46&"*",'Hoạt động'!$AO$8:$AO$502,"Pass")+COUNTIFS('Cá nhân'!$B$8:$B$502,"*"&$B46&"*",'Cá nhân'!$AO$8:$AO$502,"Pass")+COUNTIFS('Thông báo'!$B$8:$B$502,"*"&$B46&"*",'Thông báo'!$AO$8:$AO$502,"Pass")+COUNTIFS('Đăng tin'!$B$8:$B$502,"*"&$B46&"*",'Đăng tin'!$AO$8:$AO$502,"Pass")+COUNTIFS('Trang chủ'!$B$8:$B$502,"*"&$B46&"*",'Trang chủ'!$AO$8:$AO$502,"Pass")+COUNTIFS('Bảng tin & Chi tiết tin'!$B$8:$B$502,"*"&$B46&"*",'Bảng tin & Chi tiết tin'!$AO$8:$AO$502,"Pass")+COUNTIFS('Theo dõi đơn'!$B$8:$B$502,"*"&$B46&"*",'Theo dõi đơn'!$AO$8:$AO$502,"Pass")+COUNTIFS('Huỷ đơn'!$B$8:$B$502,"*"&$B46&"*",'Huỷ đơn'!$AO$8:$AO$502,"Pass")+COUNTIFS('Tặng quà'!$B$8:$B$502,"*"&$B46&"*",'Tặng quà'!$AO$8:$AO$502,"Pass") | H46: =COUNTIFS('Hoạt động'!$B$8:$B$502,"*"&$B46&"*",'Hoạt động'!$AO$8:$AO$502,"Fail")+COUNTIFS('Cá nhân'!$B$8:$B$502,"*"&$B46&"*",'Cá nhân'!$AO$8:$AO$502,"Fail")+COUNTIFS('Thông báo'!$B$8:$B$502,"*"&$B46&"*",'Thông báo'!$AO$8:$AO$502,"Fail")+COUNTIFS('Đăng tin'!$B$8:$B$502,"*"&$B46&"*",'Đăng tin'!$AO$8:$AO$502,"Fail")+COUNTIFS('Trang chủ'!$B$8:$B$502,"*"&$B46&"*",'Trang chủ'!$AO$8:$AO$502,"Fail")+COUNTIFS('Bảng tin & Chi tiết tin'!$B$8:$B$502,"*"&$B46&"*",'Bảng tin & Chi tiết tin'!$AO$8:$AO$502,"Fail")+COUNTIFS('Theo dõi đơn'!$B$8:$B$502,"*"&$B46&"*",'Theo dõi đơn'!$AO$8:$AO$502,"Fail")+COUNTIFS('Huỷ đơn'!$B$8:$B$502,"*"&$B46&"*",'Huỷ đơn'!$AO$8:$AO$502,"Fail")+COUNTIFS('Tặng quà'!$B$8:$B$502,"*"&$B46&"*",'Tặng quà'!$AO$8:$AO$502,"Fail") | I46: =IFERROR(F46/E46,0) | J46: =IF(E46=0,"Chưa có TC (gap)",IF(H46>0,"Có lỗi (Fail)",IF(F46>=E46,"Đã test xong","Đang test")))
B47: Tổng | E47: =SUM(E6:E46) | F47: =SUM(F6:F46) | G47: =SUM(G6:G46) | H47: =SUM(H6:H46) | I47: =IFERROR(F47/E47,0)
B49: Ghi chú: Số liệu tự đếm trên CẢ 9 sheet Test Cases, Test Case 2..Test Case 9 (khớp gần đúng "*Req*" nên 1 TC gắn nhiều Req vẫn được tính cho từng Req). Yêu cầu có Số TC = 0 → tô đỏ = LỖ HỔNG PHỦ (gap), cần bổ sung test case. % phủ = Đã chạy / Số TC.

Sheet Hoạt động
A2: Mã chức năng | C2: TC_01
A3: Tên chức năng | C3: Hoạt động (Đơn của tôi) | G3: Version | I3: =Summary!$C$8
A4: Execution | C4: =TEXT(Summary!$C$10,"DD/MM/YYYY")&" → "&TEXT(Summary!$C$11,"DD/MM/YYYY") | G4: PIC | I4: PhucDN7
A5: TRACEABILITY | D5: TEST DESIGN | J5: SDLC | N5: ROUND 1 | S5: ROUND 2 | X5: ROUND 3 | AC5: ROUND 4 | AH5: ROUND 5 | AM5: KẾT QUẢ TỔNG
A6: Testcase ID | B6: Req ID | C6: DOC Source | D6: Group | E6: Priority | F6: Test Title (Nội dung test) | G6: Pre-condition (Điều kiện/Dữ liệu) | H6: Test Steps (Các bước) | I6: Expected Result (Kết quả mong đợi) | J6: Origin | K6: Review | L6: Automated | M6: Script | N6: Vibe-test | O6: KQ Script | P6: Kết quả | Q6: Executed By | R6: ID Bugs | S6: Vibe-test | T6: KQ Script | U6: Kết quả | V6: Executed By | W6: ID Bugs | X6: Vibe-test | Y6: KQ Script | Z6: Kết quả | AA6: Executed By | AB6: ID Bugs | AC6: Vibe-test | AD6: KQ Script | AE6: Kết quả | AF6: Executed By | AG6: ID Bugs | AH6: Vibe-test | AI6: KQ Script | AJ6: Kết quả | AK6: Executed By | AL6: ID Bugs | AM6: Vibe-test (tổng) | AN6: KQ Script (tổng) | AO6: Status | AP6: Remark
A7: Hoạt động (Đơn của tôi)
A8: =IF(C8="","",$C$2&"."&COUNTA($C$8:C8)&"") | B8: REQ-ORD-011 | C8: DOC-v1.0-02 §3.7 + ảnh Hoạt động | D8: UI | E8: Low | F8: Check bottom nav đủ 5 tab và "Hoạt động" highlight đúng khi đang ở màn này | G8: Đã đăng nhập app FoxPro (FoxEco SDK) | H8: 1. Mở app FoxEco 2. Từ bất kỳ tab nào, bấm "Hoạt động" tại bottom nav 3. Quan sát thanh bottom nav | I8: 3. Bottom nav hiển thị đủ 5 tab: "Trang chủ", "Bảng tin", nút [+] (Đăng tin), "Hoạt động", "Cá nhân"; tab "Hoạt động" hiển thị highlight màu cam (active), 4 tab còn lại không highlight | J8: AI | K8: Pending | L8: No | AM8: =IF($A8="","",IF(OR($N8="Yes",$S8="Yes",$X8="Yes",$AC8="Yes",$AH8="Yes"),"Yes","No")) | AN8: =IF($A8="","",IFERROR(IF($AI8<>"",$AI8,IF($AD8<>"",$AD8,IF($Y8<>"",$Y8,IF($T8<>"",$T8,IF($O8<>"",$O8,""))))),"")) | AO8: =IFERROR(IF($AJ8<>"",$AJ8,IF($AE8<>"",$AE8,IF($Z8<>"",$Z8,IF($U8<>"",$U8,IF($P8<>"",$P8,""))))),"")
B9: Block Tab switcher
A10: =IF(C10="","",$C$2&"."&COUNTA($C$8:C10)&"") | B10: REQ-ORD-011 | C10: DOC-v1.0-02 §3.7 + ảnh Hoạt động | D10: UI | E10: Medium | F10: Check hiển thị đủ 2 tab "Đang diễn ra"/"Đã hoàn thành" tại màn Hoạt động | G10: Đã đăng nhập, đang ở màn Hoạt động | H10: 1. Mở app FoxEco 2. Bấm "Hoạt động" tại bottom nav 3. Quan sát khu vực tab switcher đầu màn | I10: 3. Hiển thị đủ 2 tab đúng label "Đang diễn ra" và "Đã hoàn thành" | J10: AI | K10: Pending | L10: No | AM10: =IF($A10="","",IF(OR($N10="Yes",$S10="Yes",$X10="Yes",$AC10="Yes",$AH10="Yes"),"Yes","No")) | AN10: =IF($A10="","",IFERROR(IF($AI10<>"",$AI10,IF($AD10<>"",$AD10,IF($Y10<>"",$Y10,IF($T10<>"",$T10,IF($O10<>"",$O10,""))))),"")) | AO10: =IFERROR(IF($AJ10<>"",$AJ10,IF($AE10<>"",$AE10,IF($Z10<>"",$Z10,IF($U10<>"",$U10,IF($P10<>"",$P10,""))))),"")
A11: =IF(C11="","",$C$2&"."&COUNTA($C$8:C11)&"") | B11: REQ-ORD-011 | C11: DOC-v1.0-02 §3.7 + ảnh Hoạt động | D11: UI | E11: Medium | F11: Check tab mặc định khi mới vào màn Hoạt động là "Đang diễn ra" | G11: Đã đăng nhập, CHƯA từng vào màn Hoạt động trong phiên hiện tại (state PRISTINE) | H11: 1. Mở app FoxEco 2. Bấm "Hoạt động" tại bottom nav lần đầu 3. Quan sát tab đang được chọn (active) | I11: 3. Tab "Đang diễn ra" được highlight/chọn mặc định, danh sách hiển thị theo tab này | J11: AI | K11: Pending | L11: No | AM11: =IF($A11="","",IF(OR($N11="Yes",$S11="Yes",$X11="Yes",$AC11="Yes",$AH11="Yes"),"Yes","No")) | AN11: =IF($A11="","",IFERROR(IF($AI11<>"",$AI11,IF($AD11<>"",$AD11,IF($Y11<>"",$Y11,IF($T11<>"",$T11,IF($O11<>"",$O11,""))))),"")) | AO11: =IFERROR(IF($AJ11<>"",$AJ11,IF($AE11<>"",$AE11,IF($Z11<>"",$Z11,IF($U11<>"",$U11,IF($P11<>"",$P11,""))))),"")
A12: =IF(C12="","",$C$2&"."&COUNTA($C$8:C12)&"") | B12: REQ-ORD-011 | C12: DOC-v1.0-02 §3.7 + ảnh Hoạt động | D12: Functional | E12: Medium | F12: Check dữ liệu đúng tại tab "Đang diễn ra" | G12: Đã đăng nhập, có đơn ở nhiều trạng thái đang diễn ra (Chờ ghép/Đã ghép/Đang giao) lẫn đơn đã Hoàn thành/Hết hạn/Đã huỷ | H12: 1. Mở app FoxEco 2. Bấm "Hoạt động" tại bottom nav 3. Mở tab "Đang diễn ra" (nếu chưa active) 4. Quan sát toàn bộ danh sách đơn hiển thị | I12: 4. Danh sách CHỈ chứa đơn ở trạng thái đang diễn ra (Chờ ghép/Đã ghép/Đang giao/Đã huỷ); KHÔNG lẫn đơn Hoàn thành/Hết hạn | J12: AI | K12: Pending | L12: No | AM12: =IF($A12="","",IF(OR($N12="Yes",$S12="Yes",$X12="Yes",$AC12="Yes",$AH12="Yes"),"Yes","No")) | AN12: =IF($A12="","",IFERROR(IF($AI12<>"",$AI12,IF($AD12<>"",$AD12,IF($Y12<>"",$Y12,IF($T12<>"",$T12,IF($O12<>"",$O12,""))))),"")) | AO12: =IFERROR(IF($AJ12<>"",$AJ12,IF($AE12<>"",$AE12,IF($Z12<>"",$Z12,IF($U12<>"",$U12,IF($P12<>"",$P12,""))))),"") | AP12: Technique: EP-mixed-aggregate (baseline) | Xem EP-matched/EP-in-transit TC kế tiếp cho từng trạng thái riêng; partition "Chờ ghép" đã có ở SC-ORD-020/021 | Cập nhật 2026-07-30: bổ sung đơn Đã huỷ vào bộ dữ liệu trộn (user xác nhận đơn Đã huỷ CÓ hiển thị ở tab này).
A13: =IF(C13="","",$C$2&"."&COUNTA($C$8:C13)&"") | B13: REQ-ORD-011 | C13: DOC-v1.0-02 §3.7 + ảnh Hoạt động | D13: Functional | E13: Medium | F13: Check dữ liệu đúng tại tab "Đã hoàn thành" | G13: Đã đăng nhập, có đơn Hoàn thành/Hết hạn lẫn đơn đang diễn ra (Chờ ghép/Đã ghép/Đang giao) | H13: 1. Mở app FoxEco 2. Bấm "Hoạt động" tại bottom nav 3. Bấm tab "Đã hoàn thành" 4. Quan sát toàn bộ danh sách đơn hiển thị | I13: 4. Danh sách CHỈ chứa đơn Hoàn thành/Hết hạn; KHÔNG lẫn đơn đang diễn ra | J13: AI | K13: Pending | L13: No | AM13: =IF($A13="","",IF(OR($N13="Yes",$S13="Yes",$X13="Yes",$AC13="Yes",$AH13="Yes"),"Yes","No")) | AN13: =IF($A13="","",IFERROR(IF($AI13<>"",$AI13,IF($AD13<>"",$AD13,IF($Y13<>"",$Y13,IF($T13<>"",$T13,IF($O13<>"",$O13,""))))),"")) | AO13: =IFERROR(IF($AJ13<>"",$AJ13,IF($AE13<>"",$AE13,IF($Z13<>"",$Z13,IF($U13<>"",$U13,IF($P13<>"",$P13,""))))),"") | AP13: Technique: EP-mixed-aggregate (baseline) | EP theo từng trạng thái riêng (Hoàn thành/Hết hạn) đã có ở SC-ORD-019/SC-ORD-005 — dedupe, không tạo thêm TC
A14: =IF(C14="","",$C$2&"."&COUNTA($C$8:C14)&"") | B14: REQ-ORD-011 | C14: DOC-v1.0-02 §3.7 + ảnh Hoạt động | D14: Functional | E14: Medium | F14: Check đơn trạng thái "Đã ghép" hiển thị tại tab "Đang diễn ra" | G14: Có đơn đang ở trạng thái "Đã ghép" (MATCHED) | H14: 1. Mở app FoxEco 2. Bấm "Hoạt động" tại bottom nav 3. Mở tab "Đang diễn ra" (nếu chưa active) 4. Tìm card đơn "Đã ghép" trong danh sách | I14: 4. Card đơn "Đã ghép" xuất hiện đúng trong danh sách tab "Đang diễn ra", hiển thị đúng badge "Đã ghép" | J14: AI | K14: Pending | L14: No | AM14: =IF($A14="","",IF(OR($N14="Yes",$S14="Yes",$X14="Yes",$AC14="Yes",$AH14="Yes"),"Yes","No")) | AN14: =IF($A14="","",IFERROR(IF($AI14<>"",$AI14,IF($AD14<>"",$AD14,IF($Y14<>"",$Y14,IF($T14<>"",$T14,IF($O14<>"",$O14,""))))),"")) | AO14: =IFERROR(IF($AJ14<>"",$AJ14,IF($AE14<>"",$AE14,IF($Z14<>"",$Z14,IF($U14<>"",$U14,IF($P14<>"",$P14,""))))),"") | AP14: Technique: EP-matched
A15: =IF(C15="","",$C$2&"."&COUNTA($C$8:C15)&"") | B15: REQ-ORD-011 | C15: DOC-v1.0-02 §3.7 + ảnh Hoạt động | D15: Functional | E15: Medium | F15: Check đơn trạng thái "Đang giao" hiển thị tại tab "Đang diễn ra" | G15: Có đơn đang ở trạng thái "Đang giao" (IN_TRANSIT) | H15: 1. Mở app FoxEco 2. Bấm "Hoạt động" tại bottom nav 3. Mở tab "Đang diễn ra" (nếu chưa active) 4. Tìm card đơn "Đang giao" trong danh sách | I15: 4. Card đơn "Đang giao" xuất hiện đúng trong danh sách tab "Đang diễn ra", hiển thị đúng badge "Đang giao" | J15: AI | K15: Pending | L15: No | AM15: =IF($A15="","",IF(OR($N15="Yes",$S15="Yes",$X15="Yes",$AC15="Yes",$AH15="Yes"),"Yes","No")) | AN15: =IF($A15="","",IFERROR(IF($AI15<>"",$AI15,IF($AD15<>"",$AD15,IF($Y15<>"",$Y15,IF($T15<>"",$T15,IF($O15<>"",$O15,""))))),"")) | AO15: =IFERROR(IF($AJ15<>"",$AJ15,IF($AE15<>"",$AE15,IF($Z15<>"",$Z15,IF($U15<>"",$U15,IF($P15<>"",$P15,""))))),"") | AP15: Technique: EP-in-transit
B16: Block Card danh sách đơn
A17: =IF(C17="","",$C$2&"."&COUNTA($C$8:C17)&"") | B17: REQ-ORD-011 | C17: DOC-v1.0-02 §3.7 + ảnh Hoạt động | D17: UI | E17: Medium | F17: Check đầy đủ + đúng 5 trường hiển thị trên 1 card đơn tại màn Hoạt động | G17: Có ít nhất 1 đơn hiển thị trong danh sách (bất kỳ tab nào) | H17: 1. Mở app FoxEco 2. Bấm "Hoạt động" tại bottom nav 3. Quan sát 1 card đơn bất kỳ trong danh sách | I17: 3. Card hiển thị đủ 5 trường: (1) icon trạng thái, (2) tên tin, (3) tuyến "Từ → Đến", (4) ngày, (5) badge trạng thái — không thiếu, không rỗng bất thường | J17: AI | K17: Pending | L17: No | AM17: =IF($A17="","",IF(OR($N17="Yes",$S17="Yes",$X17="Yes",$AC17="Yes",$AH17="Yes"),"Yes","No")) | AN17: =IF($A17="","",IFERROR(IF($AI17<>"",$AI17,IF($AD17<>"",$AD17,IF($Y17<>"",$Y17,IF($T17<>"",$T17,IF($O17<>"",$O17,""))))),"")) | AO17: =IFERROR(IF($AJ17<>"",$AJ17,IF($AE17<>"",$AE17,IF($Z17<>"",$Z17,IF($U17<>"",$U17,IF($P17<>"",$P17,""))))),"") | AP17: Field/column completeness check — auto-derived (xem generate.md Step 3b)
A18: =IF(C18="","",$C$2&"."&COUNTA($C$8:C18)&"") | B18: REQ-ORD-004 | C18: DOC-v1.0-01 | D18: Functional | E18: High | F18: Check tin tự động chuyển "Hết hạn" khi quá "Đến ngày", hiển thị đúng tại Hoạt động | G18: Có tin NEED ở trạng thái POSTED với "Đến ngày" đã set gần (test nhanh), không có ai nhận mang giúp tới hạn | H18: 1. Đăng tin NEED với "Đến ngày" = [ngày gần, vd hôm nay] 2. Chờ tới thời điểm "Đến ngày" mà không có Carrier nhận 3. Mở app FoxEco → bấm "Hoạt động" → tab "Đã hoàn thành" | I18: 3. Tin tự động chuyển trạng thái EXPIRED; card hiển thị icon đồng hồ xám + badge "Hết hạn" + dòng lý do "Không có ai nhận mang giúp trong thời gian đăng — tin đã tự động đóng." | J18: AI | K18: Pending | L18: No | AM18: =IF($A18="","",IF(OR($N18="Yes",$S18="Yes",$X18="Yes",$AC18="Yes",$AH18="Yes"),"Yes","No")) | AN18: =IF($A18="","",IFERROR(IF($AI18<>"",$AI18,IF($AD18<>"",$AD18,IF($Y18<>"",$Y18,IF($T18<>"",$T18,IF($O18<>"",$O18,""))))),"")) | AO18: =IFERROR(IF($AJ18<>"",$AJ18,IF($AE18<>"",$AE18,IF($Z18<>"",$Z18,IF($U18<>"",$U18,IF($P18<>"",$P18,""))))),"") | AP18: Technique: BVA-at-expiry (baseline) | Xem BVA-before-expiry TC kế tiếp cho boundary trước hạn | Nguồn: merge CA v1.1 `C-ORDER-2` — v1.0 từng chốt ngưỡng EXPIRED = "Từ ngày"; BRD v3.2 ghi rõ 2 lần là "Đến ngày" và user xác nhận lại "Den ngay dung" (đảo ngược resolution cũ). Nhãn TC làm rõ để không đọc nhầm thành "Từ ngày"
A19: =IF(C19="","",$C$2&"."&COUNTA($C$8:C19)&"") | B19: REQ-ORD-004 | C19: DOC-v1.0-01 | D19: Functional | E19: Medium | F19: Check tin CHƯA tự động chuyển "Hết hạn" khi CHƯA tới "Đến ngày" (boundary ngay trước hạn) | G19: Có tin NEED ở trạng thái POSTED với "Đến ngày" còn cách hiện tại 1 khoảng rất ngắn (vd còn 1 phút, dữ liệu test dàn dựng), chưa ai nhận mang giúp | H19: 1. Đăng tin NEED với "Đến ngày" = [thời điểm còn 1 phút nữa mới tới hạn] 2. Ngay TRƯỚC thời điểm "Đến ngày" (boundary min-1), mở app FoxEco → bấm "Hoạt động" → tab "Đang diễn ra" 3. Quan sát card tin vừa đăng | I19: 3. Tin vẫn ở trạng thái "Chờ ghép" (POSTED), CHƯA tự chuyển "Hết hạn" — badge hiển thị đúng "Chờ ghép" | J19: AI | K19: Pending | L19: No | AM19: =IF($A19="","",IF(OR($N19="Yes",$S19="Yes",$X19="Yes",$AC19="Yes",$AH19="Yes"),"Yes","No")) | AN19: =IF($A19="","",IFERROR(IF($AI19<>"",$AI19,IF($AD19<>"",$AD19,IF($Y19<>"",$Y19,IF($T19<>"",$T19,IF($O19<>"",$O19,""))))),"")) | AO19: =IFERROR(IF($AJ19<>"",$AJ19,IF($AE19<>"",$AE19,IF($Z19<>"",$Z19,IF($U19<>"",$U19,IF($P19<>"",$P19,""))))),"") | AP19: Technique: BVA-before-expiry | Cần bổ sung test data trong catalog (catalog chưa có mốc hạn tin cụ thể để dựng boundary chính xác) | Nguồn: merge CA v1.1 `C-ORDER-2` — v1.0 từng chốt ngưỡng EXPIRED = "Từ ngày"; BRD v3.2 ghi rõ 2 lần là "Đến ngày" và user xác nhận lại "Den ngay dung" (đảo ngược resolution cũ). Nhãn TC làm rõ để không đọc nhầm thành "Từ ngày"
A20: =IF(C20="","",$C$2&"."&COUNTA($C$8:C20)&"") | B20: REQ-ORD-011 | C20: DOC-v1.0-02 §3.7 + ảnh Hoạt động | D20: UI | E20: Low | F20: Check card trạng thái "Hoàn thành" hiển thị đúng tại tab "Đã hoàn thành" | G20: Có đơn đã chuyển trạng thái COMPLETED | H20: 1. Mở app FoxEco → bấm "Hoạt động" → tab "Đã hoàn thành" 2. Quan sát card đơn COMPLETED | I20: 2. Card hiển thị icon check màu xanh + badge "Hoàn thành" (KHÔNG assert dòng rating "★★★★★ Đã đánh giá" nếu có xuất hiện — xem C-GIFT-01, out of scope v1.0) | J20: AI | K20: Pending | L20: No | AM20: =IF($A20="","",IF(OR($N20="Yes",$S20="Yes",$X20="Yes",$AC20="Yes",$AH20="Yes"),"Yes","No")) | AN20: =IF($A20="","",IFERROR(IF($AI20<>"",$AI20,IF($AD20<>"",$AD20,IF($Y20<>"",$Y20,IF($T20<>"",$T20,IF($O20<>"",$O20,""))))),"")) | AO20: =IFERROR(IF($AJ20<>"",$AJ20,IF($AE20<>"",$AE20,IF($Z20<>"",$Z20,IF($U20<>"",$U20,IF($P20<>"",$P20,""))))),"") | AP20: Technique: EP-completed (baseline) | Dùng chung phân vùng cho SC-ORD-026 tab data
A21: =IF(C21="","",$C$2&"."&COUNTA($C$8:C21)&"") | B21: REQ-ORD-011 | C21: DOC-v1.0-02 §3.7 + ảnh Hoạt động | D21: UI | E21: Low | F21: Check card trạng thái "Chờ ghép" hiển thị đúng tại tab "Đang diễn ra" | G21: Có tin NEED/OFFER ở trạng thái POSTED (chưa ai nhận) | H21: 1. Mở app FoxEco → bấm "Hoạt động" → tab "Đang diễn ra" 2. Quan sát card tin POSTED | I21: 2. Card hiển thị đúng badge "Chờ ghép" | J21: AI | K21: Pending | L21: No | AM21: =IF($A21="","",IF(OR($N21="Yes",$S21="Yes",$X21="Yes",$AC21="Yes",$AH21="Yes"),"Yes","No")) | AN21: =IF($A21="","",IFERROR(IF($AI21<>"",$AI21,IF($AD21<>"",$AD21,IF($Y21<>"",$Y21,IF($T21<>"",$T21,IF($O21<>"",$O21,""))))),"")) | AO21: =IFERROR(IF($AJ21<>"",$AJ21,IF($AE21<>"",$AE21,IF($Z21<>"",$Z21,IF($U21<>"",$U21,IF($P21<>"",$P21,""))))),"") | AP21: Technique: EP-posted (baseline) | Dùng chung phân vùng cho SC-ORD-017 tab data + SC-ORD-021 tap-to-detail
A22: =IF(C22="","",$C$2&"."&COUNTA($C$8:C22)&"") | B22: REQ-ORD-011 | C22: DOC-v1.0-02 §3.7 + ảnh Hoạt động | D22: Functional | E22: Medium | F22: Check bấm vào card trạng thái "Chờ ghép" mở đúng màn Chi tiết tin | G22: Có đơn ở trạng thái "Chờ ghép" tại màn Hoạt động | H22: 1. Mở app FoxEco → bấm "Hoạt động" 2. Bấm vào card đơn "Chờ ghép" | I22: 2. Điều hướng đúng sang màn "Chi tiết tin" của đơn đó | J22: AI | K22: Pending | L22: No | AM22: =IF($A22="","",IF(OR($N22="Yes",$S22="Yes",$X22="Yes",$AC22="Yes",$AH22="Yes"),"Yes","No")) | AN22: =IF($A22="","",IFERROR(IF($AI22<>"",$AI22,IF($AD22<>"",$AD22,IF($Y22<>"",$Y22,IF($T22<>"",$T22,IF($O22<>"",$O22,""))))),"")) | AO22: =IFERROR(IF($AJ22<>"",$AJ22,IF($AE22<>"",$AE22,IF($Z22<>"",$Z22,IF($U22<>"",$U22,IF($P22<>"",$P22,""))))),"") | AP22: Technique: EP-posted (baseline ví dụ) | Xem EP-matched/EP-in-transit/EP-completed TC kế tiếp cho các trạng thái còn lại
A23: =IF(C23="","",$C$2&"."&COUNTA($C$8:C23)&"") | B23: REQ-ORD-011 | C23: DOC-v1.0-02 §3.7 + ảnh Hoạt động | D23: Functional | E23: Medium | F23: Check bấm vào card trạng thái "Đã ghép" mở đúng màn Chi tiết tin | G23: Có đơn ở trạng thái "Đã ghép" tại màn Hoạt động | H23: 1. Mở app FoxEco → bấm "Hoạt động" 2. Bấm vào card đơn "Đã ghép" | I23: 2. Điều hướng đúng sang màn "Chi tiết tin" của đơn đó | J23: AI | K23: Pending | L23: No | AM23: =IF($A23="","",IF(OR($N23="Yes",$S23="Yes",$X23="Yes",$AC23="Yes",$AH23="Yes"),"Yes","No")) | AN23: =IF($A23="","",IFERROR(IF($AI23<>"",$AI23,IF($AD23<>"",$AD23,IF($Y23<>"",$Y23,IF($T23<>"",$T23,IF($O23<>"",$O23,""))))),"")) | AO23: =IFERROR(IF($AJ23<>"",$AJ23,IF($AE23<>"",$AE23,IF($Z23<>"",$Z23,IF($U23<>"",$U23,IF($P23<>"",$P23,""))))),"") | AP23: Technique: EP-matched
A24: =IF(C24="","",$C$2&"."&COUNTA($C$8:C24)&"") | B24: REQ-ORD-011 | C24: DOC-v1.0-02 §3.7 + ảnh Hoạt động | D24: Functional | E24: Medium | F24: Check bấm vào card trạng thái "Đang giao" mở đúng màn Chi tiết tin | G24: Có đơn ở trạng thái "Đang giao" tại màn Hoạt động | H24: 1. Mở app FoxEco → bấm "Hoạt động" 2. Bấm vào card đơn "Đang giao" | I24: 2. Điều hướng đúng sang màn "Chi tiết tin" của đơn đó | J24: AI | K24: Pending | L24: No | AM24: =IF($A24="","",IF(OR($N24="Yes",$S24="Yes",$X24="Yes",$AC24="Yes",$AH24="Yes"),"Yes","No")) | AN24: =IF($A24="","",IFERROR(IF($AI24<>"",$AI24,IF($AD24<>"",$AD24,IF($Y24<>"",$Y24,IF($T24<>"",$T24,IF($O24<>"",$O24,""))))),"")) | AO24: =IFERROR(IF($AJ24<>"",$AJ24,IF($AE24<>"",$AE24,IF($Z24<>"",$Z24,IF($U24<>"",$U24,IF($P24<>"",$P24,""))))),"") | AP24: Technique: EP-in-transit
A25: =IF(C25="","",$C$2&"."&COUNTA($C$8:C25)&"") | B25: REQ-ORD-011 | C25: DOC-v1.0-02 §3.7 + ảnh Hoạt động | D25: Functional | E25: Low | F25: Check bấm vào card trạng thái "Hoàn thành" mở đúng màn Chi tiết tin | G25: Có đơn ở trạng thái "Hoàn thành" tại màn Hoạt động | H25: 1. Mở app FoxEco → bấm "Hoạt động" → tab "Đã hoàn thành" 2. Bấm vào card đơn "Hoàn thành" | I25: 2. Điều hướng đúng sang màn "Chi tiết tin" của đơn đó | J25: AI | K25: Pending | L25: No | AM25: =IF($A25="","",IF(OR($N25="Yes",$S25="Yes",$X25="Yes",$AC25="Yes",$AH25="Yes"),"Yes","No")) | AN25: =IF($A25="","",IFERROR(IF($AI25<>"",$AI25,IF($AD25<>"",$AD25,IF($Y25<>"",$Y25,IF($T25<>"",$T25,IF($O25<>"",$O25,""))))),"")) | AO25: =IFERROR(IF($AJ25<>"",$AJ25,IF($AE25<>"",$AE25,IF($Z25<>"",$Z25,IF($U25<>"",$U25,IF($P25<>"",$P25,""))))),"") | AP25: Technique: EP-completed
A26: =IF(C26="","",$C$2&"."&COUNTA($C$8:C26)&"") | B26: REQ-ORD-011, REQ-CNL-001 | C26: DOC-v1.0-05 | D26: Functional | E26: Low | F26: Check bấm vào card trạng thái "Đã huỷ" mở đúng màn Chi tiết tin/Theo dõi đơn | G26: Có đơn ở trạng thái "Đã huỷ", đang hiển thị dạng card tại tab "Đang diễn ra" | H26: 1. Mở app FoxEco → bấm "Hoạt động" → tab "Đang diễn ra" 2. Bấm vào card có badge "Đã huỷ" | I26: 2. Điều hướng đúng sang màn "Chi tiết tin"/"Theo dõi đơn" của đơn đó (giống hành vi các trạng thái khác, KHÁC "Hết hạn") | J26: AI | K26: Pending | L26: No | AM26: =IF($A26="","",IF(OR($N26="Yes",$S26="Yes",$X26="Yes",$AC26="Yes",$AH26="Yes"),"Yes","No")) | AN26: =IF($A26="","",IFERROR(IF($AI26<>"",$AI26,IF($AD26<>"",$AD26,IF($Y26<>"",$Y26,IF($T26<>"",$T26,IF($O26<>"",$O26,""))))),"")) | AO26: =IFERROR(IF($AJ26<>"",$AJ26,IF($AE26<>"",$AE26,IF($Z26<>"",$Z26,IF($U26<>"",$U26,IF($P26<>"",$P26,""))))),"") | AP26: Technique: EP-actor-cancelled-clickable | Bổ sung 2026-07-30 theo yêu cầu user (QA GiangDC2 xác nhận trực tiếp trên app STG: card "Đã huỷ" CÓ bấm được, khác với card "Hết hạn" — non-clickable). Cùng nhóm SC-ORD-021 (4→5 TC).
A27: =IF(C27="","",$C$2&"."&COUNTA($C$8:C27)&"") | B27: REQ-ORD-011 | C27: DOC-v1.0-02 §3.7 + ảnh Hoạt động | D27: Functional | E27: Low | F27: Check bấm vào card "Hết hạn" không cho thao tác | G27: Có đơn ở trạng thái "Hết hạn" (EXPIRED) tại tab "Đã hoàn thành" | H27: 1. Mở app FoxEco → bấm "Hoạt động" → tab "Đã hoàn thành" 2. Bấm vào card có badge "Hết hạn" | I27: 2. Không có điều hướng/phản hồi nào xảy ra (card non-clickable) | J27: AI | K27: Pending | L27: No | AM27: =IF($A26="","",IF(OR($N26="Yes",$S26="Yes",$X26="Yes",$AC26="Yes",$AH26="Yes"),"Yes","No")) | AN27: =IF($A26="","",IFERROR(IF($AI26<>"",$AI26,IF($AD26<>"",$AD26,IF($Y26<>"",$Y26,IF($T26<>"",$T26,IF($O26<>"",$O26,""))))),"")) | AO27: =IFERROR(IF($AJ26<>"",$AJ26,IF($AE26<>"",$AE26,IF($Z26<>"",$Z26,IF($U26<>"",$U26,IF($P26<>"",$P26,""))))),"") | AP27: Technique: EP-invalid-expired (baseline) | Đối chứng cho EP-021 set (partition không hợp lệ/không thao tác được)
A28: =IF(C28="","",$C$2&"."&COUNTA($C$8:C28)&"") | B28: REQ-ORD-011 | C28: QA xác nhận app STG (2026-07-28) · C-ORD-06 Resolved | D28: UI | E28: Low | F28: Check empty state hiển thị khi tab "Đang diễn ra" rỗng | G28: Tài khoản chưa có đơn nào ở trạng thái đang diễn ra (Chờ ghép/Đã ghép/Đang giao) | H28: 1. Mở app FoxEco → bấm "Hoạt động" 2. Mở tab "Đang diễn ra" (không có đơn nào) | I28: 2. Hiển thị text "Hiện tại chưa có dữ liệu" (C-ORD-06, Resolved — QA xác nhận đúng UI thật) | J28: AI | K28: Pending | L28: No | AM28: =IF($A27="","",IF(OR($N27="Yes",$S27="Yes",$X27="Yes",$AC27="Yes",$AH27="Yes"),"Yes","No")) | AN28: =IF($A27="","",IFERROR(IF($AI27<>"",$AI27,IF($AD27<>"",$AD27,IF($Y27<>"",$Y27,IF($T27<>"",$T27,IF($O27<>"",$O27,""))))),"")) | AO28: =IFERROR(IF($AJ27<>"",$AJ27,IF($AE27<>"",$AE27,IF($Z27<>"",$Z27,IF($U27<>"",$U27,IF($P27<>"",$P27,""))))),"") | AP28: Technique: EP-tab-ongoing-empty | Text đã QA xác nhận trực tiếp trên UI thật (2026-07-28) — xem C-ORD-06 (Resolved)
A29: =IF(C29="","",$C$2&"."&COUNTA($C$8:C29)&"") | B29: REQ-ORD-011 | C29: QA xác nhận app STG (2026-07-28) · C-ORD-06 Resolved | D29: UI | E29: Low | F29: Check empty state hiển thị khi tab "Đã hoàn thành" rỗng | G29: Tài khoản chưa có đơn nào ở trạng thái Hoàn thành/Hết hạn | H29: 1. Mở app FoxEco → bấm "Hoạt động" 2. Mở tab "Đã hoàn thành" (không có đơn nào) | I29: 2. Hiển thị text "Hiện tại chưa có dữ liệu" (C-ORD-06, Resolved — QA xác nhận đúng UI thật) | J29: AI | K29: Pending | L29: No | AM29: =IF($A28="","",IF(OR($N28="Yes",$S28="Yes",$X28="Yes",$AC28="Yes",$AH28="Yes"),"Yes","No")) | AN29: =IF($A28="","",IFERROR(IF($AI28<>"",$AI28,IF($AD28<>"",$AD28,IF($Y28<>"",$Y28,IF($T28<>"",$T28,IF($O28<>"",$O28,""))))),"")) | AO29: =IFERROR(IF($AJ28<>"",$AJ28,IF($AE28<>"",$AE28,IF($Z28<>"",$Z28,IF($U28<>"",$U28,IF($P28<>"",$P28,""))))),"") | AP29: Technique: EP-tab-completed-empty | Text đã QA xác nhận trực tiếp trên UI thật (2026-07-28) — xem C-ORD-06 (Resolved)
A30: =IF(C30="","",$C$2&"."&COUNTA($C$8:C30)&"") | B30: REQ-ORD-011, REQ-CNL-001 | C30: DOC-v1.0-05 | D30: Functional | E30: Medium | F30: Check đơn trạng thái "Đã huỷ" hiển thị đúng dạng card tại tab "Đang diễn ra" | G30: Có 1 đơn vừa được huỷ (qua popup "Huỷ đơn", bất kỳ vai trò nào huỷ) | H30: 1. Huỷ 1 đơn đang ở POSTED hoặc MATCHED (xem TC huỷ đơn module CNL) 2. Mở app FoxEco → bấm "Hoạt động" 3. Kiểm tra lần lượt cả 2 tab "Đang diễn ra" và "Đã hoàn thành" | I30: 3. Đơn vừa huỷ hiển thị ĐÚNG dạng card (badge "Đã huỷ") tại tab "Đang diễn ra"; KHÔNG xuất hiện ở tab "Đã hoàn thành" | J30: AI | K30: Pending | L30: No | AM30: =IF($A29="","",IF(OR($N29="Yes",$S29="Yes",$X29="Yes",$AC29="Yes",$AH29="Yes"),"Yes","No")) | AN30: =IF($A29="","",IFERROR(IF($AI29<>"",$AI29,IF($AD29<>"",$AD29,IF($Y29<>"",$Y29,IF($T29<>"",$T29,IF($O29<>"",$O29,""))))),"")) | AO30: =IFERROR(IF($AJ29<>"",$AJ29,IF($AE29<>"",$AE29,IF($Z29<>"",$Z29,IF($U29<>"",$U29,IF($P29<>"",$P29,""))))),"") | AP30: ⚠ SỬA LẠI 2026-07-30 (user chỉnh, xem CHANGELOG): bản trước ghi "Đã huỷ KHÔNG hiển thị ở cả 2 tab" — SAI so với app thật. QA GiangDC2 xác nhận trực tiếp: đơn Đã huỷ VẪN hiển thị dạng card tại tab "Đang diễn ra" (không biến mất khỏi Hoạt động), chỉ không xuất hiện ở tab "Đã hoàn thành". Technique: EP-actor-cancelled-shown (baseline, sửa lại từ EP-actor-cancelled-hidden).

Sheet Cá nhân
A2: Mã chức năng | C2: TC_02
A3: Tên chức năng | C3: Cá nhân | G3: Version | I3: =Summary!$C$8
A4: Execution | C4: =TEXT(Summary!$C$10,"DD/MM/YYYY")&" → "&TEXT(Summary!$C$11,"DD/MM/YYYY") | G4: PIC | I4: PhucDN7
A5: TRACEABILITY | D5: TEST DESIGN | J5: SDLC | N5: ROUND 1 | S5: ROUND 2 | X5: ROUND 3 | AC5: ROUND 4 | AH5: ROUND 5 | AM5: KẾT QUẢ TỔNG
A6: Testcase ID | B6: Req ID | C6: DOC Source | D6: Group | E6: Priority | F6: Test Title (Nội dung test) | G6: Pre-condition (Điều kiện/Dữ liệu) | H6: Test Steps (Các bước) | I6: Expected Result (Kết quả mong đợi) | J6: Origin | K6: Review | L6: Automated | M6: Script | N6: Vibe-test | O6: KQ Script | P6: Kết quả | Q6: Executed By | R6: ID Bugs | S6: Vibe-test | T6: KQ Script | U6: Kết quả | V6: Executed By | W6: ID Bugs | X6: Vibe-test | Y6: KQ Script | Z6: Kết quả | AA6: Executed By | AB6: ID Bugs | AC6: Vibe-test | AD6: KQ Script | AE6: Kết quả | AF6: Executed By | AG6: ID Bugs | AH6: Vibe-test | AI6: KQ Script | AJ6: Kết quả | AK6: Executed By | AL6: ID Bugs | AM6: Vibe-test (tổng) | AN6: KQ Script (tổng) | AO6: Status | AP6: Remark
A7: Cá nhân
B8: Block Thông tin định danh
A9: =IF(C9="","",$C$2&"."&COUNTA($C$8:C9)&"") | B9: REQ-USR-002 | C9: DOC-v1.0-01 | D9: Functional | E9: Medium | F9: Check xem hồ sơ cá nhân (view-only), đủ 6 trường, không có nút chỉnh sửa | G9: Đã đăng nhập, đang ở màn Cá nhân | H9: 1. Mở app FoxEco 2. Bấm "Cá nhân" tại bottom nav 3. Quan sát khu vực hồ sơ (Thông tin định danh) 4. Tìm mọi nút "Chỉnh sửa"/"Cập nhật" trên màn | I9: 3. Hiển thị đúng dữ liệu cho đủ 6 trường: tên, SĐT, avatar, phòng ban, khu vực, kênh liên hệ 4. KHÔNG có bất kỳ nút/form "Chỉnh sửa"/"Cập nhật" nào (view-only, xem C-USR-03) | J9: AI | K9: Pending | L9: No | AM9: =IF($A9="","",IF(OR($N9="Yes",$S9="Yes",$X9="Yes",$AC9="Yes",$AH9="Yes"),"Yes","No")) | AN9: =IF($A9="","",IFERROR(IF($AI9<>"",$AI9,IF($AD9<>"",$AD9,IF($Y9<>"",$Y9,IF($T9<>"",$T9,IF($O9<>"",$O9,""))))),"")) | AO9: =IFERROR(IF($AJ9<>"",$AJ9,IF($AE9<>"",$AE9,IF($Z9<>"",$Z9,IF($U9<>"",$U9,IF($P9<>"",$P9,""))))),"")
A10: =IF(C10="","",$C$2&"."&COUNTA($C$8:C10)&"") | B10: REQ-USR-003 | C10: DOC-v1.0-01 | D10: UI | E10: Medium | F10: Check hiển thị đúng phòng ban + khu vực/tỉnh trên hồ sơ | G10: Đã đăng nhập, tài khoản có sẵn phòng ban + khu vực trên SSO | H10: 1. Mở app FoxEco 2. Bấm "Cá nhân" tại bottom nav 3. Quan sát trường phòng ban + khu vực/tỉnh | I10: 3. Hiển thị đúng phòng ban + khu vực/tỉnh của user (đúng dữ liệu SSO, vd "Phòng Kỹ thuật · MNV: FTEL2291") | J10: AI | K10: Pending | L10: No | AM10: =IF($A10="","",IF(OR($N10="Yes",$S10="Yes",$X10="Yes",$AC10="Yes",$AH10="Yes"),"Yes","No")) | AN10: =IF($A10="","",IFERROR(IF($AI10<>"",$AI10,IF($AD10<>"",$AD10,IF($Y10<>"",$Y10,IF($T10<>"",$T10,IF($O10<>"",$O10,""))))),"")) | AO10: =IFERROR(IF($AJ10<>"",$AJ10,IF($AE10<>"",$AE10,IF($Z10<>"",$Z10,IF($U10<>"",$U10,IF($P10<>"",$P10,""))))),"")
B11: Block Chỉ số đóng góp
A12: =IF(C12="","",$C$2&"."&COUNTA($C$8:C12)&"") | B12: REQ-USR-004 | C12: DOC-v1.0-01, DOC-v1.0-04 | D12: UI | E12: Medium | F12: Check đầy đủ + đúng 6 phần tử hiển thị tại header màn Cá nhân | G12: Đã đăng nhập, mở màn Cá nhân | H12: 1. Mở app FoxEco 2. Bấm "Cá nhân" tại bottom nav 3. Quan sát toàn bộ header cam đầu màn | I12: 3. Header hiển thị đủ 6 phần tử: (1) avatar, (2) tên, (3) "Phòng [ban] · MNV: [mã NV]", (4) badge tier "🏆 Hạng Đồng hành", (5) 2 chỉ số ("N đơn đã giúp"/"N quà đã nhận"), (6) menu "Đơn của tôi"/"Quà đã nhận" — không thiếu phần tử nào | J12: AI | K12: Pending | L12: No | AM12: =IF($A12="","",IF(OR($N12="Yes",$S12="Yes",$X12="Yes",$AC12="Yes",$AH12="Yes"),"Yes","No")) | AN12: =IF($A12="","",IFERROR(IF($AI12<>"",$AI12,IF($AD12<>"",$AD12,IF($Y12<>"",$Y12,IF($T12<>"",$T12,IF($O12<>"",$O12,""))))),"")) | AO12: =IFERROR(IF($AJ12<>"",$AJ12,IF($AE12<>"",$AE12,IF($Z12<>"",$Z12,IF($U12<>"",$U12,IF($P12<>"",$P12,""))))),"") | AP12: Field/column completeness check — auto-derived (xem generate.md Step 3b)
A13: =IF(C13="","",$C$2&"."&COUNTA($C$8:C13)&"") | B13: REQ-USR-004 | C13: DOC-v1.0-01, DOC-v1.0-02 | D13: Functional | E13: Medium | F13: Check hiển thị đúng 2 chỉ số đóng góp, không hiện điểm ECO/tier/CO2 | G13: Đã đăng nhập, có lịch sử đơn đã giúp + quà đã nhận | H13: 1. Mở app FoxEco 2. Bấm "Cá nhân" tại bottom nav 3. Đối chiếu số liệu "N đơn đã giúp"/"N quà đã nhận" với dữ liệu thực tế | I13: 3. Hiển thị đúng "Tổng đơn đã giúp" + "Tổng quà đã nhận"; KHÔNG hiển thị điểm ECO/điểm uy tín dạng số/CO₂ ở bất kỳ đâu trên màn (badge tier chỉ hiển thị tĩnh, không kèm logic tính hạng — xem C-USR-01) | J13: AI | K13: Pending | L13: No | AM13: =IF($A13="","",IF(OR($N13="Yes",$S13="Yes",$X13="Yes",$AC13="Yes",$AH13="Yes"),"Yes","No")) | AN13: =IF($A13="","",IFERROR(IF($AI13<>"",$AI13,IF($AD13<>"",$AD13,IF($Y13<>"",$Y13,IF($T13<>"",$T13,IF($O13<>"",$O13,""))))),"")) | AO13: =IFERROR(IF($AJ13<>"",$AJ13,IF($AE13<>"",$AE13,IF($Z13<>"",$Z13,IF($U13<>"",$U13,IF($P13<>"",$P13,""))))),"") | AP13: Technique: EP-normal (baseline) | Xem BVA-zero/BVA-one/BVA-large TC kế tiếp cho các boundary khác của cùng field
A14: =IF(C14="","",$C$2&"."&COUNTA($C$8:C14)&"") | B14: REQ-USR-004 | C14: DOC-v1.0-01, DOC-v1.0-02 | D14: UI | E14: Medium | F14: Check hiển thị đúng khi chỉ số đóng góp = 0 (chưa từng giúp đơn / chưa nhận quà) | G14: Đã đăng nhập, tài khoản CHƯA từng giúp đơn nào và CHƯA từng nhận quà nào (0 đơn đã giúp, 0 quà đã nhận) | H14: 1. Mở app FoxEco 2. Bấm "Cá nhân" tại bottom nav 3. Quan sát 2 chỉ số tại header | I14: 3. Hiển thị đúng "0 đơn đã giúp" và "0 quà đã nhận" (số 0 hiển thị rõ ràng, KHÔNG để trống/ẩn/thay bằng dấu gạch ngang) | J14: AI | K14: Pending | L14: No | AM14: =IF($A14="","",IF(OR($N14="Yes",$S14="Yes",$X14="Yes",$AC14="Yes",$AH14="Yes"),"Yes","No")) | AN14: =IF($A14="","",IFERROR(IF($AI14<>"",$AI14,IF($AD14<>"",$AD14,IF($Y14<>"",$Y14,IF($T14<>"",$T14,IF($O14<>"",$O14,""))))),"")) | AO14: =IFERROR(IF($AJ14<>"",$AJ14,IF($AE14<>"",$AE14,IF($Z14<>"",$Z14,IF($U14<>"",$U14,IF($P14<>"",$P14,""))))),"") | AP14: Technique: BVA-zero
A15: =IF(C15="","",$C$2&"."&COUNTA($C$8:C15)&"") | B15: REQ-USR-004 | C15: DOC-v1.0-01, DOC-v1.0-02 | D15: UI | E15: Low | F15: Check hiển thị đúng khi chỉ số đóng góp = 1 (boundary vừa phát sinh) | G15: Đã đăng nhập, tài khoản vừa có ĐÚNG 1 đơn đã giúp và 1 quà đã nhận (boundary =1) | H15: 1. Mở app FoxEco 2. Bấm "Cá nhân" tại bottom nav 3. Quan sát 2 chỉ số tại header | I15: 3. Hiển thị đúng "1 đơn đã giúp" và "1 quà đã nhận" | J15: AI | K15: Pending | L15: No | AM15: =IF($A15="","",IF(OR($N15="Yes",$S15="Yes",$X15="Yes",$AC15="Yes",$AH15="Yes"),"Yes","No")) | AN15: =IF($A15="","",IFERROR(IF($AI15<>"",$AI15,IF($AD15<>"",$AD15,IF($Y15<>"",$Y15,IF($T15<>"",$T15,IF($O15<>"",$O15,""))))),"")) | AO15: =IFERROR(IF($AJ15<>"",$AJ15,IF($AE15<>"",$AE15,IF($Z15<>"",$Z15,IF($U15<>"",$U15,IF($P15<>"",$P15,""))))),"") | AP15: Technique: BVA-one
A16: =IF(C16="","",$C$2&"."&COUNTA($C$8:C16)&"") | B16: REQ-USR-004 | C16: DOC-v1.0-01, DOC-v1.0-02 | D16: UI | E16: Low | F16: Check hiển thị số liệu lớn tại chỉ số đóng góp không bị cắt/tràn UI | G16: Đã đăng nhập, tài khoản có số lượng đơn đã giúp/quà đã nhận rất lớn (vd ≥999, dữ liệu test dàn dựng) | H16: 1. Mở app FoxEco 2. Bấm "Cá nhân" tại bottom nav 3. Quan sát 2 chỉ số tại header, đối chiếu với số liệu thực tế | I16: 3. Hiển thị đúng số liệu lớn, KHÔNG bị cắt/tràn UI/xuống dòng sai (vd "999 đơn đã giúp" hiển thị đủ) | J16: AI | K16: Pending | L16: No | AM16: =IF($A16="","",IF(OR($N16="Yes",$S16="Yes",$X16="Yes",$AC16="Yes",$AH16="Yes"),"Yes","No")) | AN16: =IF($A16="","",IFERROR(IF($AI16<>"",$AI16,IF($AD16<>"",$AD16,IF($Y16<>"",$Y16,IF($T16<>"",$T16,IF($O16<>"",$O16,""))))),"")) | AO16: =IFERROR(IF($AJ16<>"",$AJ16,IF($AE16<>"",$AE16,IF($Z16<>"",$Z16,IF($U16<>"",$U16,IF($P16<>"",$P16,""))))),"") | AP16: Technique: BVA-large | Cần bổ sung test data trong catalog (catalog chưa có giá trị boundary lớn cụ thể cho chỉ số này)
B17: Block Menu điều hướng
A18: =IF(C18="","",$C$2&"."&COUNTA($C$8:C18)&"") | B18: REQ-USR-004 | C18: DOC-v1.0-02 §3.9 | D18: Functional | E18: Low | F18: Check menu "Đơn của tôi" tại Cá nhân điều hướng đúng sang màn Hoạt động | G18: Đã đăng nhập, đang ở màn Cá nhân | H18: 1. Mở app FoxEco 2. Bấm "Cá nhân" tại bottom nav 3. Bấm menu "Đơn của tôi" | I18: 3. Điều hướng đúng sang màn "Hoạt động" (Đơn của tôi) | J18: AI | K18: Pending | L18: No | AM18: =IF($A18="","",IF(OR($N18="Yes",$S18="Yes",$X18="Yes",$AC18="Yes",$AH18="Yes"),"Yes","No")) | AN18: =IF($A18="","",IFERROR(IF($AI18<>"",$AI18,IF($AD18<>"",$AD18,IF($Y18<>"",$Y18,IF($T18<>"",$T18,IF($O18<>"",$O18,""))))),"")) | AO18: =IFERROR(IF($AJ18<>"",$AJ18,IF($AE18<>"",$AE18,IF($Z18<>"",$Z18,IF($U18<>"",$U18,IF($P18<>"",$P18,""))))),"")
A19: =IF(C19="","",$C$2&"."&COUNTA($C$8:C19)&"") | B19: REQ-USR-004 | C19: DOC-v1.0-01 (GIFT-01) + ảnh DOC-v1.0-04 | D19: Functional | E19: Low | F19: Check menu "Quà đã nhận" tại Cá nhân điều hướng đúng sang màn Quà đã nhận | G19: Đã đăng nhập với vai trò Carrier (chủ sở hữu quà đã nhận), đang ở màn Cá nhân | H19: 1. Mở app FoxEco 2. Bấm "Cá nhân" tại bottom nav 3. Bấm menu "Quà đã nhận" | I19: 3. Điều hướng đúng sang màn "Quà đã nhận" (màn riêng, không phải section trong Cá nhân) | J19: AI | K19: Pending | L19: No | AM19: =IF($A19="","",IF(OR($N19="Yes",$S19="Yes",$X19="Yes",$AC19="Yes",$AH19="Yes"),"Yes","No")) | AN19: =IF($A19="","",IFERROR(IF($AI19<>"",$AI19,IF($AD19<>"",$AD19,IF($Y19<>"",$Y19,IF($T19<>"",$T19,IF($O19<>"",$O19,""))))),"")) | AO19: =IFERROR(IF($AJ19<>"",$AJ19,IF($AE19<>"",$AE19,IF($Z19<>"",$Z19,IF($U19<>"",$U19,IF($P19<>"",$P19,""))))),"") | AP19: Nguồn: merge CA v1.1 `C-GIFT-2` — bug wiring v1.0 (màn "Quà đã nhận" hiện nhầm ở Receiver) đã fix, nay đúng ở Cá nhân của Carrier, khớp Figma
B20: Block Kênh liên hệ
A21: =IF(C21="","",$C$2&"."&COUNTA($C$8:C21)&"") | B21: REQ-USR-005 | C21: DOC-v1.0-01 | D21: Functional | E21: Low | F21: Check GAP — xác nhận KHÔNG tồn tại UI cấu hình kênh liên hệ (out of scope v1.0) | G21: Đã đăng nhập, mở màn Cá nhân | H21: 1. Mở app FoxEco 2. Bấm "Cá nhân" tại bottom nav 3. Rà toàn bộ màn Cá nhân (header, menu, hồ sơ) tìm mục/toggle "Cấu hình kênh liên hệ" (bật/tắt hiển thị Workplace/email) | I21: 3. KHÔNG tìm thấy mục/toggle cấu hình kênh liên hệ nào trên UI — xác nhận đúng theo C-USR-02 (Resolved — Out of scope v1.0, phase sau) | J21: AI | K21: Pending | L21: No | AM21: =IF($A21="","",IF(OR($N21="Yes",$S21="Yes",$X21="Yes",$AC21="Yes",$AH21="Yes"),"Yes","No")) | AN21: =IF($A21="","",IFERROR(IF($AI21<>"",$AI21,IF($AD21<>"",$AD21,IF($Y21<>"",$Y21,IF($T21<>"",$T21,IF($O21<>"",$O21,""))))),"")) | AO21: =IFERROR(IF($AJ21<>"",$AJ21,IF($AE21<>"",$AE21,IF($Z21<>"",$Z21,IF($U21<>"",$U21,IF($P21<>"",$P21,""))))),"") | AP21: GAP finding — tính năng chưa triển khai ở v1.0 (C-USR-02)
B22: Block Quà đã nhận (màn riêng)
