Workbook

Sheet Cover
B6: [ĐIỀN TÊN DỰ ÁN]
B8: TEST CASE & TEST REPORT
B9: Bộ tài liệu kiểm thử — quy trình SDLC
C12: Mã hiệu | E12: 7.1-BM/PM/HDCV/ISC
C13: Phiên bản | E13: 1.1
B15: File gồm 2 phần: TEST CASE (viết & theo dõi case) và REPORT (tổng hợp kết quả & bug).
B16: Sheet: Guideline · Revision History · Summary · Dashboard · Report Test · Data · RTM· Test Cases

Sheet Guideline
B2: QUY ĐỊNH CHUNG
B3: 1. Đặt tên file | C3: ISC_[Tên dự án]_[Version]_TC_[Version TC]_R[Số round test].xlsx VD: ISC_FCP-Web_v1.0_TC_v1.0_R1.xls
B4: 2. Tách sheet | C4: Mỗi Function/Screen tách thành 1 sheet Test Cases riêng (copy sheet mẫu).
B5: 3. Test Title | C5: Mỗi case kiểm tra 1 nội dung; bắt đầu bằng 'Check ...'
B6: 4. Người thực hiện | C6: Dùng email, mỗi case 1 người
B7: 5. Phiên bản | C7: Khi update nội dung file test cases phải tăng [Version TC] và quản lý lịch sử thay đổi trong sheet Revision History
B10: PHÂN LOẠI TRẠNG THÁI (Status — trạng thái TỔNG của TC)
B11: Trạng thái | C11: Ý nghĩa
B12: Pass | C12: Đạt — chỉ Pass khi TẤT CẢ bước/kiểm tra trong case đều đạt
B13: Fail | C13: Chỉ cần 1 bước/kiểm tra không đạt → Fail (ghi ID Bugs)
B14: Block | C14: Không thực hiện được / Pending — ghi rõ lý do ở Remark
B15: N/A | C15: Case không áp dụng (VD: Won't fix)
B18: PHÂN LOẠI ĐỘ ƯU TIÊN
B19: Priority | C19: Ý nghĩa
B20: High (P1) | C20: Bắt buộc chạy; ảnh hưởng luồng/nghiệp vụ chính
B21: Medium (P2) | C21: Chạy ít nhất 1 lần; ảnh hưởng người dùng mức trung bình
B22: Low (P3) | C22: Có thể bỏ khi rút ngắn thời gian; ít ảnh hưởng
B25: PHÂN LOẠI NHÓM (Group)
B26: Group | C26: Ý nghĩa
B27: Functional | C27: Kiểm tra chức năng theo luồng nghiệp vụ
B28: UI | C28: Kiểm tra giao diện: bố cục, hiển thị, responsive, thông báo, trạng thái control
B29: Integration | C29: Kiểm tra tích hợp giữa các module / API / hệ thống
B30: Database | C30: Kiểm tra tầng dữ liệu: lưu/đọc đúng, ràng buộc & toàn vẹn dữ liệu (CSDL)
B33: Ý NGHĨA CỘT EXECUTION
B34: Status | C34: Trạng thái TỔNG của TC = kết quả round MỚI NHẤT (tự động, không nhập tay).
B35: Executed By (mỗi round) | C35: Email người thực thi test ở TỪNG round.
B36: ID Bugs (mỗi round) | C36: Mã bug (Jira) phát sinh ở round đó khi Fail.
B39: SDLC
B40: Các cột dưới đây tích hợp AI vào quy trình kiểm thử
B41: Origin (Nguồn tạo) | C41: AI = TC do AI sinh · QC = QC viết tay
B42: Review | C42: Reviewed = QC đã review · Pending = chờ review · N/A
B43: Automated | C43: Yes/No — TC đã được viết script automation hay chưa
B44: Script | C44: Đường dẫn file script automation (nếu có)
B45: Vibe-test | C45: Yes/No/N-A theo TỪNG round — TC có kiểm thử kiểu 'vibe-test' (thăm dò có AI agent hỗ trợ) ở round đó. Cột 'Vibe-test (tổng)' tự gộp = Yes nếu có ≥1 round Yes.
B46: KQ Script | C46: Kết quả CHẠY script tự động theo TỪNG round: Pass/Fail/Block/N/A/Chưa chạy. Cột 'KQ Script (tổng)' tự lấy kết quả round mới nhất.
B47: Traceability | C47: Scenario ID + Req ID + DOC Source: truy vết TC ↔ kịch bản ↔ yêu cầu ↔ tài liệu nguồn
B49: TEST THEO ROUND (nhiều round trong 1 version)
B50: R1 … R5 | C50: Mỗi round là 1 khối 5 cột: Vibe-test · KQ Script · Kết quả · Executed By · ID Bugs. Chạy round nào thì nhập vào khối round đó. Template hỗ trợ 5 round.
B51: Status | C51: TỰ ĐỘNG = kết quả (Kết quả) của round MỚI NHẤT trong R1…R5. Không nhập tay.
B52: Round (Bug Data) | C52: Round phát hiện bug. Report mục IV thống kê Bug theo round & tiến độ Pass/Fail theo round.

Sheet Revision History
D3: REVISION HISTORY
B6: Date | C6: Version | D6: Author | E6: Reviewer | F6: Approver | G6: Change Description
B7: 46203 | C7: 1 | D7: QC | E7: QC Lead | F7: PM | G7: Tạo mới

Sheet Summary
B2: SUMMARY — Thiết lập chung & Chỉ số Test Case
B3: Sheet SETUP CHUNG. Chỉ số TỔNG QUAN bên dưới được GOM TỰ ĐỘNG từ TẤT CẢ sheet Test Case, quản lý ở sheet "Dashboard".
B5: THIẾT LẬP CHUNG
B6: Tên dự án | C6: [Tên dự án]
B7: Mã tài liệu | C7: 7.1-BM/PM/HDCV/ISC
B8: Version | C8: v1.0
B9: Sprint | C9: Sprint 1
B10: Ngày bắt đầu test | C10: 46203
B11: Ngày kết thúc test | C11: 46204
B12: Số sheet chức năng | C12: =COUNTIF(Dashboard!$D$4:$D$33,"?*") -> 2
B13: PIC | C13: PhucDN7
B14: Ô vàng = nhập tay. Version / ngày test được Test Cases & Report tham chiếu tự động.
B16: TỔNG QUAN TEST CASE — ƯU TIÊN & TIẾN ĐỘ THỰC THI
B17: Tổng số Test Case | C17: =Dashboard!$F$34 -> 23 | I17: THEO NHÓM LOẠI TC (Group)
B18: Mức ưu tiên | C18: Tổng TC | D18: % / Tổng | E18: Đã chạy | F18: % đã chạy | I18: Nhóm | J18: Số TC
B19: High (P1) | C19: =Dashboard!$O$34 -> 1 | D19: =IFERROR(C19/$C$17,0) -> 0.043478261 | E19: =Dashboard!$AB$34 -> 1 | F19: =IFERROR(E19/C19,0) -> 1 | I19: Functional | J19: =Dashboard!$R$34 -> 19
B20: Medium (P2) | C20: =Dashboard!$P$34 -> 20 | D20: =IFERROR(C20/$C$17,0) -> 0.86956522 | E20: =Dashboard!$AC$34 -> 20 | F20: =IFERROR(E20/C20,0) -> 1 | I20: UI | J20: =Dashboard!$S$34 -> 2
B21: Low (P3) | C21: =Dashboard!$Q$34 -> 0 | D21: =IFERROR(C21/$C$17,0) -> 0 | E21: =Dashboard!$AD$34 -> 0 | F21: =IFERROR(E21/C21,0) -> 0 | I21: Integration | J21: =Dashboard!$T$34 -> 0
B22: Tổng | C22: =SUM(C19:C21) -> 21 | D22: =IFERROR(C22/$C$17,0) -> 0.91304348 | E22: =SUM(E19:E21) -> 21 | F22: =IFERROR(E22/C22,0) -> 1 | I22: Database | J22: =Dashboard!$U$34 -> 0
B42: SDLC — MỨC ĐỘ ÁP DỤNG
B43: Chỉ số | C43: Số lượng | D43: % / Tổng TC
B44: TC do AI sinh (Origin=AI) | C44: =Dashboard!$V$34 -> 19 | D44: =IFERROR(C44/$C17,0) -> 0.82608696
B45: TC do QC viết (Origin=QC) | C45: =Dashboard!$W$34 -> 2 | D45: =IFERROR(C45/$C17,0) -> 0.086956522
B46: TC đã automation (Automated=Yes) | C46: =Dashboard!$X$34 -> 19 | D46: =IFERROR(C46/$C17,0) -> 0.82608696
B47: TC Vibe-test (Yes) | C47: =Dashboard!$Y$34 -> 19 | D47: =IFERROR(C47/$C17,0) -> 0.82608696
B48: TC script auto chạy Pass | C48: =Dashboard!$Z$34 -> 19 | D48: =IFERROR(C48/$C17,0) -> 0.82608696
B49: TC đã TL review | C49: =Dashboard!$AA$34 -> 19 | D49: =IFERROR(C49/$C17,0) -> 0.82608696
B51: % tính trên TỔNG SỐ TEST CASE. Tự đếm từ sheet Test Cases (khác khối III của Report — khối đó nhập tay theo bug).
B53: Test nhiều Round/1 version: nhập kết quả từng round ở cột R1…R8 (sheet Test Case); Status = round mới nhất. Chi tiết tiến độ theo round ở Report — mục IV.
B56: MÔI TRƯỜNG & PHẠM VI TEST
B57: Environment | C57: Staging
B58: Platform | C58: Web / Android / iOS
B59: Device | C59: VD: iPhone 14 (iOS 17), Galaxy S23 (Android 14)
B60: Accounts | C60: VD: user01, user02
B61: Functional Testing | C61: VD: 1. Function A / 2. Function B
B62: System Integration Testing (nếu có) | C62: VD: Tool A, Tool B
B64: ► QUẢN LÝ DANH SÁCH SHEET TEST CASE: xem sheet "Dashboard". Thêm/bớt function chỉ cần thêm/xoá 1 dòng (tên tab sheet) ở Dashboard — mọi chỉ số tự cập nhật.

Sheet Dashboard
B1: BẢNG ĐIỀU KHIỂN — QUẢN LÝ & GOM SỐ LIỆU TẤT CẢ SHEET TEST CASE
C2: QUẢN LÝ SHEET (nhập tay 3 cột) | F2: Execution | O2: PRIORITY | R2: GROUP TC | V2: SDLC | AB2: PRIORITY — ĐÃ CHẠY | AE2: TIẾN ĐỘ THEO ROUND (mỗi round chạy lại toàn bộ TC)
B3: STT | C3: Mã CN | D3: Tên tab sheet (đúng 100%) | E3: Function / Màn hình | F3: Tổng TC | G3: Pass | H3: Fail | I3: Block | J3: N/A | K3: Chưa chạy | L3: Executed | M3: Coverage % | N3: Pass % | O3: High | P3: Medium | Q3: Low | R3: Functional | S3: UI | T3: Integration | U3: Database | V3: AI-gen | W3: QC viết | X3: Auto | Y3: Vibe | Z3: Script Pass | AA3: Reviewed | AB3: High đã chạy | AC3: Medium đã chạy | AD3: Low đã chạy | AE3: R1 Executed | AF3: R1 Pass | AG3: R1 Fail | AH3: R1 Block | AI3: R1 N/A | AJ3: R2 Executed | AK3: R2 Pass | AL3: R2 Fail | AM3: R2 Block | AN3: R2 N/A | AO3: R3 Executed | AP3: R3 Pass | AQ3: R3 Fail | AR3: R3 Block | AS3: R3 N/A | AT3: R4 Executed | AU3: R4 Pass | AV3: R4 Fail | AW3: R4 Block | AX3: R4 N/A | AY3: R5 Executed | AZ3: R5 Pass | BA3: R5 Fail | BB3: R5 Block | BC3: R5 N/A
B4: =IF($D4="","",ROW()-3) -> 1 | C4: TC_01 | D4: Test Cases | E4: 1. Function | F4: =IF($D4="","",IFERROR(COUNTIF(INDIRECT("'"&$D4&"'!$A$7:$A$500"),"?*"),0)) -> 20 | G4: =IF($D4="","",IFERROR(COUNTIF(INDIRECT("'"&$D4&"'!$AO$7:$AO$500"),"Pass"),0)) -> 18 | H4: =IF($D4="","",IFERROR(COUNTIF(INDIRECT("'"&$D4&"'!$AO$7:$AO$500"),"Fail"),0)) -> 0 | I4: =IF($D4="","",IFERROR(COUNTIF(INDIRECT("'"&$D4&"'!$AO$7:$AO$500"),"Block"),0)) -> 0 | J4: =IF($D4="","",IFERROR(COUNTIF(INDIRECT("'"&$D4&"'!$AO$7:$AO$500"),"N/A"),0)) -> 0 | K4: =IF($D4="","",MAX(0,$F4-$G4-$H4-$I4-$J4)) -> 2 | L4: =IF($D4="","",$G4+$H4+$I4+$J4) -> 18 | M4: =IF($D4="","",IFERROR($L4/$F4,0)) -> 0.9 | N4: =IF($D4="","",IFERROR($G4/$L4,0)) -> 1 | O4: =IF($D4="","",IFERROR(COUNTIF(INDIRECT("'"&$D4&"'!$E$7:$E$500"),"High"),0)) -> 0 | P4: =IF($D4="","",IFERROR(COUNTIF(INDIRECT("'"&$D4&"'!$E$7:$E$500"),"Medium"),0)) -> 18 | Q4: =IF($D4="","",IFERROR(COUNTIF(INDIRECT("'"&$D4&"'!$E$7:$E$500"),"Low"),0)) -> 0 | R4: =IF($D4="","",IFERROR(COUNTIF(INDIRECT("'"&$D4&"'!$D$7:$D$500"),"Functional"),0)) -> 17 | S4: =IF($D4="","",IFERROR(COUNTIF(INDIRECT("'"&$D4&"'!$D$7:$D$500"),"UI"),0)) -> 1 | T4: =IF($D4="","",IFERROR(COUNTIF(INDIRECT("'"&$D4&"'!$D$7:$D$500"),"Integration"),0)) -> 0 | U4: =IF($D4="","",IFERROR(COUNTIF(INDIRECT("'"&$D4&"'!$D$7:$D$500"),"Database Test Case"),0)) -> 0 | V4: =IF($D4="","",IFERROR(COUNTIF(INDIRECT("'"&$D4&"'!$J$7:$J$500"),"AI"),0)) -> 17 | W4: =IF($D4="","",IFERROR(COUNTIF(INDIRECT("'"&$D4&"'!$J$7:$J$500"),"QC"),0)) -> 1 | X4: =IF($D4="","",IFERROR(COUNTIF(INDIRECT("'"&$D4&"'!$L$7:$L$500"),"Yes"),0)) -> 17 | Y4: =IF($D4="","",IFERROR(COUNTIF(INDIRECT("'"&$D4&"'!$AM$7:$AM$500"),"Yes"),0)) -> 17 | Z4: =IF($D4="","",IFERROR(COUNTIF(INDIRECT("'"&$D4&"'!$AN$7:$AN$500"),"Pass"),0)) -> 17 | AA4: =IF($D4="","",IFERROR(COUNTIF(INDIRECT("'"&$D4&"'!$K$7:$K$500"),"Reviewed"),0)) -> 17 | AB4: =IF($D4="","",IFERROR(COUNTIFS(INDIRECT("'"&$D4&"'!$E$7:$E$500"),"High",INDIRECT("'"&$D4&"'!$AO$7:$AO$500"),"<>"),0)) -> 0 | AC4: =IF($D4="","",IFERROR(COUNTIFS(INDIRECT("'"&$D4&"'!$E$7:$E$500"),"Medium",INDIRECT("'"&$D4&"'!$AO$7:$AO$500"),"<>"),0)) -> 18 | AD4: =IF($D4="","",IFERROR(COUNTIFS(INDIRECT("'"&$D4&"'!$E$7:$E$500"),"Low",INDIRECT("'"&$D4&"'!$AO$7:$AO$500"),"<>"),0)) -> 0 | AE4: =IF($D4="","",IFERROR(COUNTIF(INDIRECT("'"&$D4&"'!$P$7:$P$500"),"<>"),0)) -> 18 | AF4: =IF($D4="","",IFERROR(COUNTIF(INDIRECT("'"&$D4&"'!$P$7:$P$500"),"Pass"),0)) -> 17 | AG4: =IF($D4="","",IFERROR(COUNTIF(INDIRECT("'"&$D4&"'!$P$7:$P$500"),"Fail"),0)) -> 1 | AH4: =IF($D4="","",IFERROR(COUNTIF(INDIRECT("'"&$D4&"'!$P$7:$P$500"),"Block"),0)) -> 0 | AI4: =IF($D4="","",IFERROR(COUNTIF(INDIRECT("'"&$D4&"'!$P$7:$P$500"),"N/A"),0)) -> 0 | AJ4: =IF($D4="","",IFERROR(COUNTIF(INDIRECT("'"&$D4&"'!$U$7:$U$500"),"<>"),0)) -> 18 | AK4: =IF($D4="","",IFERROR(COUNTIF(INDIRECT("'"&$D4&"'!$U$7:$U$500"),"Pass"),0)) -> 18 | AL4: =IF($D4="","",IFERROR(COUNTIF(INDIRECT("'"&$D4&"'!$U$7:$U$500"),"Fail"),0)) -> 0 | AM4: =IF($D4="","",IFERROR(COUNTIF(INDIRECT("'"&$D4&"'!$U$7:$U$500"),"Block"),0)) -> 0 | AN4: =IF($D4="","",IFERROR(COUNTIF(INDIRECT("'"&$D4&"'!$U$7:$U$500"),"N/A"),0)) -> 0 | AO4: =IF($D4="","",IFERROR(COUNTIF(INDIRECT("'"&$D4&"'!$Z$7:$Z$500"),"<>"),0)) -> 18 | AP4: =IF($D4="","",IFERROR(COUNTIF(INDIRECT("'"&$D4&"'!$Z$7:$Z$500"),"Pass"),0)) -> 18 | AQ4: =IF($D4="","",IFERROR(COUNTIF(INDIRECT("'"&$D4&"'!$Z$7:$Z$500"),"Fail"),0)) -> 0 | AR4: =IF($D4="","",IFERROR(COUNTIF(INDIRECT("'"&$D4&"'!$Z$7:$Z$500"),"Block"),0)) -> 0 | AS4: =IF($D4="","",IFERROR(COUNTIF(INDIRECT("'"&$D4&"'!$Z$7:$Z$500"),"N/A"),0)) -> 0 | AT4: =IF($D4="","",IFERROR(COUNTIF(INDIRECT("'"&$D4&"'!$AE$7:$AE$500"),"<>"),0)) -> 0 | AU4: =IF($D4="","",IFERROR(COUNTIF(INDIRECT("'"&$D4&"'!$AE$7:$AE$500"),"Pass"),0)) -> 0 | AV4: =IF($D4="","",IFERROR(COUNTIF(INDIRECT("'"&$D4&"'!$AE$7:$AE$500"),"Fail"),0)) -> 0 | AW4: =IF($D4="","",IFERROR(COUNTIF(INDIRECT("'"&$D4&"'!$AE$7:$AE$500"),"Block"),0)) -> 0 | AX4: =IF($D4="","",IFERROR(COUNTIF(INDIRECT("'"&$D4&"'!$AE$7:$AE$500"),"N/A"),0)) -> 0 | AY4: =IF($D4="","",IFERROR(COUNTIF(INDIRECT("'"&$D4&"'!$AJ$7:$AJ$500"),"<>"),0)) -> 0 | AZ4: =IF($D4="","",IFERROR(COUNTIF(INDIRECT("'"&$D4&"'!$AJ$7:$AJ$500"),"Pass"),0)) -> 0 | BA4: =IF($D4="","",IFERROR(COUNTIF(INDIRECT("'"&$D4&"'!$AJ$7:$AJ$500"),"Fail"),0)) -> 0 | BB4: =IF($D4="","",IFERROR(COUNTIF(INDIRECT("'"&$D4&"'!$AJ$7:$AJ$500"),"Block"),0)) -> 0 | BC4: =IF($D4="","",IFERROR(COUNTIF(INDIRECT("'"&$D4&"'!$AJ$7:$AJ$500"),"N/A"),0)) -> 0
B5: =IF($D5="","",ROW()-3) -> 2 | C5: TC_02 | D5: Test Case 2 | E5: 2. Function | F5: =IF($D5="","",IFERROR(COUNTIF(INDIRECT("'"&$D5&"'!$A$7:$A$500"),"?*"),0)) -> 3 | G5: =IF($D5="","",IFERROR(COUNTIF(INDIRECT("'"&$D5&"'!$AO$7:$AO$500"),"Pass"),0)) -> 3 | H5: =IF($D5="","",IFERROR(COUNTIF(INDIRECT("'"&$D5&"'!$AO$7:$AO$500"),"Fail"),0)) -> 0 | I5: =IF($D5="","",IFERROR(COUNTIF(INDIRECT("'"&$D5&"'!$AO$7:$AO$500"),"Block"),0)) -> 0 | J5: =IF($D5="","",IFERROR(COUNTIF(INDIRECT("'"&$D5&"'!$AO$7:$AO$500"),"N/A"),0)) -> 0 | K5: =IF($D5="","",MAX(0,$F5-$G5-$H5-$I5-$J5)) -> 0 | L5: =IF($D5="","",$G5+$H5+$I5+$J5) -> 3 | M5: =IF($D5="","",IFERROR($L5/$F5,0)) -> 1 | N5: =IF($D5="","",IFERROR($G5/$L5,0)) -> 1 | O5: =IF($D5="","",IFERROR(COUNTIF(INDIRECT("'"&$D5&"'!$E$7:$E$500"),"High"),0)) -> 1 | P5: =IF($D5="","",IFERROR(COUNTIF(INDIRECT("'"&$D5&"'!$E$7:$E$500"),"Medium"),0)) -> 2 | Q5: =IF($D5="","",IFERROR(COUNTIF(INDIRECT("'"&$D5&"'!$E$7:$E$500"),"Low"),0)) -> 0 | R5: =IF($D5="","",IFERROR(COUNTIF(INDIRECT("'"&$D5&"'!$D$7:$D$500"),"Functional"),0)) -> 2 | S5: =IF($D5="","",IFERROR(COUNTIF(INDIRECT("'"&$D5&"'!$D$7:$D$500"),"UI"),0)) -> 1 | T5: =IF($D5="","",IFERROR(COUNTIF(INDIRECT("'"&$D5&"'!$D$7:$D$500"),"Integration"),0)) -> 0 | U5: =IF($D5="","",IFERROR(COUNTIF(INDIRECT("'"&$D5&"'!$D$7:$D$500"),"Database Test Case"),0)) -> 0 | V5: =IF($D5="","",IFERROR(COUNTIF(INDIRECT("'"&$D5&"'!$J$7:$J$500"),"AI"),0)) -> 2 | W5: =IF($D5="","",IFERROR(COUNTIF(INDIRECT("'"&$D5&"'!$J$7:$J$500"),"QC"),0)) -> 1 | X5: =IF($D5="","",IFERROR(COUNTIF(INDIRECT("'"&$D5&"'!$L$7:$L$500"),"Yes"),0)) -> 2 | Y5: =IF($D5="","",IFERROR(COUNTIF(INDIRECT("'"&$D5&"'!$AM$7:$AM$500"),"Yes"),0)) -> 2 | Z5: =IF($D5="","",IFERROR(COUNTIF(INDIRECT("'"&$D5&"'!$AN$7:$AN$500"),"Pass"),0)) -> 2 | AA5: =IF($D5="","",IFERROR(COUNTIF(INDIRECT("'"&$D5&"'!$K$7:$K$500"),"Reviewed"),0)) -> 2 | AB5: =IF($D5="","",IFERROR(COUNTIFS(INDIRECT("'"&$D5&"'!$E$7:$E$500"),"High",INDIRECT("'"&$D5&"'!$AO$7:$AO$500"),"<>"),0)) -> 1 | AC5: =IF($D5="","",IFERROR(COUNTIFS(INDIRECT("'"&$D5&"'!$E$7:$E$500"),"Medium",INDIRECT("'"&$D5&"'!$AO$7:$AO$500"),"<>"),0)) -> 2 | AD5: =IF($D5="","",IFERROR(COUNTIFS(INDIRECT("'"&$D5&"'!$E$7:$E$500"),"Low",INDIRECT("'"&$D5&"'!$AO$7:$AO$500"),"<>"),0)) -> 0 | AE5: =IF($D5="","",IFERROR(COUNTIF(INDIRECT("'"&$D5&"'!$P$7:$P$500"),"<>"),0)) -> 3 | AF5: =IF($D5="","",IFERROR(COUNTIF(INDIRECT("'"&$D5&"'!$P$7:$P$500"),"Pass"),0)) -> 0 | AG5: =IF($D5="","",IFERROR(COUNTIF(INDIRECT("'"&$D5&"'!$P$7:$P$500"),"Fail"),0)) -> 3 | AH5: =IF($D5="","",IFERROR(COUNTIF(INDIRECT("'"&$D5&"'!$P$7:$P$500"),"Block"),0)) -> 0 | AI5: =IF($D5="","",IFERROR(COUNTIF(INDIRECT("'"&$D5&"'!$P$7:$P$500"),"N/A"),0)) -> 0 | AJ5: =IF($D5="","",IFERROR(COUNTIF(INDIRECT("'"&$D5&"'!$U$7:$U$500"),"<>"),0)) -> 3 | AK5: =IF($D5="","",IFERROR(COUNTIF(INDIRECT("'"&$D5&"'!$U$7:$U$500"),"Pass"),0)) -> 1 | AL5: =IF($D5="","",IFERROR(COUNTIF(INDIRECT("'"&$D5&"'!$U$7:$U$500"),"Fail"),0)) -> 2 | AM5: =IF($D5="","",IFERROR(COUNTIF(INDIRECT("'"&$D5&"'!$U$7:$U$500"),"Block"),0)) -> 0 | AN5: =IF($D5="","",IFERROR(COUNTIF(INDIRECT("'"&$D5&"'!$U$7:$U$500"),"N/A"),0)) -> 0 | AO5: =IF($D5="","",IFERROR(COUNTIF(INDIRECT("'"&$D5&"'!$Z$7:$Z$500"),"<>"),0)) -> 3 | AP5: =IF($D5="","",IFERROR(COUNTIF(INDIRECT("'"&$D5&"'!$Z$7:$Z$500"),"Pass"),0)) -> 3 | AQ5: =IF($D5="","",IFERROR(COUNTIF(INDIRECT("'"&$D5&"'!$Z$7:$Z$500"),"Fail"),0)) -> 0 | AR5: =IF($D5="","",IFERROR(COUNTIF(INDIRECT("'"&$D5&"'!$Z$7:$Z$500"),"Block"),0)) -> 0 | AS5: =IF($D5="","",IFERROR(COUNTIF(INDIRECT("'"&$D5&"'!$Z$7:$Z$500"),"N/A"),0)) -> 0 | AT5: =IF($D5="","",IFERROR(COUNTIF(INDIRECT("'"&$D5&"'!$AE$7:$AE$500"),"<>"),0)) -> 0 | AU5: =IF($D5="","",IFERROR(COUNTIF(INDIRECT("'"&$D5&"'!$AE$7:$AE$500"),"Pass"),0)) -> 0 | AV5: =IF($D5="","",IFERROR(COUNTIF(INDIRECT("'"&$D5&"'!$AE$7:$AE$500"),"Fail"),0)) -> 0 | AW5: =IF($D5="","",IFERROR(COUNTIF(INDIRECT("'"&$D5&"'!$AE$7:$AE$500"),"Block"),0)) -> 0 | AX5: =IF($D5="","",IFERROR(COUNTIF(INDIRECT("'"&$D5&"'!$AE$7:$AE$500"),"N/A"),0)) -> 0 | AY5: =IF($D5="","",IFERROR(COUNTIF(INDIRECT("'"&$D5&"'!$AJ$7:$AJ$500"),"<>"),0)) -> 0 | AZ5: =IF($D5="","",IFERROR(COUNTIF(INDIRECT("'"&$D5&"'!$AJ$7:$AJ$500"),"Pass"),0)) -> 0 | BA5: =IF($D5="","",IFERROR(COUNTIF(INDIRECT("'"&$D5&"'!$AJ$7:$AJ$500"),"Fail"),0)) -> 0 | BB5: =IF($D5="","",IFERROR(COUNTIF(INDIRECT("'"&$D5&"'!$AJ$7:$AJ$500"),"Block"),0)) -> 0 | BC5: =IF($D5="","",IFERROR(COUNTIF(INDIRECT("'"&$D5&"'!$AJ$7:$AJ$500"),"N/A"),0)) -> 0
B6: =IF($D6="","",ROW()-3) | F6: =IF($D6="","",IFERROR(COUNTIF(INDIRECT("'"&$D6&"'!$A$7:$A$500"),"?*"),0)) | G6: =IF($D6="","",IFERROR(COUNTIF(INDIRECT("'"&$D6&"'!$AO$7:$AO$500"),"Pass"),0)) | H6: =IF($D6="","",IFERROR(COUNTIF(INDIRECT("'"&$D6&"'!$AO$7:$AO$500"),"Fail"),0)) | I6: =IF($D6="","",IFERROR(COUNTIF(INDIRECT("'"&$D6&"'!$AO$7:$AO$500"),"Block"),0)) | J6: =IF($D6="","",IFERROR(COUNTIF(INDIRECT("'"&$D6&"'!$AO$7:$AO$500"),"N/A"),0)) | K6: =IF($D6="","",MAX(0,$F6-$G6-$H6-$I6-$J6)) | L6: =IF($D6="","",$G6+$H6+$I6+$J6) | M6: =IF($D6="","",IFERROR($L6/$F6,0)) | N6: =IF($D6="","",IFERROR($G6/$L6,0)) | O6: =IF($D6="","",IFERROR(COUNTIF(INDIRECT("'"&$D6&"'!$E$7:$E$500"),"High"),0)) | P6: =IF($D6="","",IFERROR(COUNTIF(INDIRECT("'"&$D6&"'!$E$7:$E$500"),"Medium"),0)) | Q6: =IF($D6="","",IFERROR(COUNTIF(INDIRECT("'"&$D6&"'!$E$7:$E$500"),"Low"),0)) | R6: =IF($D6="","",IFERROR(COUNTIF(INDIRECT("'"&$D6&"'!$D$7:$D$500"),"Functional"),0)) | S6: =IF($D6="","",IFERROR(COUNTIF(INDIRECT("'"&$D6&"'!$D$7:$D$500"),"UI"),0)) | T6: =IF($D6="","",IFERROR(COUNTIF(INDIRECT("'"&$D6&"'!$D$7:$D$500"),"Integration"),0)) | U6: =IF($D6="","",IFERROR(COUNTIF(INDIRECT("'"&$D6&"'!$D$7:$D$500"),"Database Test Case"),0)) | V6: =IF($D6="","",IFERROR(COUNTIF(INDIRECT("'"&$D6&"'!$J$7:$J$500"),"AI"),0)) | W6: =IF($D6="","",IFERROR(COUNTIF(INDIRECT("'"&$D6&"'!$J$7:$J$500"),"QC"),0)) | X6: =IF($D6="","",IFERROR(COUNTIF(INDIRECT("'"&$D6&"'!$L$7:$L$500"),"Yes"),0)) | Y6: =IF($D6="","",IFERROR(COUNTIF(INDIRECT("'"&$D6&"'!$AM$7:$AM$500"),"Yes"),0)) | Z6: =IF($D6="","",IFERROR(COUNTIF(INDIRECT("'"&$D6&"'!$AN$7:$AN$500"),"Pass"),0)) | AA6: =IF($D6="","",IFERROR(COUNTIF(INDIRECT("'"&$D6&"'!$K$7:$K$500"),"Reviewed"),0)) | AB6: =IF($D6="","",IFERROR(COUNTIFS(INDIRECT("'"&$D6&"'!$E$7:$E$500"),"High",INDIRECT("'"&$D6&"'!$AO$7:$AO$500"),"<>"),0)) | AC6: =IF($D6="","",IFERROR(COUNTIFS(INDIRECT("'"&$D6&"'!$E$7:$E$500"),"Medium",INDIRECT("'"&$D6&"'!$AO$7:$AO$500"),"<>"),0)) | AD6: =IF($D6="","",IFERROR(COUNTIFS(INDIRECT("'"&$D6&"'!$E$7:$E$500"),"Low",INDIRECT("'"&$D6&"'!$AO$7:$AO$500"),"<>"),0)) | AE6: =IF($D6="","",IFERROR(COUNTIF(INDIRECT("'"&$D6&"'!$P$7:$P$500"),"<>"),0)) | AF6: =IF($D6="","",IFERROR(COUNTIF(INDIRECT("'"&$D6&"'!$P$7:$P$500"),"Pass"),0)) | AG6: =IF($D6="","",IFERROR(COUNTIF(INDIRECT("'"&$D6&"'!$P$7:$P$500"),"Fail"),0)) | AH6: =IF($D6="","",IFERROR(COUNTIF(INDIRECT("'"&$D6&"'!$P$7:$P$500"),"Block"),0)) | AI6: =IF($D6="","",IFERROR(COUNTIF(INDIRECT("'"&$D6&"'!$P$7:$P$500"),"N/A"),0)) | AJ6: =IF($D6="","",IFERROR(COUNTIF(INDIRECT("'"&$D6&"'!$U$7:$U$500"),"<>"),0)) | AK6: =IF($D6="","",IFERROR(COUNTIF(INDIRECT("'"&$D6&"'!$U$7:$U$500"),"Pass"),0)) | AL6: =IF($D6="","",IFERROR(COUNTIF(INDIRECT("'"&$D6&"'!$U$7:$U$500"),"Fail"),0)) | AM6: =IF($D6="","",IFERROR(COUNTIF(INDIRECT("'"&$D6&"'!$U$7:$U$500"),"Block"),0)) | AN6: =IF($D6="","",IFERROR(COUNTIF(INDIRECT("'"&$D6&"'!$U$7:$U$500"),"N/A"),0)) | AO6: =IF($D6="","",IFERROR(COUNTIF(INDIRECT("'"&$D6&"'!$Z$7:$Z$500"),"<>"),0)) | AP6: =IF($D6="","",IFERROR(COUNTIF(INDIRECT("'"&$D6&"'!$Z$7:$Z$500"),"Pass"),0)) | AQ6: =IF($D6="","",IFERROR(COUNTIF(INDIRECT("'"&$D6&"'!$Z$7:$Z$500"),"Fail"),0)) | AR6: =IF($D6="","",IFERROR(COUNTIF(INDIRECT("'"&$D6&"'!$Z$7:$Z$500"),"Block"),0)) | AS6: =IF($D6="","",IFERROR(COUNTIF(INDIRECT("'"&$D6&"'!$Z$7:$Z$500"),"N/A"),0)) | AT6: =IF($D6="","",IFERROR(COUNTIF(INDIRECT("'"&$D6&"'!$AE$7:$AE$500"),"<>"),0)) | AU6: =IF($D6="","",IFERROR(COUNTIF(INDIRECT("'"&$D6&"'!$AE$7:$AE$500"),"Pass"),0)) | AV6: =IF($D6="","",IFERROR(COUNTIF(INDIRECT("'"&$D6&"'!$AE$7:$AE$500"),"Fail"),0)) | AW6: =IF($D6="","",IFERROR(COUNTIF(INDIRECT("'"&$D6&"'!$AE$7:$AE$500"),"Block"),0)) | AX6: =IF($D6="","",IFERROR(COUNTIF(INDIRECT("'"&$D6&"'!$AE$7:$AE$500"),"N/A"),0)) | AY6: =IF($D6="","",IFERROR(COUNTIF(INDIRECT("'"&$D6&"'!$AJ$7:$AJ$500"),"<>"),0)) | AZ6: =IF($D6="","",IFERROR(COUNTIF(INDIRECT("'"&$D6&"'!$AJ$7:$AJ$500"),"Pass"),0)) | BA6: =IF($D6="","",IFERROR(COUNTIF(INDIRECT("'"&$D6&"'!$AJ$7:$AJ$500"),"Fail"),0)) | BB6: =IF($D6="","",IFERROR(COUNTIF(INDIRECT("'"&$D6&"'!$AJ$7:$AJ$500"),"Block"),0)) | BC6: =IF($D6="","",IFERROR(COUNTIF(INDIRECT("'"&$D6&"'!$AJ$7:$AJ$500"),"N/A"),0))
B7: =IF($D7="","",ROW()-3) | F7: =IF($D7="","",IFERROR(COUNTIF(INDIRECT("'"&$D7&"'!$A$7:$A$500"),"?*"),0)) | G7: =IF($D7="","",IFERROR(COUNTIF(INDIRECT("'"&$D7&"'!$AO$7:$AO$500"),"Pass"),0)) | H7: =IF($D7="","",IFERROR(COUNTIF(INDIRECT("'"&$D7&"'!$AO$7:$AO$500"),"Fail"),0)) | I7: =IF($D7="","",IFERROR(COUNTIF(INDIRECT("'"&$D7&"'!$AO$7:$AO$500"),"Block"),0)) | J7: =IF($D7="","",IFERROR(COUNTIF(INDIRECT("'"&$D7&"'!$AO$7:$AO$500"),"N/A"),0)) | K7: =IF($D7="","",MAX(0,$F7-$G7-$H7-$I7-$J7)) | L7: =IF($D7="","",$G7+$H7+$I7+$J7) | M7: =IF($D7="","",IFERROR($L7/$F7,0)) | N7: =IF($D7="","",IFERROR($G7/$L7,0)) | O7: =IF($D7="","",IFERROR(COUNTIF(INDIRECT("'"&$D7&"'!$E$7:$E$500"),"High"),0)) | P7: =IF($D7="","",IFERROR(COUNTIF(INDIRECT("'"&$D7&"'!$E$7:$E$500"),"Medium"),0)) | Q7: =IF($D7="","",IFERROR(COUNTIF(INDIRECT("'"&$D7&"'!$E$7:$E$500"),"Low"),0)) | R7: =IF($D7="","",IFERROR(COUNTIF(INDIRECT("'"&$D7&"'!$D$7:$D$500"),"Functional"),0)) | S7: =IF($D7="","",IFERROR(COUNTIF(INDIRECT("'"&$D7&"'!$D$7:$D$500"),"UI"),0)) | T7: =IF($D7="","",IFERROR(COUNTIF(INDIRECT("'"&$D7&"'!$D$7:$D$500"),"Integration"),0)) | U7: =IF($D7="","",IFERROR(COUNTIF(INDIRECT("'"&$D7&"'!$D$7:$D$500"),"Database Test Case"),0)) | V7: =IF($D7="","",IFERROR(COUNTIF(INDIRECT("'"&$D7&"'!$J$7:$J$500"),"AI"),0)) | W7: =IF($D7="","",IFERROR(COUNTIF(INDIRECT("'"&$D7&"'!$J$7:$J$500"),"QC"),0)) | X7: =IF($D7="","",IFERROR(COUNTIF(INDIRECT("'"&$D7&"'!$L$7:$L$500"),"Yes"),0)) | Y7: =IF($D7="","",IFERROR(COUNTIF(INDIRECT("'"&$D7&"'!$AM$7:$AM$500"),"Yes"),0)) | Z7: =IF($D7="","",IFERROR(COUNTIF(INDIRECT("'"&$D7&"'!$AN$7:$AN$500"),"Pass"),0)) | AA7: =IF($D7="","",IFERROR(COUNTIF(INDIRECT("'"&$D7&"'!$K$7:$K$500"),"Reviewed"),0)) | AB7: =IF($D7="","",IFERROR(COUNTIFS(INDIRECT("'"&$D7&"'!$E$7:$E$500"),"High",INDIRECT("'"&$D7&"'!$AO$7:$AO$500"),"<>"),0)) | AC7: =IF($D7="","",IFERROR(COUNTIFS(INDIRECT("'"&$D7&"'!$E$7:$E$500"),"Medium",INDIRECT("'"&$D7&"'!$AO$7:$AO$500"),"<>"),0)) | AD7: =IF($D7="","",IFERROR(COUNTIFS(INDIRECT("'"&$D7&"'!$E$7:$E$500"),"Low",INDIRECT("'"&$D7&"'!$AO$7:$AO$500"),"<>"),0)) | AE7: =IF($D7="","",IFERROR(COUNTIF(INDIRECT("'"&$D7&"'!$P$7:$P$500"),"<>"),0)) | AF7: =IF($D7="","",IFERROR(COUNTIF(INDIRECT("'"&$D7&"'!$P$7:$P$500"),"Pass"),0)) | AG7: =IF($D7="","",IFERROR(COUNTIF(INDIRECT("'"&$D7&"'!$P$7:$P$500"),"Fail"),0)) | AH7: =IF($D7="","",IFERROR(COUNTIF(INDIRECT("'"&$D7&"'!$P$7:$P$500"),"Block"),0)) | AI7: =IF($D7="","",IFERROR(COUNTIF(INDIRECT("'"&$D7&"'!$P$7:$P$500"),"N/A"),0)) | AJ7: =IF($D7="","",IFERROR(COUNTIF(INDIRECT("'"&$D7&"'!$U$7:$U$500"),"<>"),0)) | AK7: =IF($D7="","",IFERROR(COUNTIF(INDIRECT("'"&$D7&"'!$U$7:$U$500"),"Pass"),0)) | AL7: =IF($D7="","",IFERROR(COUNTIF(INDIRECT("'"&$D7&"'!$U$7:$U$500"),"Fail"),0)) | AM7: =IF($D7="","",IFERROR(COUNTIF(INDIRECT("'"&$D7&"'!$U$7:$U$500"),"Block"),0)) | AN7: =IF($D7="","",IFERROR(COUNTIF(INDIRECT("'"&$D7&"'!$U$7:$U$500"),"N/A"),0)) | AO7: =IF($D7="","",IFERROR(COUNTIF(INDIRECT("'"&$D7&"'!$Z$7:$Z$500"),"<>"),0)) | AP7: =IF($D7="","",IFERROR(COUNTIF(INDIRECT("'"&$D7&"'!$Z$7:$Z$500"),"Pass"),0)) | AQ7: =IF($D7="","",IFERROR(COUNTIF(INDIRECT("'"&$D7&"'!$Z$7:$Z$500"),"Fail"),0)) | AR7: =IF($D7="","",IFERROR(COUNTIF(INDIRECT("'"&$D7&"'!$Z$7:$Z$500"),"Block"),0)) | AS7: =IF($D7="","",IFERROR(COUNTIF(INDIRECT("'"&$D7&"'!$Z$7:$Z$500"),"N/A"),0)) | AT7: =IF($D7="","",IFERROR(COUNTIF(INDIRECT("'"&$D7&"'!$AE$7:$AE$500"),"<>"),0)) | AU7: =IF($D7="","",IFERROR(COUNTIF(INDIRECT("'"&$D7&"'!$AE$7:$AE$500"),"Pass"),0)) | AV7: =IF($D7="","",IFERROR(COUNTIF(INDIRECT("'"&$D7&"'!$AE$7:$AE$500"),"Fail"),0)) | AW7: =IF($D7="","",IFERROR(COUNTIF(INDIRECT("'"&$D7&"'!$AE$7:$AE$500"),"Block"),0)) | AX7: =IF($D7="","",IFERROR(COUNTIF(INDIRECT("'"&$D7&"'!$AE$7:$AE$500"),"N/A"),0)) | AY7: =IF($D7="","",IFERROR(COUNTIF(INDIRECT("'"&$D7&"'!$AJ$7:$AJ$500"),"<>"),0)) | AZ7: =IF($D7="","",IFERROR(COUNTIF(INDIRECT("'"&$D7&"'!$AJ$7:$AJ$500"),"Pass"),0)) | BA7: =IF($D7="","",IFERROR(COUNTIF(INDIRECT("'"&$D7&"'!$AJ$7:$AJ$500"),"Fail"),0)) | BB7: =IF($D7="","",IFERROR(COUNTIF(INDIRECT("'"&$D7&"'!$AJ$7:$AJ$500"),"Block"),0)) | BC7: =IF($D7="","",IFERROR(COUNTIF(INDIRECT("'"&$D7&"'!$AJ$7:$AJ$500"),"N/A"),0))
B8: =IF($D8="","",ROW()-3) | F8: =IF($D8="","",IFERROR(COUNTIF(INDIRECT("'"&$D8&"'!$A$7:$A$500"),"?*"),0)) | G8: =IF($D8="","",IFERROR(COUNTIF(INDIRECT("'"&$D8&"'!$AO$7:$AO$500"),"Pass"),0)) | H8: =IF($D8="","",IFERROR(COUNTIF(INDIRECT("'"&$D8&"'!$AO$7:$AO$500"),"Fail"),0)) | I8: =IF($D8="","",IFERROR(COUNTIF(INDIRECT("'"&$D8&"'!$AO$7:$AO$500"),"Block"),0)) | J8: =IF($D8="","",IFERROR(COUNTIF(INDIRECT("'"&$D8&"'!$AO$7:$AO$500"),"N/A"),0)) | K8: =IF($D8="","",MAX(0,$F8-$G8-$H8-$I8-$J8)) | L8: =IF($D8="","",$G8+$H8+$I8+$J8) | M8: =IF($D8="","",IFERROR($L8/$F8,0)) | N8: =IF($D8="","",IFERROR($G8/$L8,0)) | O8: =IF($D8="","",IFERROR(COUNTIF(INDIRECT("'"&$D8&"'!$E$7:$E$500"),"High"),0)) | P8: =IF($D8="","",IFERROR(COUNTIF(INDIRECT("'"&$D8&"'!$E$7:$E$500"),"Medium"),0)) | Q8: =IF($D8="","",IFERROR(COUNTIF(INDIRECT("'"&$D8&"'!$E$7:$E$500"),"Low"),0)) | R8: =IF($D8="","",IFERROR(COUNTIF(INDIRECT("'"&$D8&"'!$D$7:$D$500"),"Functional"),0)) | S8: =IF($D8="","",IFERROR(COUNTIF(INDIRECT("'"&$D8&"'!$D$7:$D$500"),"UI"),0)) | T8: =IF($D8="","",IFERROR(COUNTIF(INDIRECT("'"&$D8&"'!$D$7:$D$500"),"Integration"),0)) | U8: =IF($D8="","",IFERROR(COUNTIF(INDIRECT("'"&$D8&"'!$D$7:$D$500"),"Database Test Case"),0)) | V8: =IF($D8="","",IFERROR(COUNTIF(INDIRECT("'"&$D8&"'!$J$7:$J$500"),"AI"),0)) | W8: =IF($D8="","",IFERROR(COUNTIF(INDIRECT("'"&$D8&"'!$J$7:$J$500"),"QC"),0)) | X8: =IF($D8="","",IFERROR(COUNTIF(INDIRECT("'"&$D8&"'!$L$7:$L$500"),"Yes"),0)) | Y8: =IF($D8="","",IFERROR(COUNTIF(INDIRECT("'"&$D8&"'!$AM$7:$AM$500"),"Yes"),0)) | Z8: =IF($D8="","",IFERROR(COUNTIF(INDIRECT("'"&$D8&"'!$AN$7:$AN$500"),"Pass"),0)) | AA8: =IF($D8="","",IFERROR(COUNTIF(INDIRECT("'"&$D8&"'!$K$7:$K$500"),"Reviewed"),0)) | AB8: =IF($D8="","",IFERROR(COUNTIFS(INDIRECT("'"&$D8&"'!$E$7:$E$500"),"High",INDIRECT("'"&$D8&"'!$AO$7:$AO$500"),"<>"),0)) | AC8: =IF($D8="","",IFERROR(COUNTIFS(INDIRECT("'"&$D8&"'!$E$7:$E$500"),"Medium",INDIRECT("'"&$D8&"'!$AO$7:$AO$500"),"<>"),0)) | AD8: =IF($D8="","",IFERROR(COUNTIFS(INDIRECT("'"&$D8&"'!$E$7:$E$500"),"Low",INDIRECT("'"&$D8&"'!$AO$7:$AO$500"),"<>"),0)) | AE8: =IF($D8="","",IFERROR(COUNTIF(INDIRECT("'"&$D8&"'!$P$7:$P$500"),"<>"),0)) | AF8: =IF($D8="","",IFERROR(COUNTIF(INDIRECT("'"&$D8&"'!$P$7:$P$500"),"Pass"),0)) | AG8: =IF($D8="","",IFERROR(COUNTIF(INDIRECT("'"&$D8&"'!$P$7:$P$500"),"Fail"),0)) | AH8: =IF($D8="","",IFERROR(COUNTIF(INDIRECT("'"&$D8&"'!$P$7:$P$500"),"Block"),0)) | AI8: =IF($D8="","",IFERROR(COUNTIF(INDIRECT("'"&$D8&"'!$P$7:$P$500"),"N/A"),0)) | AJ8: =IF($D8="","",IFERROR(COUNTIF(INDIRECT("'"&$D8&"'!$U$7:$U$500"),"<>"),0)) | AK8: =IF($D8="","",IFERROR(COUNTIF(INDIRECT("'"&$D8&"'!$U$7:$U$500"),"Pass"),0)) | AL8: =IF($D8="","",IFERROR(COUNTIF(INDIRECT("'"&$D8&"'!$U$7:$U$500"),"Fail"),0)) | AM8: =IF($D8="","",IFERROR(COUNTIF(INDIRECT("'"&$D8&"'!$U$7:$U$500"),"Block"),0)) | AN8: =IF($D8="","",IFERROR(COUNTIF(INDIRECT("'"&$D8&"'!$U$7:$U$500"),"N/A"),0)) | AO8: =IF($D8="","",IFERROR(COUNTIF(INDIRECT("'"&$D8&"'!$Z$7:$Z$500"),"<>"),0)) | AP8: =IF($D8="","",IFERROR(COUNTIF(INDIRECT("'"&$D8&"'!$Z$7:$Z$500"),"Pass"),0)) | AQ8: =IF($D8="","",IFERROR(COUNTIF(INDIRECT("'"&$D8&"'!$Z$7:$Z$500"),"Fail"),0)) | AR8: =IF($D8="","",IFERROR(COUNTIF(INDIRECT("'"&$D8&"'!$Z$7:$Z$500"),"Block"),0)) | AS8: =IF($D8="","",IFERROR(COUNTIF(INDIRECT("'"&$D8&"'!$Z$7:$Z$500"),"N/A"),0)) | AT8: =IF($D8="","",IFERROR(COUNTIF(INDIRECT("'"&$D8&"'!$AE$7:$AE$500"),"<>"),0)) | AU8: =IF($D8="","",IFERROR(COUNTIF(INDIRECT("'"&$D8&"'!$AE$7:$AE$500"),"Pass"),0)) | AV8: =IF($D8="","",IFERROR(COUNTIF(INDIRECT("'"&$D8&"'!$AE$7:$AE$500"),"Fail"),0)) | AW8: =IF($D8="","",IFERROR(COUNTIF(INDIRECT("'"&$D8&"'!$AE$7:$AE$500"),"Block"),0)) | AX8: =IF($D8="","",IFERROR(COUNTIF(INDIRECT("'"&$D8&"'!$AE$7:$AE$500"),"N/A"),0)) | AY8: =IF($D8="","",IFERROR(COUNTIF(INDIRECT("'"&$D8&"'!$AJ$7:$AJ$500"),"<>"),0)) | AZ8: =IF($D8="","",IFERROR(COUNTIF(INDIRECT("'"&$D8&"'!$AJ$7:$AJ$500"),"Pass"),0)) | BA8: =IF($D8="","",IFERROR(COUNTIF(INDIRECT("'"&$D8&"'!$AJ$7:$AJ$500"),"Fail"),0)) | BB8: =IF($D8="","",IFERROR(COUNTIF(INDIRECT("'"&$D8&"'!$AJ$7:$AJ$500"),"Block"),0)) | BC8: =IF($D8="","",IFERROR(COUNTIF(INDIRECT("'"&$D8&"'!$AJ$7:$AJ$500"),"N/A"),0))
B9: =IF($D9="","",ROW()-3) | F9: =IF($D9="","",IFERROR(COUNTIF(INDIRECT("'"&$D9&"'!$A$7:$A$500"),"?*"),0)) | G9: =IF($D9="","",IFERROR(COUNTIF(INDIRECT("'"&$D9&"'!$AO$7:$AO$500"),"Pass"),0)) | H9: =IF($D9="","",IFERROR(COUNTIF(INDIRECT("'"&$D9&"'!$AO$7:$AO$500"),"Fail"),0)) | I9: =IF($D9="","",IFERROR(COUNTIF(INDIRECT("'"&$D9&"'!$AO$7:$AO$500"),"Block"),0)) | J9: =IF($D9="","",IFERROR(COUNTIF(INDIRECT("'"&$D9&"'!$AO$7:$AO$500"),"N/A"),0)) | K9: =IF($D9="","",MAX(0,$F9-$G9-$H9-$I9-$J9)) | L9: =IF($D9="","",$G9+$H9+$I9+$J9) | M9: =IF($D9="","",IFERROR($L9/$F9,0)) | N9: =IF($D9="","",IFERROR($G9/$L9,0)) | O9: =IF($D9="","",IFERROR(COUNTIF(INDIRECT("'"&$D9&"'!$E$7:$E$500"),"High"),0)) | P9: =IF($D9="","",IFERROR(COUNTIF(INDIRECT("'"&$D9&"'!$E$7:$E$500"),"Medium"),0)) | Q9: =IF($D9="","",IFERROR(COUNTIF(INDIRECT("'"&$D9&"'!$E$7:$E$500"),"Low"),0)) | R9: =IF($D9="","",IFERROR(COUNTIF(INDIRECT("'"&$D9&"'!$D$7:$D$500"),"Functional"),0)) | S9: =IF($D9="","",IFERROR(COUNTIF(INDIRECT("'"&$D9&"'!$D$7:$D$500"),"UI"),0)) | T9: =IF($D9="","",IFERROR(COUNTIF(INDIRECT("'"&$D9&"'!$D$7:$D$500"),"Integration"),0)) | U9: =IF($D9="","",IFERROR(COUNTIF(INDIRECT("'"&$D9&"'!$D$7:$D$500"),"Database Test Case"),0)) | V9: =IF($D9="","",IFERROR(COUNTIF(INDIRECT("'"&$D9&"'!$J$7:$J$500"),"AI"),0)) | W9: =IF($D9="","",IFERROR(COUNTIF(INDIRECT("'"&$D9&"'!$J$7:$J$500"),"QC"),0)) | X9: =IF($D9="","",IFERROR(COUNTIF(INDIRECT("'"&$D9&"'!$L$7:$L$500"),"Yes"),0)) | Y9: =IF($D9="","",IFERROR(COUNTIF(INDIRECT("'"&$D9&"'!$AM$7:$AM$500"),"Yes"),0)) | Z9: =IF($D9="","",IFERROR(COUNTIF(INDIRECT("'"&$D9&"'!$AN$7:$AN$500"),"Pass"),0)) | AA9: =IF($D9="","",IFERROR(COUNTIF(INDIRECT("'"&$D9&"'!$K$7:$K$500"),"Reviewed"),0)) | AB9: =IF($D9="","",IFERROR(COUNTIFS(INDIRECT("'"&$D9&"'!$E$7:$E$500"),"High",INDIRECT("'"&$D9&"'!$AO$7:$AO$500"),"<>"),0)) | AC9: =IF($D9="","",IFERROR(COUNTIFS(INDIRECT("'"&$D9&"'!$E$7:$E$500"),"Medium",INDIRECT("'"&$D9&"'!$AO$7:$AO$500"),"<>"),0)) | AD9: =IF($D9="","",IFERROR(COUNTIFS(INDIRECT("'"&$D9&"'!$E$7:$E$500"),"Low",INDIRECT("'"&$D9&"'!$AO$7:$AO$500"),"<>"),0)) | AE9: =IF($D9="","",IFERROR(COUNTIF(INDIRECT("'"&$D9&"'!$P$7:$P$500"),"<>"),0)) | AF9: =IF($D9="","",IFERROR(COUNTIF(INDIRECT("'"&$D9&"'!$P$7:$P$500"),"Pass"),0)) | AG9: =IF($D9="","",IFERROR(COUNTIF(INDIRECT("'"&$D9&"'!$P$7:$P$500"),"Fail"),0)) | AH9: =IF($D9="","",IFERROR(COUNTIF(INDIRECT("'"&$D9&"'!$P$7:$P$500"),"Block"),0)) | AI9: =IF($D9="","",IFERROR(COUNTIF(INDIRECT("'"&$D9&"'!$P$7:$P$500"),"N/A"),0)) | AJ9: =IF($D9="","",IFERROR(COUNTIF(INDIRECT("'"&$D9&"'!$U$7:$U$500"),"<>"),0)) | AK9: =IF($D9="","",IFERROR(COUNTIF(INDIRECT("'"&$D9&"'!$U$7:$U$500"),"Pass"),0)) | AL9: =IF($D9="","",IFERROR(COUNTIF(INDIRECT("'"&$D9&"'!$U$7:$U$500"),"Fail"),0)) | AM9: =IF($D9="","",IFERROR(COUNTIF(INDIRECT("'"&$D9&"'!$U$7:$U$500"),"Block"),0)) | AN9: =IF($D9="","",IFERROR(COUNTIF(INDIRECT("'"&$D9&"'!$U$7:$U$500"),"N/A"),0)) | AO9: =IF($D9="","",IFERROR(COUNTIF(INDIRECT("'"&$D9&"'!$Z$7:$Z$500"),"<>"),0)) | AP9: =IF($D9="","",IFERROR(COUNTIF(INDIRECT("'"&$D9&"'!$Z$7:$Z$500"),"Pass"),0)) | AQ9: =IF($D9="","",IFERROR(COUNTIF(INDIRECT("'"&$D9&"'!$Z$7:$Z$500"),"Fail"),0)) | AR9: =IF($D9="","",IFERROR(COUNTIF(INDIRECT("'"&$D9&"'!$Z$7:$Z$500"),"Block"),0)) | AS9: =IF($D9="","",IFERROR(COUNTIF(INDIRECT("'"&$D9&"'!$Z$7:$Z$500"),"N/A"),0)) | AT9: =IF($D9="","",IFERROR(COUNTIF(INDIRECT("'"&$D9&"'!$AE$7:$AE$500"),"<>"),0)) | AU9: =IF($D9="","",IFERROR(COUNTIF(INDIRECT("'"&$D9&"'!$AE$7:$AE$500"),"Pass"),0)) | AV9: =IF($D9="","",IFERROR(COUNTIF(INDIRECT("'"&$D9&"'!$AE$7:$AE$500"),"Fail"),0)) | AW9: =IF($D9="","",IFERROR(COUNTIF(INDIRECT("'"&$D9&"'!$AE$7:$AE$500"),"Block"),0)) | AX9: =IF($D9="","",IFERROR(COUNTIF(INDIRECT("'"&$D9&"'!$AE$7:$AE$500"),"N/A"),0)) | AY9: =IF($D9="","",IFERROR(COUNTIF(INDIRECT("'"&$D9&"'!$AJ$7:$AJ$500"),"<>"),0)) | AZ9: =IF($D9="","",IFERROR(COUNTIF(INDIRECT("'"&$D9&"'!$AJ$7:$AJ$500"),"Pass"),0)) | BA9: =IF($D9="","",IFERROR(COUNTIF(INDIRECT("'"&$D9&"'!$AJ$7:$AJ$500"),"Fail"),0)) | BB9: =IF($D9="","",IFERROR(COUNTIF(INDIRECT("'"&$D9&"'!$AJ$7:$AJ$500"),"Block"),0)) | BC9: =IF($D9="","",IFERROR(COUNTIF(INDIRECT("'"&$D9&"'!$AJ$7:$AJ$500"),"N/A"),0))
B10: =IF($D10="","",ROW()-3) | F10: =IF($D10="","",IFERROR(COUNTIF(INDIRECT("'"&$D10&"'!$A$7:$A$500"),"?*"),0)) | G10: =IF($D10="","",IFERROR(COUNTIF(INDIRECT("'"&$D10&"'!$AO$7:$AO$500"),"Pass"),0)) | H10: =IF($D10="","",IFERROR(COUNTIF(INDIRECT("'"&$D10&"'!$AO$7:$AO$500"),"Fail"),0)) | I10: =IF($D10="","",IFERROR(COUNTIF(INDIRECT("'"&$D10&"'!$AO$7:$AO$500"),"Block"),0)) | J10: =IF($D10="","",IFERROR(COUNTIF(INDIRECT("'"&$D10&"'!$AO$7:$AO$500"),"N/A"),0)) | K10: =IF($D10="","",MAX(0,$F10-$G10-$H10-$I10-$J10)) | L10: =IF($D10="","",$G10+$H10+$I10+$J10) | M10: =IF($D10="","",IFERROR($L10/$F10,0)) | N10: =IF($D10="","",IFERROR($G10/$L10,0)) | O10: =IF($D10="","",IFERROR(COUNTIF(INDIRECT("'"&$D10&"'!$E$7:$E$500"),"High"),0)) | P10: =IF($D10="","",IFERROR(COUNTIF(INDIRECT("'"&$D10&"'!$E$7:$E$500"),"Medium"),0)) | Q10: =IF($D10="","",IFERROR(COUNTIF(INDIRECT("'"&$D10&"'!$E$7:$E$500"),"Low"),0)) | R10: =IF($D10="","",IFERROR(COUNTIF(INDIRECT("'"&$D10&"'!$D$7:$D$500"),"Functional"),0)) | S10: =IF($D10="","",IFERROR(COUNTIF(INDIRECT("'"&$D10&"'!$D$7:$D$500"),"UI"),0)) | T10: =IF($D10="","",IFERROR(COUNTIF(INDIRECT("'"&$D10&"'!$D$7:$D$500"),"Integration"),0)) | U10: =IF($D10="","",IFERROR(COUNTIF(INDIRECT("'"&$D10&"'!$D$7:$D$500"),"Database Test Case"),0)) | V10: =IF($D10="","",IFERROR(COUNTIF(INDIRECT("'"&$D10&"'!$J$7:$J$500"),"AI"),0)) | W10: =IF($D10="","",IFERROR(COUNTIF(INDIRECT("'"&$D10&"'!$J$7:$J$500"),"QC"),0)) | X10: =IF($D10="","",IFERROR(COUNTIF(INDIRECT("'"&$D10&"'!$L$7:$L$500"),"Yes"),0)) | Y10: =IF($D10="","",IFERROR(COUNTIF(INDIRECT("'"&$D10&"'!$AM$7:$AM$500"),"Yes"),0)) | Z10: =IF($D10="","",IFERROR(COUNTIF(INDIRECT("'"&$D10&"'!$AN$7:$AN$500"),"Pass"),0)) | AA10: =IF($D10="","",IFERROR(COUNTIF(INDIRECT("'"&$D10&"'!$K$7:$K$500"),"Reviewed"),0)) | AB10: =IF($D10="","",IFERROR(COUNTIFS(INDIRECT("'"&$D10&"'!$E$7:$E$500"),"High",INDIRECT("'"&$D10&"'!$AO$7:$AO$500"),"<>"),0)) | AC10: =IF($D10="","",IFERROR(COUNTIFS(INDIRECT("'"&$D10&"'!$E$7:$E$500"),"Medium",INDIRECT("'"&$D10&"'!$AO$7:$AO$500"),"<>"),0)) | AD10: =IF($D10="","",IFERROR(COUNTIFS(INDIRECT("'"&$D10&"'!$E$7:$E$500"),"Low",INDIRECT("'"&$D10&"'!$AO$7:$AO$500"),"<>"),0)) | AE10: =IF($D10="","",IFERROR(COUNTIF(INDIRECT("'"&$D10&"'!$P$7:$P$500"),"<>"),0)) | AF10: =IF($D10="","",IFERROR(COUNTIF(INDIRECT("'"&$D10&"'!$P$7:$P$500"),"Pass"),0)) | AG10: =IF($D10="","",IFERROR(COUNTIF(INDIRECT("'"&$D10&"'!$P$7:$P$500"),"Fail"),0)) | AH10: =IF($D10="","",IFERROR(COUNTIF(INDIRECT("'"&$D10&"'!$P$7:$P$500"),"Block"),0)) | AI10: =IF($D10="","",IFERROR(COUNTIF(INDIRECT("'"&$D10&"'!$P$7:$P$500"),"N/A"),0)) | AJ10: =IF($D10="","",IFERROR(COUNTIF(INDIRECT("'"&$D10&"'!$U$7:$U$500"),"<>"),0)) | AK10: =IF($D10="","",IFERROR(COUNTIF(INDIRECT("'"&$D10&"'!$U$7:$U$500"),"Pass"),0)) | AL10: =IF($D10="","",IFERROR(COUNTIF(INDIRECT("'"&$D10&"'!$U$7:$U$500"),"Fail"),0)) | AM10: =IF($D10="","",IFERROR(COUNTIF(INDIRECT("'"&$D10&"'!$U$7:$U$500"),"Block"),0)) | AN10: =IF($D10="","",IFERROR(COUNTIF(INDIRECT("'"&$D10&"'!$U$7:$U$500"),"N/A"),0)) | AO10: =IF($D10="","",IFERROR(COUNTIF(INDIRECT("'"&$D10&"'!$Z$7:$Z$500"),"<>"),0)) | AP10: =IF($D10="","",IFERROR(COUNTIF(INDIRECT("'"&$D10&"'!$Z$7:$Z$500"),"Pass"),0)) | AQ10: =IF($D10="","",IFERROR(COUNTIF(INDIRECT("'"&$D10&"'!$Z$7:$Z$500"),"Fail"),0)) | AR10: =IF($D10="","",IFERROR(COUNTIF(INDIRECT("'"&$D10&"'!$Z$7:$Z$500"),"Block"),0)) | AS10: =IF($D10="","",IFERROR(COUNTIF(INDIRECT("'"&$D10&"'!$Z$7:$Z$500"),"N/A"),0)) | AT10: =IF($D10="","",IFERROR(COUNTIF(INDIRECT("'"&$D10&"'!$AE$7:$AE$500"),"<>"),0)) | AU10: =IF($D10="","",IFERROR(COUNTIF(INDIRECT("'"&$D10&"'!$AE$7:$AE$500"),"Pass"),0)) | AV10: =IF($D10="","",IFERROR(COUNTIF(INDIRECT("'"&$D10&"'!$AE$7:$AE$500"),"Fail"),0)) | AW10: =IF($D10="","",IFERROR(COUNTIF(INDIRECT("'"&$D10&"'!$AE$7:$AE$500"),"Block"),0)) | AX10: =IF($D10="","",IFERROR(COUNTIF(INDIRECT("'"&$D10&"'!$AE$7:$AE$500"),"N/A"),0)) | AY10: =IF($D10="","",IFERROR(COUNTIF(INDIRECT("'"&$D10&"'!$AJ$7:$AJ$500"),"<>"),0)) | AZ10: =IF($D10="","",IFERROR(COUNTIF(INDIRECT("'"&$D10&"'!$AJ$7:$AJ$500"),"Pass"),0)) | BA10: =IF($D10="","",IFERROR(COUNTIF(INDIRECT("'"&$D10&"'!$AJ$7:$AJ$500"),"Fail"),0)) | BB10: =IF($D10="","",IFERROR(COUNTIF(INDIRECT("'"&$D10&"'!$AJ$7:$AJ$500"),"Block"),0)) | BC10: =IF($D10="","",IFERROR(COUNTIF(INDIRECT("'"&$D10&"'!$AJ$7:$AJ$500"),"N/A"),0))
B11: =IF($D11="","",ROW()-3) | F11: =IF($D11="","",IFERROR(COUNTIF(INDIRECT("'"&$D11&"'!$A$7:$A$500"),"?*"),0)) | G11: =IF($D11="","",IFERROR(COUNTIF(INDIRECT("'"&$D11&"'!$AO$7:$AO$500"),"Pass"),0)) | H11: =IF($D11="","",IFERROR(COUNTIF(INDIRECT("'"&$D11&"'!$AO$7:$AO$500"),"Fail"),0)) | I11: =IF($D11="","",IFERROR(COUNTIF(INDIRECT("'"&$D11&"'!$AO$7:$AO$500"),"Block"),0)) | J11: =IF($D11="","",IFERROR(COUNTIF(INDIRECT("'"&$D11&"'!$AO$7:$AO$500"),"N/A"),0)) | K11: =IF($D11="","",MAX(0,$F11-$G11-$H11-$I11-$J11)) | L11: =IF($D11="","",$G11+$H11+$I11+$J11) | M11: =IF($D11="","",IFERROR($L11/$F11,0)) | N11: =IF($D11="","",IFERROR($G11/$L11,0)) | O11: =IF($D11="","",IFERROR(COUNTIF(INDIRECT("'"&$D11&"'!$E$7:$E$500"),"High"),0)) | P11: =IF($D11="","",IFERROR(COUNTIF(INDIRECT("'"&$D11&"'!$E$7:$E$500"),"Medium"),0)) | Q11: =IF($D11="","",IFERROR(COUNTIF(INDIRECT("'"&$D11&"'!$E$7:$E$500"),"Low"),0)) | R11: =IF($D11="","",IFERROR(COUNTIF(INDIRECT("'"&$D11&"'!$D$7:$D$500"),"Functional"),0)) | S11: =IF($D11="","",IFERROR(COUNTIF(INDIRECT("'"&$D11&"'!$D$7:$D$500"),"UI"),0)) | T11: =IF($D11="","",IFERROR(COUNTIF(INDIRECT("'"&$D11&"'!$D$7:$D$500"),"Integration"),0)) | U11: =IF($D11="","",IFERROR(COUNTIF(INDIRECT("'"&$D11&"'!$D$7:$D$500"),"Database Test Case"),0)) | V11: =IF($D11="","",IFERROR(COUNTIF(INDIRECT("'"&$D11&"'!$J$7:$J$500"),"AI"),0)) | W11: =IF($D11="","",IFERROR(COUNTIF(INDIRECT("'"&$D11&"'!$J$7:$J$500"),"QC"),0)) | X11: =IF($D11="","",IFERROR(COUNTIF(INDIRECT("'"&$D11&"'!$L$7:$L$500"),"Yes"),0)) | Y11: =IF($D11="","",IFERROR(COUNTIF(INDIRECT("'"&$D11&"'!$AM$7:$AM$500"),"Yes"),0)) | Z11: =IF($D11="","",IFERROR(COUNTIF(INDIRECT("'"&$D11&"'!$AN$7:$AN$500"),"Pass"),0)) | AA11: =IF($D11="","",IFERROR(COUNTIF(INDIRECT("'"&$D11&"'!$K$7:$K$500"),"Reviewed"),0)) | AB11: =IF($D11="","",IFERROR(COUNTIFS(INDIRECT("'"&$D11&"'!$E$7:$E$500"),"High",INDIRECT("'"&$D11&"'!$AO$7:$AO$500"),"<>"),0)) | AC11: =IF($D11="","",IFERROR(COUNTIFS(INDIRECT("'"&$D11&"'!$E$7:$E$500"),"Medium",INDIRECT("'"&$D11&"'!$AO$7:$AO$500"),"<>"),0)) | AD11: =IF($D11="","",IFERROR(COUNTIFS(INDIRECT("'"&$D11&"'!$E$7:$E$500"),"Low",INDIRECT("'"&$D11&"'!$AO$7:$AO$500"),"<>"),0)) | AE11: =IF($D11="","",IFERROR(COUNTIF(INDIRECT("'"&$D11&"'!$P$7:$P$500"),"<>"),0)) | AF11: =IF($D11="","",IFERROR(COUNTIF(INDIRECT("'"&$D11&"'!$P$7:$P$500"),"Pass"),0)) | AG11: =IF($D11="","",IFERROR(COUNTIF(INDIRECT("'"&$D11&"'!$P$7:$P$500"),"Fail"),0)) | AH11: =IF($D11="","",IFERROR(COUNTIF(INDIRECT("'"&$D11&"'!$P$7:$P$500"),"Block"),0)) | AI11: =IF($D11="","",IFERROR(COUNTIF(INDIRECT("'"&$D11&"'!$P$7:$P$500"),"N/A"),0)) | AJ11: =IF($D11="","",IFERROR(COUNTIF(INDIRECT("'"&$D11&"'!$U$7:$U$500"),"<>"),0)) | AK11: =IF($D11="","",IFERROR(COUNTIF(INDIRECT("'"&$D11&"'!$U$7:$U$500"),"Pass"),0)) | AL11: =IF($D11="","",IFERROR(COUNTIF(INDIRECT("'"&$D11&"'!$U$7:$U$500"),"Fail"),0)) | AM11: =IF($D11="","",IFERROR(COUNTIF(INDIRECT("'"&$D11&"'!$U$7:$U$500"),"Block"),0)) | AN11: =IF($D11="","",IFERROR(COUNTIF(INDIRECT("'"&$D11&"'!$U$7:$U$500"),"N/A"),0)) | AO11: =IF($D11="","",IFERROR(COUNTIF(INDIRECT("'"&$D11&"'!$Z$7:$Z$500"),"<>"),0)) | AP11: =IF($D11="","",IFERROR(COUNTIF(INDIRECT("'"&$D11&"'!$Z$7:$Z$500"),"Pass"),0)) | AQ11: =IF($D11="","",IFERROR(COUNTIF(INDIRECT("'"&$D11&"'!$Z$7:$Z$500"),"Fail"),0)) | AR11: =IF($D11="","",IFERROR(COUNTIF(INDIRECT("'"&$D11&"'!$Z$7:$Z$500"),"Block"),0)) | AS11: =IF($D11="","",IFERROR(COUNTIF(INDIRECT("'"&$D11&"'!$Z$7:$Z$500"),"N/A"),0)) | AT11: =IF($D11="","",IFERROR(COUNTIF(INDIRECT("'"&$D11&"'!$AE$7:$AE$500"),"<>"),0)) | AU11: =IF($D11="","",IFERROR(COUNTIF(INDIRECT("'"&$D11&"'!$AE$7:$AE$500"),"Pass"),0)) | AV11: =IF($D11="","",IFERROR(COUNTIF(INDIRECT("'"&$D11&"'!$AE$7:$AE$500"),"Fail"),0)) | AW11: =IF($D11="","",IFERROR(COUNTIF(INDIRECT("'"&$D11&"'!$AE$7:$AE$500"),"Block"),0)) | AX11: =IF($D11="","",IFERROR(COUNTIF(INDIRECT("'"&$D11&"'!$AE$7:$AE$500"),"N/A"),0)) | AY11: =IF($D11="","",IFERROR(COUNTIF(INDIRECT("'"&$D11&"'!$AJ$7:$AJ$500"),"<>"),0)) | AZ11: =IF($D11="","",IFERROR(COUNTIF(INDIRECT("'"&$D11&"'!$AJ$7:$AJ$500"),"Pass"),0)) | BA11: =IF($D11="","",IFERROR(COUNTIF(INDIRECT("'"&$D11&"'!$AJ$7:$AJ$500"),"Fail"),0)) | BB11: =IF($D11="","",IFERROR(COUNTIF(INDIRECT("'"&$D11&"'!$AJ$7:$AJ$500"),"Block"),0)) | BC11: =IF($D11="","",IFERROR(COUNTIF(INDIRECT("'"&$D11&"'!$AJ$7:$AJ$500"),"N/A"),0))
B12: =IF($D12="","",ROW()-3) | F12: =IF($D12="","",IFERROR(COUNTIF(INDIRECT("'"&$D12&"'!$A$7:$A$500"),"?*"),0)) | G12: =IF($D12="","",IFERROR(COUNTIF(INDIRECT("'"&$D12&"'!$AO$7:$AO$500"),"Pass"),0)) | H12: =IF($D12="","",IFERROR(COUNTIF(INDIRECT("'"&$D12&"'!$AO$7:$AO$500"),"Fail"),0)) | I12: =IF($D12="","",IFERROR(COUNTIF(INDIRECT("'"&$D12&"'!$AO$7:$AO$500"),"Block"),0)) | J12: =IF($D12="","",IFERROR(COUNTIF(INDIRECT("'"&$D12&"'!$AO$7:$AO$500"),"N/A"),0)) | K12: =IF($D12="","",MAX(0,$F12-$G12-$H12-$I12-$J12)) | L12: =IF($D12="","",$G12+$H12+$I12+$J12) | M12: =IF($D12="","",IFERROR($L12/$F12,0)) | N12: =IF($D12="","",IFERROR($G12/$L12,0)) | O12: =IF($D12="","",IFERROR(COUNTIF(INDIRECT("'"&$D12&"'!$E$7:$E$500"),"High"),0)) | P12: =IF($D12="","",IFERROR(COUNTIF(INDIRECT("'"&$D12&"'!$E$7:$E$500"),"Medium"),0)) | Q12: =IF($D12="","",IFERROR(COUNTIF(INDIRECT("'"&$D12&"'!$E$7:$E$500"),"Low"),0)) | R12: =IF($D12="","",IFERROR(COUNTIF(INDIRECT("'"&$D12&"'!$D$7:$D$500"),"Functional"),0)) | S12: =IF($D12="","",IFERROR(COUNTIF(INDIRECT("'"&$D12&"'!$D$7:$D$500"),"UI"),0)) | T12: =IF($D12="","",IFERROR(COUNTIF(INDIRECT("'"&$D12&"'!$D$7:$D$500"),"Integration"),0)) | U12: =IF($D12="","",IFERROR(COUNTIF(INDIRECT("'"&$D12&"'!$D$7:$D$500"),"Database Test Case"),0)) | V12: =IF($D12="","",IFERROR(COUNTIF(INDIRECT("'"&$D12&"'!$J$7:$J$500"),"AI"),0)) | W12: =IF($D12="","",IFERROR(COUNTIF(INDIRECT("'"&$D12&"'!$J$7:$J$500"),"QC"),0)) | X12: =IF($D12="","",IFERROR(COUNTIF(INDIRECT("'"&$D12&"'!$L$7:$L$500"),"Yes"),0)) | Y12: =IF($D12="","",IFERROR(COUNTIF(INDIRECT("'"&$D12&"'!$AM$7:$AM$500"),"Yes"),0)) | Z12: =IF($D12="","",IFERROR(COUNTIF(INDIRECT("'"&$D12&"'!$AN$7:$AN$500"),"Pass"),0)) | AA12: =IF($D12="","",IFERROR(COUNTIF(INDIRECT("'"&$D12&"'!$K$7:$K$500"),"Reviewed"),0)) | AB12: =IF($D12="","",IFERROR(COUNTIFS(INDIRECT("'"&$D12&"'!$E$7:$E$500"),"High",INDIRECT("'"&$D12&"'!$AO$7:$AO$500"),"<>"),0)) | AC12: =IF($D12="","",IFERROR(COUNTIFS(INDIRECT("'"&$D12&"'!$E$7:$E$500"),"Medium",INDIRECT("'"&$D12&"'!$AO$7:$AO$500"),"<>"),0)) | AD12: =IF($D12="","",IFERROR(COUNTIFS(INDIRECT("'"&$D12&"'!$E$7:$E$500"),"Low",INDIRECT("'"&$D12&"'!$AO$7:$AO$500"),"<>"),0)) | AE12: =IF($D12="","",IFERROR(COUNTIF(INDIRECT("'"&$D12&"'!$P$7:$P$500"),"<>"),0)) | AF12: =IF($D12="","",IFERROR(COUNTIF(INDIRECT("'"&$D12&"'!$P$7:$P$500"),"Pass"),0)) | AG12: =IF($D12="","",IFERROR(COUNTIF(INDIRECT("'"&$D12&"'!$P$7:$P$500"),"Fail"),0)) | AH12: =IF($D12="","",IFERROR(COUNTIF(INDIRECT("'"&$D12&"'!$P$7:$P$500"),"Block"),0)) | AI12: =IF($D12="","",IFERROR(COUNTIF(INDIRECT("'"&$D12&"'!$P$7:$P$500"),"N/A"),0)) | AJ12: =IF($D12="","",IFERROR(COUNTIF(INDIRECT("'"&$D12&"'!$U$7:$U$500"),"<>"),0)) | AK12: =IF($D12="","",IFERROR(COUNTIF(INDIRECT("'"&$D12&"'!$U$7:$U$500"),"Pass"),0)) | AL12: =IF($D12="","",IFERROR(COUNTIF(INDIRECT("'"&$D12&"'!$U$7:$U$500"),"Fail"),0)) | AM12: =IF($D12="","",IFERROR(COUNTIF(INDIRECT("'"&$D12&"'!$U$7:$U$500"),"Block"),0)) | AN12: =IF($D12="","",IFERROR(COUNTIF(INDIRECT("'"&$D12&"'!$U$7:$U$500"),"N/A"),0)) | AO12: =IF($D12="","",IFERROR(COUNTIF(INDIRECT("'"&$D12&"'!$Z$7:$Z$500"),"<>"),0)) | AP12: =IF($D12="","",IFERROR(COUNTIF(INDIRECT("'"&$D12&"'!$Z$7:$Z$500"),"Pass"),0)) | AQ12: =IF($D12="","",IFERROR(COUNTIF(INDIRECT("'"&$D12&"'!$Z$7:$Z$500"),"Fail"),0)) | AR12: =IF($D12="","",IFERROR(COUNTIF(INDIRECT("'"&$D12&"'!$Z$7:$Z$500"),"Block"),0)) | AS12: =IF($D12="","",IFERROR(COUNTIF(INDIRECT("'"&$D12&"'!$Z$7:$Z$500"),"N/A"),0)) | AT12: =IF($D12="","",IFERROR(COUNTIF(INDIRECT("'"&$D12&"'!$AE$7:$AE$500"),"<>"),0)) | AU12: =IF($D12="","",IFERROR(COUNTIF(INDIRECT("'"&$D12&"'!$AE$7:$AE$500"),"Pass"),0)) | AV12: =IF($D12="","",IFERROR(COUNTIF(INDIRECT("'"&$D12&"'!$AE$7:$AE$500"),"Fail"),0)) | AW12: =IF($D12="","",IFERROR(COUNTIF(INDIRECT("'"&$D12&"'!$AE$7:$AE$500"),"Block"),0)) | AX12: =IF($D12="","",IFERROR(COUNTIF(INDIRECT("'"&$D12&"'!$AE$7:$AE$500"),"N/A"),0)) | AY12: =IF($D12="","",IFERROR(COUNTIF(INDIRECT("'"&$D12&"'!$AJ$7:$AJ$500"),"<>"),0)) | AZ12: =IF($D12="","",IFERROR(COUNTIF(INDIRECT("'"&$D12&"'!$AJ$7:$AJ$500"),"Pass"),0)) | BA12: =IF($D12="","",IFERROR(COUNTIF(INDIRECT("'"&$D12&"'!$AJ$7:$AJ$500"),"Fail"),0)) | BB12: =IF($D12="","",IFERROR(COUNTIF(INDIRECT("'"&$D12&"'!$AJ$7:$AJ$500"),"Block"),0)) | BC12: =IF($D12="","",IFERROR(COUNTIF(INDIRECT("'"&$D12&"'!$AJ$7:$AJ$500"),"N/A"),0))
B13: =IF($D13="","",ROW()-3) | F13: =IF($D13="","",IFERROR(COUNTIF(INDIRECT("'"&$D13&"'!$A$7:$A$500"),"?*"),0)) | G13: =IF($D13="","",IFERROR(COUNTIF(INDIRECT("'"&$D13&"'!$AO$7:$AO$500"),"Pass"),0)) | H13: =IF($D13="","",IFERROR(COUNTIF(INDIRECT("'"&$D13&"'!$AO$7:$AO$500"),"Fail"),0)) | I13: =IF($D13="","",IFERROR(COUNTIF(INDIRECT("'"&$D13&"'!$AO$7:$AO$500"),"Block"),0)) | J13: =IF($D13="","",IFERROR(COUNTIF(INDIRECT("'"&$D13&"'!$AO$7:$AO$500"),"N/A"),0)) | K13: =IF($D13="","",MAX(0,$F13-$G13-$H13-$I13-$J13)) | L13: =IF($D13="","",$G13+$H13+$I13+$J13) | M13: =IF($D13="","",IFERROR($L13/$F13,0)) | N13: =IF($D13="","",IFERROR($G13/$L13,0)) | O13: =IF($D13="","",IFERROR(COUNTIF(INDIRECT("'"&$D13&"'!$E$7:$E$500"),"High"),0)) | P13: =IF($D13="","",IFERROR(COUNTIF(INDIRECT("'"&$D13&"'!$E$7:$E$500"),"Medium"),0)) | Q13: =IF($D13="","",IFERROR(COUNTIF(INDIRECT("'"&$D13&"'!$E$7:$E$500"),"Low"),0)) | R13: =IF($D13="","",IFERROR(COUNTIF(INDIRECT("'"&$D13&"'!$D$7:$D$500"),"Functional"),0)) | S13: =IF($D13="","",IFERROR(COUNTIF(INDIRECT("'"&$D13&"'!$D$7:$D$500"),"UI"),0)) | T13: =IF($D13="","",IFERROR(COUNTIF(INDIRECT("'"&$D13&"'!$D$7:$D$500"),"Integration"),0)) | U13: =IF($D13="","",IFERROR(COUNTIF(INDIRECT("'"&$D13&"'!$D$7:$D$500"),"Database Test Case"),0)) | V13: =IF($D13="","",IFERROR(COUNTIF(INDIRECT("'"&$D13&"'!$J$7:$J$500"),"AI"),0)) | W13: =IF($D13="","",IFERROR(COUNTIF(INDIRECT("'"&$D13&"'!$J$7:$J$500"),"QC"),0)) | X13: =IF($D13="","",IFERROR(COUNTIF(INDIRECT("'"&$D13&"'!$L$7:$L$500"),"Yes"),0)) | Y13: =IF($D13="","",IFERROR(COUNTIF(INDIRECT("'"&$D13&"'!$AM$7:$AM$500"),"Yes"),0)) | Z13: =IF($D13="","",IFERROR(COUNTIF(INDIRECT("'"&$D13&"'!$AN$7:$AN$500"),"Pass"),0)) | AA13: =IF($D13="","",IFERROR(COUNTIF(INDIRECT("'"&$D13&"'!$K$7:$K$500"),"Reviewed"),0)) | AB13: =IF($D13="","",IFERROR(COUNTIFS(INDIRECT("'"&$D13&"'!$E$7:$E$500"),"High",INDIRECT("'"&$D13&"'!$AO$7:$AO$500"),"<>"),0)) | AC13: =IF($D13="","",IFERROR(COUNTIFS(INDIRECT("'"&$D13&"'!$E$7:$E$500"),"Medium",INDIRECT("'"&$D13&"'!$AO$7:$AO$500"),"<>"),0)) | AD13: =IF($D13="","",IFERROR(COUNTIFS(INDIRECT("'"&$D13&"'!$E$7:$E$500"),"Low",INDIRECT("'"&$D13&"'!$AO$7:$AO$500"),"<>"),0)) | AE13: =IF($D13="","",IFERROR(COUNTIF(INDIRECT("'"&$D13&"'!$P$7:$P$500"),"<>"),0)) | AF13: =IF($D13="","",IFERROR(COUNTIF(INDIRECT("'"&$D13&"'!$P$7:$P$500"),"Pass"),0)) | AG13: =IF($D13="","",IFERROR(COUNTIF(INDIRECT("'"&$D13&"'!$P$7:$P$500"),"Fail"),0)) | AH13: =IF($D13="","",IFERROR(COUNTIF(INDIRECT("'"&$D13&"'!$P$7:$P$500"),"Block"),0)) | AI13: =IF($D13="","",IFERROR(COUNTIF(INDIRECT("'"&$D13&"'!$P$7:$P$500"),"N/A"),0)) | AJ13: =IF($D13="","",IFERROR(COUNTIF(INDIRECT("'"&$D13&"'!$U$7:$U$500"),"<>"),0)) | AK13: =IF($D13="","",IFERROR(COUNTIF(INDIRECT("'"&$D13&"'!$U$7:$U$500"),"Pass"),0)) | AL13: =IF($D13="","",IFERROR(COUNTIF(INDIRECT("'"&$D13&"'!$U$7:$U$500"),"Fail"),0)) | AM13: =IF($D13="","",IFERROR(COUNTIF(INDIRECT("'"&$D13&"'!$U$7:$U$500"),"Block"),0)) | AN13: =IF($D13="","",IFERROR(COUNTIF(INDIRECT("'"&$D13&"'!$U$7:$U$500"),"N/A"),0)) | AO13: =IF($D13="","",IFERROR(COUNTIF(INDIRECT("'"&$D13&"'!$Z$7:$Z$500"),"<>"),0)) | AP13: =IF($D13="","",IFERROR(COUNTIF(INDIRECT("'"&$D13&"'!$Z$7:$Z$500"),"Pass"),0)) | AQ13: =IF($D13="","",IFERROR(COUNTIF(INDIRECT("'"&$D13&"'!$Z$7:$Z$500"),"Fail"),0)) | AR13: =IF($D13="","",IFERROR(COUNTIF(INDIRECT("'"&$D13&"'!$Z$7:$Z$500"),"Block"),0)) | AS13: =IF($D13="","",IFERROR(COUNTIF(INDIRECT("'"&$D13&"'!$Z$7:$Z$500"),"N/A"),0)) | AT13: =IF($D13="","",IFERROR(COUNTIF(INDIRECT("'"&$D13&"'!$AE$7:$AE$500"),"<>"),0)) | AU13: =IF($D13="","",IFERROR(COUNTIF(INDIRECT("'"&$D13&"'!$AE$7:$AE$500"),"Pass"),0)) | AV13: =IF($D13="","",IFERROR(COUNTIF(INDIRECT("'"&$D13&"'!$AE$7:$AE$500"),"Fail"),0)) | AW13: =IF($D13="","",IFERROR(COUNTIF(INDIRECT("'"&$D13&"'!$AE$7:$AE$500"),"Block"),0)) | AX13: =IF($D13="","",IFERROR(COUNTIF(INDIRECT("'"&$D13&"'!$AE$7:$AE$500"),"N/A"),0)) | AY13: =IF($D13="","",IFERROR(COUNTIF(INDIRECT("'"&$D13&"'!$AJ$7:$AJ$500"),"<>"),0)) | AZ13: =IF($D13="","",IFERROR(COUNTIF(INDIRECT("'"&$D13&"'!$AJ$7:$AJ$500"),"Pass"),0)) | BA13: =IF($D13="","",IFERROR(COUNTIF(INDIRECT("'"&$D13&"'!$AJ$7:$AJ$500"),"Fail"),0)) | BB13: =IF($D13="","",IFERROR(COUNTIF(INDIRECT("'"&$D13&"'!$AJ$7:$AJ$500"),"Block"),0)) | BC13: =IF($D13="","",IFERROR(COUNTIF(INDIRECT("'"&$D13&"'!$AJ$7:$AJ$500"),"N/A"),0))
B14: =IF($D14="","",ROW()-3) | F14: =IF($D14="","",IFERROR(COUNTIF(INDIRECT("'"&$D14&"'!$A$7:$A$500"),"?*"),0)) | G14: =IF($D14="","",IFERROR(COUNTIF(INDIRECT("'"&$D14&"'!$AO$7:$AO$500"),"Pass"),0)) | H14: =IF($D14="","",IFERROR(COUNTIF(INDIRECT("'"&$D14&"'!$AO$7:$AO$500"),"Fail"),0)) | I14: =IF($D14="","",IFERROR(COUNTIF(INDIRECT("'"&$D14&"'!$AO$7:$AO$500"),"Block"),0)) | J14: =IF($D14="","",IFERROR(COUNTIF(INDIRECT("'"&$D14&"'!$AO$7:$AO$500"),"N/A"),0)) | K14: =IF($D14="","",MAX(0,$F14-$G14-$H14-$I14-$J14)) | L14: =IF($D14="","",$G14+$H14+$I14+$J14) | M14: =IF($D14="","",IFERROR($L14/$F14,0)) | N14: =IF($D14="","",IFERROR($G14/$L14,0)) | O14: =IF($D14="","",IFERROR(COUNTIF(INDIRECT("'"&$D14&"'!$E$7:$E$500"),"High"),0)) | P14: =IF($D14="","",IFERROR(COUNTIF(INDIRECT("'"&$D14&"'!$E$7:$E$500"),"Medium"),0)) | Q14: =IF($D14="","",IFERROR(COUNTIF(INDIRECT("'"&$D14&"'!$E$7:$E$500"),"Low"),0)) | R14: =IF($D14="","",IFERROR(COUNTIF(INDIRECT("'"&$D14&"'!$D$7:$D$500"),"Functional"),0)) | S14: =IF($D14="","",IFERROR(COUNTIF(INDIRECT("'"&$D14&"'!$D$7:$D$500"),"UI"),0)) | T14: =IF($D14="","",IFERROR(COUNTIF(INDIRECT("'"&$D14&"'!$D$7:$D$500"),"Integration"),0)) | U14: =IF($D14="","",IFERROR(COUNTIF(INDIRECT("'"&$D14&"'!$D$7:$D$500"),"Database Test Case"),0)) | V14: =IF($D14="","",IFERROR(COUNTIF(INDIRECT("'"&$D14&"'!$J$7:$J$500"),"AI"),0)) | W14: =IF($D14="","",IFERROR(COUNTIF(INDIRECT("'"&$D14&"'!$J$7:$J$500"),"QC"),0)) | X14: =IF($D14="","",IFERROR(COUNTIF(INDIRECT("'"&$D14&"'!$L$7:$L$500"),"Yes"),0)) | Y14: =IF($D14="","",IFERROR(COUNTIF(INDIRECT("'"&$D14&"'!$AM$7:$AM$500"),"Yes"),0)) | Z14: =IF($D14="","",IFERROR(COUNTIF(INDIRECT("'"&$D14&"'!$AN$7:$AN$500"),"Pass"),0)) | AA14: =IF($D14="","",IFERROR(COUNTIF(INDIRECT("'"&$D14&"'!$K$7:$K$500"),"Reviewed"),0)) | AB14: =IF($D14="","",IFERROR(COUNTIFS(INDIRECT("'"&$D14&"'!$E$7:$E$500"),"High",INDIRECT("'"&$D14&"'!$AO$7:$AO$500"),"<>"),0)) | AC14: =IF($D14="","",IFERROR(COUNTIFS(INDIRECT("'"&$D14&"'!$E$7:$E$500"),"Medium",INDIRECT("'"&$D14&"'!$AO$7:$AO$500"),"<>"),0)) | AD14: =IF($D14="","",IFERROR(COUNTIFS(INDIRECT("'"&$D14&"'!$E$7:$E$500"),"Low",INDIRECT("'"&$D14&"'!$AO$7:$AO$500"),"<>"),0)) | AE14: =IF($D14="","",IFERROR(COUNTIF(INDIRECT("'"&$D14&"'!$P$7:$P$500"),"<>"),0)) | AF14: =IF($D14="","",IFERROR(COUNTIF(INDIRECT("'"&$D14&"'!$P$7:$P$500"),"Pass"),0)) | AG14: =IF($D14="","",IFERROR(COUNTIF(INDIRECT("'"&$D14&"'!$P$7:$P$500"),"Fail"),0)) | AH14: =IF($D14="","",IFERROR(COUNTIF(INDIRECT("'"&$D14&"'!$P$7:$P$500"),"Block"),0)) | AI14: =IF($D14="","",IFERROR(COUNTIF(INDIRECT("'"&$D14&"'!$P$7:$P$500"),"N/A"),0)) | AJ14: =IF($D14="","",IFERROR(COUNTIF(INDIRECT("'"&$D14&"'!$U$7:$U$500"),"<>"),0)) | AK14: =IF($D14="","",IFERROR(COUNTIF(INDIRECT("'"&$D14&"'!$U$7:$U$500"),"Pass"),0)) | AL14: =IF($D14="","",IFERROR(COUNTIF(INDIRECT("'"&$D14&"'!$U$7:$U$500"),"Fail"),0)) | AM14: =IF($D14="","",IFERROR(COUNTIF(INDIRECT("'"&$D14&"'!$U$7:$U$500"),"Block"),0)) | AN14: =IF($D14="","",IFERROR(COUNTIF(INDIRECT("'"&$D14&"'!$U$7:$U$500"),"N/A"),0)) | AO14: =IF($D14="","",IFERROR(COUNTIF(INDIRECT("'"&$D14&"'!$Z$7:$Z$500"),"<>"),0)) | AP14: =IF($D14="","",IFERROR(COUNTIF(INDIRECT("'"&$D14&"'!$Z$7:$Z$500"),"Pass"),0)) | AQ14: =IF($D14="","",IFERROR(COUNTIF(INDIRECT("'"&$D14&"'!$Z$7:$Z$500"),"Fail"),0)) | AR14: =IF($D14="","",IFERROR(COUNTIF(INDIRECT("'"&$D14&"'!$Z$7:$Z$500"),"Block"),0)) | AS14: =IF($D14="","",IFERROR(COUNTIF(INDIRECT("'"&$D14&"'!$Z$7:$Z$500"),"N/A"),0)) | AT14: =IF($D14="","",IFERROR(COUNTIF(INDIRECT("'"&$D14&"'!$AE$7:$AE$500"),"<>"),0)) | AU14: =IF($D14="","",IFERROR(COUNTIF(INDIRECT("'"&$D14&"'!$AE$7:$AE$500"),"Pass"),0)) | AV14: =IF($D14="","",IFERROR(COUNTIF(INDIRECT("'"&$D14&"'!$AE$7:$AE$500"),"Fail"),0)) | AW14: =IF($D14="","",IFERROR(COUNTIF(INDIRECT("'"&$D14&"'!$AE$7:$AE$500"),"Block"),0)) | AX14: =IF($D14="","",IFERROR(COUNTIF(INDIRECT("'"&$D14&"'!$AE$7:$AE$500"),"N/A"),0)) | AY14: =IF($D14="","",IFERROR(COUNTIF(INDIRECT("'"&$D14&"'!$AJ$7:$AJ$500"),"<>"),0)) | AZ14: =IF($D14="","",IFERROR(COUNTIF(INDIRECT("'"&$D14&"'!$AJ$7:$AJ$500"),"Pass"),0)) | BA14: =IF($D14="","",IFERROR(COUNTIF(INDIRECT("'"&$D14&"'!$AJ$7:$AJ$500"),"Fail"),0)) | BB14: =IF($D14="","",IFERROR(COUNTIF(INDIRECT("'"&$D14&"'!$AJ$7:$AJ$500"),"Block"),0)) | BC14: =IF($D14="","",IFERROR(COUNTIF(INDIRECT("'"&$D14&"'!$AJ$7:$AJ$500"),"N/A"),0))
B15: =IF($D15="","",ROW()-3) | F15: =IF($D15="","",IFERROR(COUNTIF(INDIRECT("'"&$D15&"'!$A$7:$A$500"),"?*"),0)) | G15: =IF($D15="","",IFERROR(COUNTIF(INDIRECT("'"&$D15&"'!$AO$7:$AO$500"),"Pass"),0)) | H15: =IF($D15="","",IFERROR(COUNTIF(INDIRECT("'"&$D15&"'!$AO$7:$AO$500"),"Fail"),0)) | I15: =IF($D15="","",IFERROR(COUNTIF(INDIRECT("'"&$D15&"'!$AO$7:$AO$500"),"Block"),0)) | J15: =IF($D15="","",IFERROR(COUNTIF(INDIRECT("'"&$D15&"'!$AO$7:$AO$500"),"N/A"),0)) | K15: =IF($D15="","",MAX(0,$F15-$G15-$H15-$I15-$J15)) | L15: =IF($D15="","",$G15+$H15+$I15+$J15) | M15: =IF($D15="","",IFERROR($L15/$F15,0)) | N15: =IF($D15="","",IFERROR($G15/$L15,0)) | O15: =IF($D15="","",IFERROR(COUNTIF(INDIRECT("'"&$D15&"'!$E$7:$E$500"),"High"),0)) | P15: =IF($D15="","",IFERROR(COUNTIF(INDIRECT("'"&$D15&"'!$E$7:$E$500"),"Medium"),0)) | Q15: =IF($D15="","",IFERROR(COUNTIF(INDIRECT("'"&$D15&"'!$E$7:$E$500"),"Low"),0)) | R15: =IF($D15="","",IFERROR(COUNTIF(INDIRECT("'"&$D15&"'!$D$7:$D$500"),"Functional"),0)) | S15: =IF($D15="","",IFERROR(COUNTIF(INDIRECT("'"&$D15&"'!$D$7:$D$500"),"UI"),0)) | T15: =IF($D15="","",IFERROR(COUNTIF(INDIRECT("'"&$D15&"'!$D$7:$D$500"),"Integration"),0)) | U15: =IF($D15="","",IFERROR(COUNTIF(INDIRECT("'"&$D15&"'!$D$7:$D$500"),"Database Test Case"),0)) | V15: =IF($D15="","",IFERROR(COUNTIF(INDIRECT("'"&$D15&"'!$J$7:$J$500"),"AI"),0)) | W15: =IF($D15="","",IFERROR(COUNTIF(INDIRECT("'"&$D15&"'!$J$7:$J$500"),"QC"),0)) | X15: =IF($D15="","",IFERROR(COUNTIF(INDIRECT("'"&$D15&"'!$L$7:$L$500"),"Yes"),0)) | Y15: =IF($D15="","",IFERROR(COUNTIF(INDIRECT("'"&$D15&"'!$AM$7:$AM$500"),"Yes"),0)) | Z15: =IF($D15="","",IFERROR(COUNTIF(INDIRECT("'"&$D15&"'!$AN$7:$AN$500"),"Pass"),0)) | AA15: =IF($D15="","",IFERROR(COUNTIF(INDIRECT("'"&$D15&"'!$K$7:$K$500"),"Reviewed"),0)) | AB15: =IF($D15="","",IFERROR(COUNTIFS(INDIRECT("'"&$D15&"'!$E$7:$E$500"),"High",INDIRECT("'"&$D15&"'!$AO$7:$AO$500"),"<>"),0)) | AC15: =IF($D15="","",IFERROR(COUNTIFS(INDIRECT("'"&$D15&"'!$E$7:$E$500"),"Medium",INDIRECT("'"&$D15&"'!$AO$7:$AO$500"),"<>"),0)) | AD15: =IF($D15="","",IFERROR(COUNTIFS(INDIRECT("'"&$D15&"'!$E$7:$E$500"),"Low",INDIRECT("'"&$D15&"'!$AO$7:$AO$500"),"<>"),0)) | AE15: =IF($D15="","",IFERROR(COUNTIF(INDIRECT("'"&$D15&"'!$P$7:$P$500"),"<>"),0)) | AF15: =IF($D15="","",IFERROR(COUNTIF(INDIRECT("'"&$D15&"'!$P$7:$P$500"),"Pass"),0)) | AG15: =IF($D15="","",IFERROR(COUNTIF(INDIRECT("'"&$D15&"'!$P$7:$P$500"),"Fail"),0)) | AH15: =IF($D15="","",IFERROR(COUNTIF(INDIRECT("'"&$D15&"'!$P$7:$P$500"),"Block"),0)) | AI15: =IF($D15="","",IFERROR(COUNTIF(INDIRECT("'"&$D15&"'!$P$7:$P$500"),"N/A"),0)) | AJ15: =IF($D15="","",IFERROR(COUNTIF(INDIRECT("'"&$D15&"'!$U$7:$U$500"),"<>"),0)) | AK15: =IF($D15="","",IFERROR(COUNTIF(INDIRECT("'"&$D15&"'!$U$7:$U$500"),"Pass"),0)) | AL15: =IF($D15="","",IFERROR(COUNTIF(INDIRECT("'"&$D15&"'!$U$7:$U$500"),"Fail"),0)) | AM15: =IF($D15="","",IFERROR(COUNTIF(INDIRECT("'"&$D15&"'!$U$7:$U$500"),"Block"),0)) | AN15: =IF($D15="","",IFERROR(COUNTIF(INDIRECT("'"&$D15&"'!$U$7:$U$500"),"N/A"),0)) | AO15: =IF($D15="","",IFERROR(COUNTIF(INDIRECT("'"&$D15&"'!$Z$7:$Z$500"),"<>"),0)) | AP15: =IF($D15="","",IFERROR(COUNTIF(INDIRECT("'"&$D15&"'!$Z$7:$Z$500"),"Pass"),0)) | AQ15: =IF($D15="","",IFERROR(COUNTIF(INDIRECT("'"&$D15&"'!$Z$7:$Z$500"),"Fail"),0)) | AR15: =IF($D15="","",IFERROR(COUNTIF(INDIRECT("'"&$D15&"'!$Z$7:$Z$500"),"Block"),0)) | AS15: =IF($D15="","",IFERROR(COUNTIF(INDIRECT("'"&$D15&"'!$Z$7:$Z$500"),"N/A"),0)) | AT15: =IF($D15="","",IFERROR(COUNTIF(INDIRECT("'"&$D15&"'!$AE$7:$AE$500"),"<>"),0)) | AU15: =IF($D15="","",IFERROR(COUNTIF(INDIRECT("'"&$D15&"'!$AE$7:$AE$500"),"Pass"),0)) | AV15: =IF($D15="","",IFERROR(COUNTIF(INDIRECT("'"&$D15&"'!$AE$7:$AE$500"),"Fail"),0)) | AW15: =IF($D15="","",IFERROR(COUNTIF(INDIRECT("'"&$D15&"'!$AE$7:$AE$500"),"Block"),0)) | AX15: =IF($D15="","",IFERROR(COUNTIF(INDIRECT("'"&$D15&"'!$AE$7:$AE$500"),"N/A"),0)) | AY15: =IF($D15="","",IFERROR(COUNTIF(INDIRECT("'"&$D15&"'!$AJ$7:$AJ$500"),"<>"),0)) | AZ15: =IF($D15="","",IFERROR(COUNTIF(INDIRECT("'"&$D15&"'!$AJ$7:$AJ$500"),"Pass"),0)) | BA15: =IF($D15="","",IFERROR(COUNTIF(INDIRECT("'"&$D15&"'!$AJ$7:$AJ$500"),"Fail"),0)) | BB15: =IF($D15="","",IFERROR(COUNTIF(INDIRECT("'"&$D15&"'!$AJ$7:$AJ$500"),"Block"),0)) | BC15: =IF($D15="","",IFERROR(COUNTIF(INDIRECT("'"&$D15&"'!$AJ$7:$AJ$500"),"N/A"),0))
B16: =IF($D16="","",ROW()-3) | F16: =IF($D16="","",IFERROR(COUNTIF(INDIRECT("'"&$D16&"'!$A$7:$A$500"),"?*"),0)) | G16: =IF($D16="","",IFERROR(COUNTIF(INDIRECT("'"&$D16&"'!$AO$7:$AO$500"),"Pass"),0)) | H16: =IF($D16="","",IFERROR(COUNTIF(INDIRECT("'"&$D16&"'!$AO$7:$AO$500"),"Fail"),0)) | I16: =IF($D16="","",IFERROR(COUNTIF(INDIRECT("'"&$D16&"'!$AO$7:$AO$500"),"Block"),0)) | J16: =IF($D16="","",IFERROR(COUNTIF(INDIRECT("'"&$D16&"'!$AO$7:$AO$500"),"N/A"),0)) | K16: =IF($D16="","",MAX(0,$F16-$G16-$H16-$I16-$J16)) | L16: =IF($D16="","",$G16+$H16+$I16+$J16) | M16: =IF($D16="","",IFERROR($L16/$F16,0)) | N16: =IF($D16="","",IFERROR($G16/$L16,0)) | O16: =IF($D16="","",IFERROR(COUNTIF(INDIRECT("'"&$D16&"'!$E$7:$E$500"),"High"),0)) | P16: =IF($D16="","",IFERROR(COUNTIF(INDIRECT("'"&$D16&"'!$E$7:$E$500"),"Medium"),0)) | Q16: =IF($D16="","",IFERROR(COUNTIF(INDIRECT("'"&$D16&"'!$E$7:$E$500"),"Low"),0)) | R16: =IF($D16="","",IFERROR(COUNTIF(INDIRECT("'"&$D16&"'!$D$7:$D$500"),"Functional"),0)) | S16: =IF($D16="","",IFERROR(COUNTIF(INDIRECT("'"&$D16&"'!$D$7:$D$500"),"UI"),0)) | T16: =IF($D16="","",IFERROR(COUNTIF(INDIRECT("'"&$D16&"'!$D$7:$D$500"),"Integration"),0)) | U16: =IF($D16="","",IFERROR(COUNTIF(INDIRECT("'"&$D16&"'!$D$7:$D$500"),"Database Test Case"),0)) | V16: =IF($D16="","",IFERROR(COUNTIF(INDIRECT("'"&$D16&"'!$J$7:$J$500"),"AI"),0)) | W16: =IF($D16="","",IFERROR(COUNTIF(INDIRECT("'"&$D16&"'!$J$7:$J$500"),"QC"),0)) | X16: =IF($D16="","",IFERROR(COUNTIF(INDIRECT("'"&$D16&"'!$L$7:$L$500"),"Yes"),0)) | Y16: =IF($D16="","",IFERROR(COUNTIF(INDIRECT("'"&$D16&"'!$AM$7:$AM$500"),"Yes"),0)) | Z16: =IF($D16="","",IFERROR(COUNTIF(INDIRECT("'"&$D16&"'!$AN$7:$AN$500"),"Pass"),0)) | AA16: =IF($D16="","",IFERROR(COUNTIF(INDIRECT("'"&$D16&"'!$K$7:$K$500"),"Reviewed"),0)) | AB16: =IF($D16="","",IFERROR(COUNTIFS(INDIRECT("'"&$D16&"'!$E$7:$E$500"),"High",INDIRECT("'"&$D16&"'!$AO$7:$AO$500"),"<>"),0)) | AC16: =IF($D16="","",IFERROR(COUNTIFS(INDIRECT("'"&$D16&"'!$E$7:$E$500"),"Medium",INDIRECT("'"&$D16&"'!$AO$7:$AO$500"),"<>"),0)) | AD16: =IF($D16="","",IFERROR(COUNTIFS(INDIRECT("'"&$D16&"'!$E$7:$E$500"),"Low",INDIRECT("'"&$D16&"'!$AO$7:$AO$500"),"<>"),0)) | AE16: =IF($D16="","",IFERROR(COUNTIF(INDIRECT("'"&$D16&"'!$P$7:$P$500"),"<>"),0)) | AF16: =IF($D16="","",IFERROR(COUNTIF(INDIRECT("'"&$D16&"'!$P$7:$P$500"),"Pass"),0)) | AG16: =IF($D16="","",IFERROR(COUNTIF(INDIRECT("'"&$D16&"'!$P$7:$P$500"),"Fail"),0)) | AH16: =IF($D16="","",IFERROR(COUNTIF(INDIRECT("'"&$D16&"'!$P$7:$P$500"),"Block"),0)) | AI16: =IF($D16="","",IFERROR(COUNTIF(INDIRECT("'"&$D16&"'!$P$7:$P$500"),"N/A"),0)) | AJ16: =IF($D16="","",IFERROR(COUNTIF(INDIRECT("'"&$D16&"'!$U$7:$U$500"),"<>"),0)) | AK16: =IF($D16="","",IFERROR(COUNTIF(INDIRECT("'"&$D16&"'!$U$7:$U$500"),"Pass"),0)) | AL16: =IF($D16="","",IFERROR(COUNTIF(INDIRECT("'"&$D16&"'!$U$7:$U$500"),"Fail"),0)) | AM16: =IF($D16="","",IFERROR(COUNTIF(INDIRECT("'"&$D16&"'!$U$7:$U$500"),"Block"),0)) | AN16: =IF($D16="","",IFERROR(COUNTIF(INDIRECT("'"&$D16&"'!$U$7:$U$500"),"N/A"),0)) | AO16: =IF($D16="","",IFERROR(COUNTIF(INDIRECT("'"&$D16&"'!$Z$7:$Z$500"),"<>"),0)) | AP16: =IF($D16="","",IFERROR(COUNTIF(INDIRECT("'"&$D16&"'!$Z$7:$Z$500"),"Pass"),0)) | AQ16: =IF($D16="","",IFERROR(COUNTIF(INDIRECT("'"&$D16&"'!$Z$7:$Z$500"),"Fail"),0)) | AR16: =IF($D16="","",IFERROR(COUNTIF(INDIRECT("'"&$D16&"'!$Z$7:$Z$500"),"Block"),0)) | AS16: =IF($D16="","",IFERROR(COUNTIF(INDIRECT("'"&$D16&"'!$Z$7:$Z$500"),"N/A"),0)) | AT16: =IF($D16="","",IFERROR(COUNTIF(INDIRECT("'"&$D16&"'!$AE$7:$AE$500"),"<>"),0)) | AU16: =IF($D16="","",IFERROR(COUNTIF(INDIRECT("'"&$D16&"'!$AE$7:$AE$500"),"Pass"),0)) | AV16: =IF($D16="","",IFERROR(COUNTIF(INDIRECT("'"&$D16&"'!$AE$7:$AE$500"),"Fail"),0)) | AW16: =IF($D16="","",IFERROR(COUNTIF(INDIRECT("'"&$D16&"'!$AE$7:$AE$500"),"Block"),0)) | AX16: =IF($D16="","",IFERROR(COUNTIF(INDIRECT("'"&$D16&"'!$AE$7:$AE$500"),"N/A"),0)) | AY16: =IF($D16="","",IFERROR(COUNTIF(INDIRECT("'"&$D16&"'!$AJ$7:$AJ$500"),"<>"),0)) | AZ16: =IF($D16="","",IFERROR(COUNTIF(INDIRECT("'"&$D16&"'!$AJ$7:$AJ$500"),"Pass"),0)) | BA16: =IF($D16="","",IFERROR(COUNTIF(INDIRECT("'"&$D16&"'!$AJ$7:$AJ$500"),"Fail"),0)) | BB16: =IF($D16="","",IFERROR(COUNTIF(INDIRECT("'"&$D16&"'!$AJ$7:$AJ$500"),"Block"),0)) | BC16: =IF($D16="","",IFERROR(COUNTIF(INDIRECT("'"&$D16&"'!$AJ$7:$AJ$500"),"N/A"),0))
B17: =IF($D17="","",ROW()-3) | F17: =IF($D17="","",IFERROR(COUNTIF(INDIRECT("'"&$D17&"'!$A$7:$A$500"),"?*"),0)) | G17: =IF($D17="","",IFERROR(COUNTIF(INDIRECT("'"&$D17&"'!$AO$7:$AO$500"),"Pass"),0)) | H17: =IF($D17="","",IFERROR(COUNTIF(INDIRECT("'"&$D17&"'!$AO$7:$AO$500"),"Fail"),0)) | I17: =IF($D17="","",IFERROR(COUNTIF(INDIRECT("'"&$D17&"'!$AO$7:$AO$500"),"Block"),0)) | J17: =IF($D17="","",IFERROR(COUNTIF(INDIRECT("'"&$D17&"'!$AO$7:$AO$500"),"N/A"),0)) | K17: =IF($D17="","",MAX(0,$F17-$G17-$H17-$I17-$J17)) | L17: =IF($D17="","",$G17+$H17+$I17+$J17) | M17: =IF($D17="","",IFERROR($L17/$F17,0)) | N17: =IF($D17="","",IFERROR($G17/$L17,0)) | O17: =IF($D17="","",IFERROR(COUNTIF(INDIRECT("'"&$D17&"'!$E$7:$E$500"),"High"),0)) | P17: =IF($D17="","",IFERROR(COUNTIF(INDIRECT("'"&$D17&"'!$E$7:$E$500"),"Medium"),0)) | Q17: =IF($D17="","",IFERROR(COUNTIF(INDIRECT("'"&$D17&"'!$E$7:$E$500"),"Low"),0)) | R17: =IF($D17="","",IFERROR(COUNTIF(INDIRECT("'"&$D17&"'!$D$7:$D$500"),"Functional"),0)) | S17: =IF($D17="","",IFERROR(COUNTIF(INDIRECT("'"&$D17&"'!$D$7:$D$500"),"UI"),0)) | T17: =IF($D17="","",IFERROR(COUNTIF(INDIRECT("'"&$D17&"'!$D$7:$D$500"),"Integration"),0)) | U17: =IF($D17="","",IFERROR(COUNTIF(INDIRECT("'"&$D17&"'!$D$7:$D$500"),"Database Test Case"),0)) | V17: =IF($D17="","",IFERROR(COUNTIF(INDIRECT("'"&$D17&"'!$J$7:$J$500"),"AI"),0)) | W17: =IF($D17="","",IFERROR(COUNTIF(INDIRECT("'"&$D17&"'!$J$7:$J$500"),"QC"),0)) | X17: =IF($D17="","",IFERROR(COUNTIF(INDIRECT("'"&$D17&"'!$L$7:$L$500"),"Yes"),0)) | Y17: =IF($D17="","",IFERROR(COUNTIF(INDIRECT("'"&$D17&"'!$AM$7:$AM$500"),"Yes"),0)) | Z17: =IF($D17="","",IFERROR(COUNTIF(INDIRECT("'"&$D17&"'!$AN$7:$AN$500"),"Pass"),0)) | AA17: =IF($D17="","",IFERROR(COUNTIF(INDIRECT("'"&$D17&"'!$K$7:$K$500"),"Reviewed"),0)) | AB17: =IF($D17="","",IFERROR(COUNTIFS(INDIRECT("'"&$D17&"'!$E$7:$E$500"),"High",INDIRECT("'"&$D17&"'!$AO$7:$AO$500"),"<>"),0)) | AC17: =IF($D17="","",IFERROR(COUNTIFS(INDIRECT("'"&$D17&"'!$E$7:$E$500"),"Medium",INDIRECT("'"&$D17&"'!$AO$7:$AO$500"),"<>"),0)) | AD17: =IF($D17="","",IFERROR(COUNTIFS(INDIRECT("'"&$D17&"'!$E$7:$E$500"),"Low",INDIRECT("'"&$D17&"'!$AO$7:$AO$500"),"<>"),0)) | AE17: =IF($D17="","",IFERROR(COUNTIF(INDIRECT("'"&$D17&"'!$P$7:$P$500"),"<>"),0)) | AF17: =IF($D17="","",IFERROR(COUNTIF(INDIRECT("'"&$D17&"'!$P$7:$P$500"),"Pass"),0)) | AG17: =IF($D17="","",IFERROR(COUNTIF(INDIRECT("'"&$D17&"'!$P$7:$P$500"),"Fail"),0)) | AH17: =IF($D17="","",IFERROR(COUNTIF(INDIRECT("'"&$D17&"'!$P$7:$P$500"),"Block"),0)) | AI17: =IF($D17="","",IFERROR(COUNTIF(INDIRECT("'"&$D17&"'!$P$7:$P$500"),"N/A"),0)) | AJ17: =IF($D17="","",IFERROR(COUNTIF(INDIRECT("'"&$D17&"'!$U$7:$U$500"),"<>"),0)) | AK17: =IF($D17="","",IFERROR(COUNTIF(INDIRECT("'"&$D17&"'!$U$7:$U$500"),"Pass"),0)) | AL17: =IF($D17="","",IFERROR(COUNTIF(INDIRECT("'"&$D17&"'!$U$7:$U$500"),"Fail"),0)) | AM17: =IF($D17="","",IFERROR(COUNTIF(INDIRECT("'"&$D17&"'!$U$7:$U$500"),"Block"),0)) | AN17: =IF($D17="","",IFERROR(COUNTIF(INDIRECT("'"&$D17&"'!$U$7:$U$500"),"N/A"),0)) | AO17: =IF($D17="","",IFERROR(COUNTIF(INDIRECT("'"&$D17&"'!$Z$7:$Z$500"),"<>"),0)) | AP17: =IF($D17="","",IFERROR(COUNTIF(INDIRECT("'"&$D17&"'!$Z$7:$Z$500"),"Pass"),0)) | AQ17: =IF($D17="","",IFERROR(COUNTIF(INDIRECT("'"&$D17&"'!$Z$7:$Z$500"),"Fail"),0)) | AR17: =IF($D17="","",IFERROR(COUNTIF(INDIRECT("'"&$D17&"'!$Z$7:$Z$500"),"Block"),0)) | AS17: =IF($D17="","",IFERROR(COUNTIF(INDIRECT("'"&$D17&"'!$Z$7:$Z$500"),"N/A"),0)) | AT17: =IF($D17="","",IFERROR(COUNTIF(INDIRECT("'"&$D17&"'!$AE$7:$AE$500"),"<>"),0)) | AU17: =IF($D17="","",IFERROR(COUNTIF(INDIRECT("'"&$D17&"'!$AE$7:$AE$500"),"Pass"),0)) | AV17: =IF($D17="","",IFERROR(COUNTIF(INDIRECT("'"&$D17&"'!$AE$7:$AE$500"),"Fail"),0)) | AW17: =IF($D17="","",IFERROR(COUNTIF(INDIRECT("'"&$D17&"'!$AE$7:$AE$500"),"Block"),0)) | AX17: =IF($D17="","",IFERROR(COUNTIF(INDIRECT("'"&$D17&"'!$AE$7:$AE$500"),"N/A"),0)) | AY17: =IF($D17="","",IFERROR(COUNTIF(INDIRECT("'"&$D17&"'!$AJ$7:$AJ$500"),"<>"),0)) | AZ17: =IF($D17="","",IFERROR(COUNTIF(INDIRECT("'"&$D17&"'!$AJ$7:$AJ$500"),"Pass"),0)) | BA17: =IF($D17="","",IFERROR(COUNTIF(INDIRECT("'"&$D17&"'!$AJ$7:$AJ$500"),"Fail"),0)) | BB17: =IF($D17="","",IFERROR(COUNTIF(INDIRECT("'"&$D17&"'!$AJ$7:$AJ$500"),"Block"),0)) | BC17: =IF($D17="","",IFERROR(COUNTIF(INDIRECT("'"&$D17&"'!$AJ$7:$AJ$500"),"N/A"),0))
... B33: =IF($D33="","",ROW()-3) | F33: =IF($D33="","",IFERROR(COUNTIF(INDIRECT("'"&$D33&"'!$A$7:$A$500"),"?*"),0)) | G33: =IF($D33="","",IFERROR(COUNTIF(INDIRECT("'"&$D33&"'!$AO$7:$AO$500"),"Pass"),0)) | H33: =IF($D33="","",IFERROR(COUNTIF(INDIRECT("'"&$D33&"'!$AO$7:$AO$500"),"Fail"),0)) | I33: =IF($D33="","",IFERROR(COUNTIF(INDIRECT("'"&$D33&"'!$AO$7:$AO$500"),"Block"),0)) | J33: =IF($D33="","",IFERROR(COUNTIF(INDIRECT("'"&$D33&"'!$AO$7:$AO$500"),"N/A"),0)) | K33: =IF($D33="","",MAX(0,$F33-$G33-$H33-$I33-$J33)) | L33: =IF($D33="","",$G33+$H33+$I33+$J33) | M33: =IF($D33="","",IFERROR($L33/$F33,0)) | N33: =IF($D33="","",IFERROR($G33/$L33,0)) | O33: =IF($D33="","",IFERROR(COUNTIF(INDIRECT("'"&$D33&"'!$E$7:$E$500"),"High"),0)) | P33: =IF($D33="","",IFERROR(COUNTIF(INDIRECT("'"&$D33&"'!$E$7:$E$500"),"Medium"),0)) | Q33: =IF($D33="","",IFERROR(COUNTIF(INDIRECT("'"&$D33&"'!$E$7:$E$500"),"Low"),0)) | R33: =IF($D33="","",IFERROR(COUNTIF(INDIRECT("'"&$D33&"'!$D$7:$D$500"),"Functional"),0)) | S33: =IF($D33="","",IFERROR(COUNTIF(INDIRECT("'"&$D33&"'!$D$7:$D$500"),"UI"),0)) | T33: =IF($D33="","",IFERROR(COUNTIF(INDIRECT("'"&$D33&"'!$D$7:$D$500"),"Integration"),0)) | U33: =IF($D33="","",IFERROR(COUNTIF(INDIRECT("'"&$D33&"'!$D$7:$D$500"),"Database Test Case"),0)) | V33: =IF($D33="","",IFERROR(COUNTIF(INDIRECT("'"&$D33&"'!$J$7:$J$500"),"AI"),0)) | W33: =IF($D33="","",IFERROR(COUNTIF(INDIRECT("'"&$D33&"'!$J$7:$J$500"),"QC"),0)) | X33: =IF($D33="","",IFERROR(COUNTIF(INDIRECT("'"&$D33&"'!$L$7:$L$500"),"Yes"),0)) | Y33: =IF($D33="","",IFERROR(COUNTIF(INDIRECT("'"&$D33&"'!$AM$7:$AM$500"),"Yes"),0)) | Z33: =IF($D33="","",IFERROR(COUNTIF(INDIRECT("'"&$D33&"'!$AN$7:$AN$500"),"Pass"),0)) | AA33: =IF($D33="","",IFERROR(COUNTIF(INDIRECT("'"&$D33&"'!$K$7:$K$500"),"Reviewed"),0)) | AB33: =IF($D33="","",IFERROR(COUNTIFS(INDIRECT("'"&$D33&"'!$E$7:$E$500"),"High",INDIRECT("'"&$D33&"'!$AO$7:$AO$500"),"<>"),0)) | AC33: =IF($D33="","",IFERROR(COUNTIFS(INDIRECT("'"&$D33&"'!$E$7:$E$500"),"Medium",INDIRECT("'"&$D33&"'!$AO$7:$AO$500"),"<>"),0)) | AD33: =IF($D33="","",IFERROR(COUNTIFS(INDIRECT("'"&$D33&"'!$E$7:$E$500"),"Low",INDIRECT("'"&$D33&"'!$AO$7:$AO$500"),"<>"),0)) | AE33: =IF($D33="","",IFERROR(COUNTIF(INDIRECT("'"&$D33&"'!$P$7:$P$500"),"<>"),0)) | AF33: =IF($D33="","",IFERROR(COUNTIF(INDIRECT("'"&$D33&"'!$P$7:$P$500"),"Pass"),0)) | AG33: =IF($D33="","",IFERROR(COUNTIF(INDIRECT("'"&$D33&"'!$P$7:$P$500"),"Fail"),0)) | AH33: =IF($D33="","",IFERROR(COUNTIF(INDIRECT("'"&$D33&"'!$P$7:$P$500"),"Block"),0)) | AI33: =IF($D33="","",IFERROR(COUNTIF(INDIRECT("'"&$D33&"'!$P$7:$P$500"),"N/A"),0)) | AJ33: =IF($D33="","",IFERROR(COUNTIF(INDIRECT("'"&$D33&"'!$U$7:$U$500"),"<>"),0)) | AK33: =IF($D33="","",IFERROR(COUNTIF(INDIRECT("'"&$D33&"'!$U$7:$U$500"),"Pass"),0)) | AL33: =IF($D33="","",IFERROR(COUNTIF(INDIRECT("'"&$D33&"'!$U$7:$U$500"),"Fail"),0)) | AM33: =IF($D33="","",IFERROR(COUNTIF(INDIRECT("'"&$D33&"'!$U$7:$U$500"),"Block"),0)) | AN33: =IF($D33="","",IFERROR(COUNTIF(INDIRECT("'"&$D33&"'!$U$7:$U$500"),"N/A"),0)) | AO33: =IF($D33="","",IFERROR(COUNTIF(INDIRECT("'"&$D33&"'!$Z$7:$Z$500"),"<>"),0)) | AP33: =IF($D33="","",IFERROR(COUNTIF(INDIRECT("'"&$D33&"'!$Z$7:$Z$500"),"Pass"),0)) | AQ33: =IF($D33="","",IFERROR(COUNTIF(INDIRECT("'"&$D33&"'!$Z$7:$Z$500"),"Fail"),0)) | AR33: =IF($D33="","",IFERROR(COUNTIF(INDIRECT("'"&$D33&"'!$Z$7:$Z$500"),"Block"),0)) | AS33: =IF($D33="","",IFERROR(COUNTIF(INDIRECT("'"&$D33&"'!$Z$7:$Z$500"),"N/A"),0)) | AT33: =IF($D33="","",IFERROR(COUNTIF(INDIRECT("'"&$D33&"'!$AE$7:$AE$500"),"<>"),0)) | AU33: =IF($D33="","",IFERROR(COUNTIF(INDIRECT("'"&$D33&"'!$AE$7:$AE$500"),"Pass"),0)) | AV33: =IF($D33="","",IFERROR(COUNTIF(INDIRECT("'"&$D33&"'!$AE$7:$AE$500"),"Fail"),0)) | AW33: =IF($D33="","",IFERROR(COUNTIF(INDIRECT("'"&$D33&"'!$AE$7:$AE$500"),"Block"),0)) | AX33: =IF($D33="","",IFERROR(COUNTIF(INDIRECT("'"&$D33&"'!$AE$7:$AE$500"),"N/A"),0)) | AY33: =IF($D33="","",IFERROR(COUNTIF(INDIRECT("'"&$D33&"'!$AJ$7:$AJ$500"),"<>"),0)) | AZ33: =IF($D33="","",IFERROR(COUNTIF(INDIRECT("'"&$D33&"'!$AJ$7:$AJ$500"),"Pass"),0)) | BA33: =IF($D33="","",IFERROR(COUNTIF(INDIRECT("'"&$D33&"'!$AJ$7:$AJ$500"),"Fail"),0)) | BB33: =IF($D33="","",IFERROR(COUNTIF(INDIRECT("'"&$D33&"'!$AJ$7:$AJ$500"),"Block"),0)) | BC33: =IF($D33="","",IFERROR(COUNTIF(INDIRECT("'"&$D33&"'!$AJ$7:$AJ$500"),"N/A"),0))
B34: TOTAL | D34: =COUNTIF($D$4:$D$33,"?*")&" sheet" -> 2 sheet | F34: =SUM(F4:F33) -> 23 | G34: =SUM(G4:G33) -> 21 | H34: =SUM(H4:H33) -> 0 | I34: =SUM(I4:I33) -> 0 | J34: =SUM(J4:J33) -> 0 | K34: =SUM(K4:K33) -> 2 | L34: =SUM(L4:L33) -> 21 | M34: =IFERROR($L34/$F34,0) -> 0.91304348 | N34: =IFERROR($G34/$L34,0) -> 1 | O34: =SUM(O4:O33) -> 1 | P34: =SUM(P4:P33) -> 20 | Q34: =SUM(Q4:Q33) -> 0 | R34: =SUM(R4:R33) -> 19 | S34: =SUM(S4:S33) -> 2 | T34: =SUM(T4:T33) -> 0 | U34: =SUM(U4:U33) -> 0 | V34: =SUM(V4:V33) -> 19 | ... BC34: =SUM(BC4:BC33) -> 0
B36: CÁCH THÊM 1 FUNCTION MỚI (chạy được cả Excel & Google Sheets):
B37: 1. Nhân bản (Duplicate) 1 sheet Test Case có sẵn → đổi tên tab thành tên function mới.
B38: 2. Thêm 1 dòng ở bảng trên: nhập Mã CN, TÊN TAB SHEET (phải giống hệt tên tab), Function.
B39: 3. Xong! Tổng TC / Pass / Coverage / Priority / SDLC tự cộng vào Summary & Report Test.
B40: Lưu ý: cột "Tên tab sheet" phải trùng KHÍT tên tab (kể cả khoảng trắng). Sai tên → dòng đó = 0 (không lỗi).
B41: Các chỉ số lấy từ sheet Test Case: A=Testcase ID · E=Group · F=Priority · K=Origin · L=Review · M=Auto · O=Vibe(tổng) · P=KQ Script(tổng) · Kết quả từng round: S/X/AC/AH/AM · Status(mới nhất)=AP.

Sheet Report Test
B2: I. THÔNG TIN CHUNG | F2: TỔNG QUAN NHANH
B3: Tên dự án | C3: =Summary!$C$6 -> [Tên dự án] | F3: Tổng số Bug | I3: =G20 -> 13
B4: Version | C4: =Summary!$C$8 -> v1.0 | F4: Critical + Major | I4: =C101+C102 -> 8
B5: Sprint | C5: =Summary!$C$9 -> Sprint 1 | F5: % Bug đã Fixed | I5: =IFERROR(C119/C121,0) -> 0.75
B6: Test Period | C6: =TEXT(Summary!$C$10,"DD/MM/YYYY")&" → "&TEXT(Summary!$C$11,"DD/MM/YYYY") -> 30/06/2026 → 01/07/2026 | F6: % Coverage (thực thi) | I6: =F62 -> 0.91304348
B7: Thông tin dự án load tự động từ sheet Summary (PROJECT SETUP). Môi trường · thiết bị · tài khoản · phạm vi test: xem mục 'MÔI TRƯỜNG & PHẠM VI TEST' trong Summary. | F7: % Automation | I7: =D202 -> 0.82608696
F8: % Bug do AI phát hiện | I8: =D206 -> 0
F9: % TC Pass | I9: =IFERROR(C84/C89,0) -> 0.91304348
F10: Critical/Major còn Open | I10: =COUNTIFS('Bug Data'!$L:$L,20,'Bug Data'!$O:$O,"Open")+COUNTIFS('Bug Data'!$L:$L,10,'Bug Data'!$O:$O,"Open") -> 2
B11: II. REPORT TEST | F11: KPI = chỉ số chính (Key Performance Indicator). Ô có màu = nhập ở khối III / Data; số tự cập nhật.
B13: PHẦN A — TỔNG QUAN
B15: 1. Total Test
B16: 1a. Bug Status theo nền tảng (Platform)
B17: Nền tảng | C17: Open | D17: Cancel | E17: Pending | F17: Done | G17: Total
B18: Web | C18: =COUNTIFS('Bug Data'!$O:$O,"Open",'Bug Data'!$N:$N,$B18) -> 1 | D18: =COUNTIFS('Bug Data'!$O:$O,"Cancel",'Bug Data'!$N:$N,$B18) -> 0 | E18: =COUNTIFS('Bug Data'!$O:$O,"Pending",'Bug Data'!$N:$N,$B18) -> 0 | F18: =COUNTIFS('Bug Data'!$O:$O,"Done",'Bug Data'!$N:$N,$B18) -> 6 | G18: =SUM(C18:F18) -> 7
B19: Mobile | C19: =COUNTIFS('Bug Data'!$O:$O,"Open",'Bug Data'!$N:$N,$B19) -> 3 | D19: =COUNTIFS('Bug Data'!$O:$O,"Cancel",'Bug Data'!$N:$N,$B19) -> 1 | E19: =COUNTIFS('Bug Data'!$O:$O,"Pending",'Bug Data'!$N:$N,$B19) -> 2 | F19: =COUNTIFS('Bug Data'!$O:$O,"Done",'Bug Data'!$N:$N,$B19) -> 0 | G19: =SUM(C19:F19) -> 6
B20: Total | C20: =SUM(C18:C19) -> 4 | D20: =SUM(D18:D19) -> 1 | E20: =SUM(E18:E19) -> 2 | F20: =SUM(F18:F19) -> 6 | G20: =SUM(G18:G19) -> 13
B21: Open = bug trên Jira ở trạng thái: Todo, In Progress, In Review.
B39: 1b. Tỷ lệ Bug theo chức năng (Function)
B40: Bug theo chức năng
B41: ID | C41: Chức năng | D41: Open | E41: Cancel | F41: Pending | G41: Done | H41: Total | I41: Tỷ lệ
B42: F01 | C42: Function A | D42: =COUNTIFS('Bug Data'!$O:$O,"Open",'Bug Data'!$M:$M,$C42) -> 1 | E42: =COUNTIFS('Bug Data'!$O:$O,"Cancel",'Bug Data'!$M:$M,$C42) -> 0 | F42: =COUNTIFS('Bug Data'!$O:$O,"Pending",'Bug Data'!$M:$M,$C42) -> 1 | G42: =COUNTIFS('Bug Data'!$O:$O,"Done",'Bug Data'!$M:$M,$C42) -> 3 | H42: =SUM(D42:G42) -> 5 | I42: =IFERROR(H42/$H$52,0) -> 0.38461538
B43: F02 | C43: Function B | D43: =COUNTIFS('Bug Data'!$O:$O,"Open",'Bug Data'!$M:$M,$C43) -> 2 | E43: =COUNTIFS('Bug Data'!$O:$O,"Cancel",'Bug Data'!$M:$M,$C43) -> 0 | F43: =COUNTIFS('Bug Data'!$O:$O,"Pending",'Bug Data'!$M:$M,$C43) -> 0 | G43: =COUNTIFS('Bug Data'!$O:$O,"Done",'Bug Data'!$M:$M,$C43) -> 2 | H43: =SUM(D43:G43) -> 4 | I43: =IFERROR(H43/$H$52,0) -> 0.30769231
B44: F03 | C44: Function C | D44: =COUNTIFS('Bug Data'!$O:$O,"Open",'Bug Data'!$M:$M,$C44) -> 1 | E44: =COUNTIFS('Bug Data'!$O:$O,"Cancel",'Bug Data'!$M:$M,$C44) -> 1 | F44: =COUNTIFS('Bug Data'!$O:$O,"Pending",'Bug Data'!$M:$M,$C44) -> 1 | G44: =COUNTIFS('Bug Data'!$O:$O,"Done",'Bug Data'!$M:$M,$C44) -> 1 | H44: =SUM(D44:G44) -> 4 | I44: =IFERROR(H44/$H$52,0) -> 0.30769231
B45: F04 | D45: =COUNTIFS('Bug Data'!$O:$O,"Open",'Bug Data'!$M:$M,$C45) -> 0 | E45: =COUNTIFS('Bug Data'!$O:$O,"Cancel",'Bug Data'!$M:$M,$C45) -> 0 | F45: =COUNTIFS('Bug Data'!$O:$O,"Pending",'Bug Data'!$M:$M,$C45) -> 0 | G45: =COUNTIFS('Bug Data'!$O:$O,"Done",'Bug Data'!$M:$M,$C45) -> 0 | H45: =SUM(D45:G45) -> 0 | I45: =IFERROR(H45/$H$52,0) -> 0
B46: F05 | D46: =COUNTIFS('Bug Data'!$O:$O,"Open",'Bug Data'!$M:$M,$C46) -> 0 | E46: =COUNTIFS('Bug Data'!$O:$O,"Cancel",'Bug Data'!$M:$M,$C46) -> 0 | F46: =COUNTIFS('Bug Data'!$O:$O,"Pending",'Bug Data'!$M:$M,$C46) -> 0 | G46: =COUNTIFS('Bug Data'!$O:$O,"Done",'Bug Data'!$M:$M,$C46) -> 0 | H46: =SUM(D46:G46) -> 0 | I46: =IFERROR(H46/$H$52,0) -> 0
B47: F06 | D47: =COUNTIFS('Bug Data'!$O:$O,"Open",'Bug Data'!$M:$M,$C47) -> 0 | E47: =COUNTIFS('Bug Data'!$O:$O,"Cancel",'Bug Data'!$M:$M,$C47) -> 0 | F47: =COUNTIFS('Bug Data'!$O:$O,"Pending",'Bug Data'!$M:$M,$C47) -> 0 | G47: =COUNTIFS('Bug Data'!$O:$O,"Done",'Bug Data'!$M:$M,$C47) -> 0 | H47: =SUM(D47:G47) -> 0 | I47: =IFERROR(H47/$H$52,0) -> 0
B48: F07 | D48: =COUNTIFS('Bug Data'!$O:$O,"Open",'Bug Data'!$M:$M,$C48) -> 0 | E48: =COUNTIFS('Bug Data'!$O:$O,"Cancel",'Bug Data'!$M:$M,$C48) -> 0 | F48: =COUNTIFS('Bug Data'!$O:$O,"Pending",'Bug Data'!$M:$M,$C48) -> 0 | G48: =COUNTIFS('Bug Data'!$O:$O,"Done",'Bug Data'!$M:$M,$C48) -> 0 | H48: =SUM(D48:G48) -> 0 | I48: =IFERROR(H48/$H$52,0) -> 0
B49: F08 | D49: =COUNTIFS('Bug Data'!$O:$O,"Open",'Bug Data'!$M:$M,$C49) -> 0 | E49: =COUNTIFS('Bug Data'!$O:$O,"Cancel",'Bug Data'!$M:$M,$C49) -> 0 | F49: =COUNTIFS('Bug Data'!$O:$O,"Pending",'Bug Data'!$M:$M,$C49) -> 0 | G49: =COUNTIFS('Bug Data'!$O:$O,"Done",'Bug Data'!$M:$M,$C49) -> 0 | H49: =SUM(D49:G49) -> 0 | I49: =IFERROR(H49/$H$52,0) -> 0
B50: F09 | D50: =COUNTIFS('Bug Data'!$O:$O,"Open",'Bug Data'!$M:$M,$C50) -> 0 | E50: =COUNTIFS('Bug Data'!$O:$O,"Cancel",'Bug Data'!$M:$M,$C50) -> 0 | F50: =COUNTIFS('Bug Data'!$O:$O,"Pending",'Bug Data'!$M:$M,$C50) -> 0 | G50: =COUNTIFS('Bug Data'!$O:$O,"Done",'Bug Data'!$M:$M,$C50) -> 0 | H50: =SUM(D50:G50) -> 0 | I50: =IFERROR(H50/$H$52,0) -> 0
B51: F10 | D51: =COUNTIFS('Bug Data'!$O:$O,"Open",'Bug Data'!$M:$M,$C51) -> 0 | E51: =COUNTIFS('Bug Data'!$O:$O,"Cancel",'Bug Data'!$M:$M,$C51) -> 0 | F51: =COUNTIFS('Bug Data'!$O:$O,"Pending",'Bug Data'!$M:$M,$C51) -> 0 | G51: =COUNTIFS('Bug Data'!$O:$O,"Done",'Bug Data'!$M:$M,$C51) -> 0 | H51: =SUM(D51:G51) -> 0 | I51: =IFERROR(H51/$H$52,0) -> 0
B52: Total | D52: =SUM(D42:D51) -> 4 | E52: =SUM(E42:E51) -> 1 | F52: =SUM(F42:F51) -> 2 | G52: =SUM(G42:G51) -> 6 | H52: =SUM(H42:H51) -> 13 | I52: =IFERROR(SUM(I42:I51),0) -> 1
B54: Thêm chức năng mới: chỉ cần gõ tên Func (đúng như ở sheet Bug Data) vào cột "Chức năng" ở dòng F0x còn trống — số liệu & biểu đồ tự cập nhật, không phải sửa công thức.
B56: 2. Coverage (Độ phủ Test Case)
B57: Coverage theo chức năng
B58: ID | C58: Chức năng | D58: Total TC | E58: Executed TC | F58: Coverage | G58: Note
B59: F01 | C59: =IF(Dashboard!$D4="","",Dashboard!$E4) -> 1. Function | D59: =IF(Dashboard!$D4="","",Dashboard!$F4) -> 20 | E59: =IF(Dashboard!$D4="","",Dashboard!$L4) -> 18 | F59: =IFERROR(E59/D59,0) -> 0.9
B60: F02 | C60: =IF(Dashboard!$D5="","",Dashboard!$E5) -> 2. Function | D60: =IF(Dashboard!$D5="","",Dashboard!$F5) -> 3 | E60: =IF(Dashboard!$D5="","",Dashboard!$L5) -> 3 | F60: =IFERROR(E60/D60,0) -> 1
B61: F03 | C61: =IF(Dashboard!$D6="","",Dashboard!$E6) | D61: =IF(Dashboard!$D6="","",Dashboard!$F6) | E61: =IF(Dashboard!$D6="","",Dashboard!$L6) | F61: =IFERROR(E61/D61,0) -> 0
B62: Total | D62: =Dashboard!$F$34 -> 23 | E62: =Dashboard!$L$34 -> 21 | F62: =IFERROR(E62/D62,0) -> 0.91304348
B63: Tổng (dòng Total) = gộp TẤT CẢ sheet Test Case. 3 dòng chi tiết ở trên minh hoạ 3 function đầu — danh sách đầy đủ theo từng sheet xem ở "Dashboard".
B81: 2b. Kết quả thực thi Test Case
B82: Kết quả TC theo Status (từ sheet Test Cases)
B83: Trạng thái | C83: Số lượng | D83: Tỷ lệ
B84: Pass | C84: =Dashboard!$G$34 -> 21 | D84: =IFERROR(C84/$C$89,0) -> 0.91304348
B85: Fail | C85: =Dashboard!$H$34 -> 0 | D85: =IFERROR(C85/$C$89,0) -> 0
B86: Block | C86: =Dashboard!$I$34 -> 0 | D86: =IFERROR(C86/$C$89,0) -> 0
B87: N/A | C87: =Dashboard!$J$34 -> 0 | D87: =IFERROR(C87/$C$89,0) -> 0
B88: Chưa thực hiện | C88: =Dashboard!$K$34 -> 2 | D88: =IFERROR(C88/$C$89,0) -> 0.086956522
B89: Total | C89: =SUM(C84:C88) -> 23 | D89: =IFERROR(SUM(D84:D88),0) -> 1
B98: 3. Bug Severity
B99: Bug Severity
B100: Mức độ | C100: Số lượng | D100: Thang điểm | E100: Tỷ lệ
B101: Critical Bug | C101: =COUNTIF('Bug Data'!$L:$L,20) -> 3 | D101: 20 | E101: =IFERROR(C101/$C$105,0) -> 0.23076923
B102: Major Bug | C102: =COUNTIF('Bug Data'!$L:$L,10) -> 5 | D102: 10 | E102: =IFERROR(C102/$C$105,0) -> 0.38461538
B103: Medium Bug | C103: =COUNTIF('Bug Data'!$L:$L,5) -> 3 | D103: 5 | E103: =IFERROR(C103/$C$105,0) -> 0.23076923
B104: Low Bug | C104: =COUNTIF('Bug Data'!$L:$L,2) -> 2 | D104: 2 | E104: =IFERROR(C104/$C$105,0) -> 0.15384615
B105: Total | C105: =SUM(C101:C104) -> 13 | E105: =IFERROR(SUM(E101:E104),0) -> 1
B106: Thang điểm: Critical=20, Major=10, Medium=5, Low=2.
B114: PHẦN B — CHI TIẾT QC
B116: 4. Bug Resolution
B117: Bug Resolution
B118: Resolution | C118: Số lượng | D118: Tỷ lệ
B119: Fixed | C119: =COUNTIF('Bug Data'!$P:$P,$B119) -> 6 | D119: =IFERROR(C119/$C$121,0) -> 0.75
B120: Won't fix | C120: =COUNTIF('Bug Data'!$P:$P,$B120) -> 2 | D120: =IFERROR(C120/$C$121,0) -> 0.25
B121: Total | C121: =SUM(C119:C120) -> 8 | D121: =IFERROR(SUM(D119:D120),0) -> 1
B132: 5. Bug Won't fix By Reason
B133: Bug Won't fix By Reason
B134: Mã | C134: Lý do | E134: Số lượng
B135: 1.1 | C135: QC miss thông tin/ nghiệp vụ | E135: =COUNTIF('Bug Data'!$Q:$Q,$B135&" "&$C135) -> 0
B136: 1.2 | C136: QC post trùng bug | E136: =COUNTIF('Bug Data'!$Q:$Q,$B136&" "&$C136) -> 0
B137: 1.3 | C137: QC không tái hiện được Bug | E137: =COUNTIF('Bug Data'!$Q:$Q,$B137&" "&$C137) -> 1
B138: 2.1 | C138: BA miss luồng | E138: =COUNTIF('Bug Data'!$Q:$Q,$B138&" "&$C138) -> 0
B139: 2.2 | C139: BA thiếu/ sai nghiệp vụ | E139: =COUNTIF('Bug Data'!$Q:$Q,$B139&" "&$C139) -> 0
B140: 3.1 | C140: Dev không sửa do Ngoài scope dự án | E140: =COUNTIF('Bug Data'!$Q:$Q,$B140&" "&$C140) -> 0
B141: 3.2 | C141: Dev không fix do Phụ thuộc thông tin các bên liên quan ngoài ISC | E141: =COUNTIF('Bug Data'!$Q:$Q,$B141&" "&$C141) -> 1
B142: 3.3 | C142: Dev không fix do Điều kiện test không đáp ứng (Môi trường, cấu hình, dữ liệu, thiết bị,...) | E142: =COUNTIF('Bug Data'!$Q:$Q,$B142&" "&$C142) -> 0
B143: 3.4 | C143: Dev miss thông tin | E143: =COUNTIF('Bug Data'!$Q:$Q,$B143&" "&$C143) -> 0
B144: 4.1 | C144: PM/PMO CR, QC không nhận thông tin | E144: =COUNTIF('Bug Data'!$Q:$Q,$B144&" "&$C144) -> 0
B145: Total | E145: =SUM(E135:E144) -> 2
B148: 6. Defect Type
B149: Defect Type
B150: Loại | C150: SL
B151: Data | C151: =COUNTIF('Bug Data'!$R:$R,$B151) -> 2
B152: Interface | C152: =COUNTIF('Bug Data'!$R:$R,$B152) -> 3
B153: Logic | C153: =COUNTIF('Bug Data'!$R:$R,$B153) -> 4
B154: Requirement | C154: =COUNTIF('Bug Data'!$R:$R,$B154) -> 0
B155: Server | C155: =COUNTIF('Bug Data'!$R:$R,$B155) -> 3
B156: Other | C156: =COUNTIF('Bug Data'!$R:$R,$B156) -> 1
B157: Total | C157: =SUM(C151:C156) -> 13
B164: 7. Effect
B165: Effect
B166: Loại | C166: SL
B167: Functionality | C167: =COUNTIF('Bug Data'!$S:$S,$B167) -> 5
B168: Performance | C168: =COUNTIF('Bug Data'!$S:$S,$B168) -> 2
B169: Security | C169: =COUNTIF('Bug Data'!$S:$S,$B169) -> 2
B170: Serviceability | C170: =COUNTIF('Bug Data'!$S:$S,$B170) -> 1
B171: Usability | C171: =COUNTIF('Bug Data'!$S:$S,$B171) -> 3
B172: Total | C172: =SUM(C167:C171) -> 13
B180: 8. Bug Rework
...

Sheet Bug Data
A1: Key | B1: Type | C1: Summary | D1: Status (Jira) | E1: Priority (Jira) | F1: Assignee | G1: Reporter | H1: Created | I1: Resolved | J1: Fix Version | K1: Sprint | L1: Severity | M1: Function | N1: Platform | O1: Bug Status | P1: Resolution | Q1: Won't Fix Reason | R1: Defect | S1: Effect | T1: Rework number | U1: Round | V1: Round closed bug | Y1: Danh mục Won't Fix Reason (nguồn dropdown cột Q) | AA1: HƯỚNG DẪN IMPORT TỪ JIRA
A2: IP-101 | B2: Bug | C2: Đăng nhập sai mật khẩu không báo lỗi | D2: Done | E2: Highest | F2: BinhPTH3 | G2: PhucDN7 | H2: 01/06/2026 | I2: 03/06/2026 | J2: v1.0 | K2: R1 | L2: 20 | M2: Function A | N2: Web | O2: =IF($D2="","",IF(OR($D2="Todo",$D2="To Do",$D2="In Progress",$D2="In Review"),"Open",IF($D2="Cancel","Cancel",IF($D2="Pending","Pending",IF($D2="Done","Done",$D2))))) -> Done | P2: Fixed | R2: Logic | S2: Functionality | T2: 1 | U2: 1 | V2: 1 | Y2: 1.1 QC miss thông tin/ nghiệp vụ | AA2: ① KHỐI JIRA (cột A–K, nền vàng): export/CSV từ Jira rồi dán trực tiếp bắt đầu ô A2.
A3: IP-102 | B3: Bug | C3: Layout combo lệch trên mobile | D3: In Progress | E3: Medium | F3: QuanVH15 | G3: ThuyenNT | H3: 02/06/2026 | J3: v1.0 | K3: R1 | L3: 5 | M3: Function B | N3: Mobile | O3: =IF($D3="","",IF(OR($D3="Todo",$D3="To Do",$D3="In Progress",$D3="In Review"),"Open",IF($D3="Cancel","Cancel",IF($D3="Pending","Pending",IF($D3="Done","Done",$D3))))) -> Open | R3: Interface | S3: Usability | T3: 2 | U3: 1 | Y3: 1.2 QC post trùng bug | AA3: • Board dự án: foxproject.atlassian.net (project key IP). Mỗi round = 1 Sprint.
A4: IP-103 | B4: Bug | C4: API timeout khi tải danh sách | D4: Pending | E4: High | F4: QuanVH16 | G4: HaTTM | H4: 03/06/2026 | J4: v1.0 | K4: R1 | L4: 10 | M4: Function C | N4: Mobile | O4: =IF($D4="","",IF(OR($D4="Todo",$D4="To Do",$D4="In Progress",$D4="In Review"),"Open",IF($D4="Cancel","Cancel",IF($D4="Pending","Pending",IF($D4="Done","Done",$D4))))) -> Pending | P4: Won't fix | Q4: 3.2 Dev không fix do Phụ thuộc thông tin các bên liên quan ngoài ISC | R4: Server | S4: Performance | T4: 3 | U4: 1 | Y4: 1.3 QC không tái hiện được Bug | AA4: • A Key, B Type, C Summary, D Status, E Priority, F Assignee, G Reporter,
A5: IP-104 | B5: Bug | C5: Sai thông báo khi validate ngày | D5: In Review | E5: High | F5: ChuyenNT5 | G5: HuyenNHK | H5: 04/06/2026 | J5: v1.0 | K5: R1 | L5: 10 | M5: Function A | N5: Web | O5: =IF($D5="","",IF(OR($D5="Todo",$D5="To Do",$D5="In Progress",$D5="In Review"),"Open",IF($D5="Cancel","Cancel",IF($D5="Pending","Pending",IF($D5="Done","Done",$D5))))) -> Open | R5: Logic | S5: Functionality | T5: 1 | U5: 1 | Y5: 2.1 BA miss luồng | AA5: H Created, I Resolved, J Fix Version, K Sprint — khớp cột export mặc định của Jira.
A6: IP-105 | B6: Bug | C6: Phân quyền sai, user xem được dữ liệu cấm | D6: Done | E6: Highest | F6: VanMTT3 | G6: PhucDN7 | H6: 05/06/2026 | I6: 09/06/2026 | J6: v1.0 | K6: R1 | L6: 20 | M6: Function B | N6: Web | O6: =IF($D6="","",IF(OR($D6="Todo",$D6="To Do",$D6="In Progress",$D6="In Review"),"Open",IF($D6="Cancel","Cancel",IF($D6="Pending","Pending",IF($D6="Done","Done",$D6))))) -> Done | P6: Fixed | R6: Server | S6: Security | T6: 1 | U6: 1 | V6: 1 | Y6: 2.2 BA thiếu/ sai nghiệp vụ | AA6: ② KHỐI QC PHÂN TÍCH (cột L–V, nền cam): QC tự điền, là nguồn cho biểu đồ sheet Report Test.
A7: IP-106 | B7: Bug | C7: Nút Lưu mờ không bấm được | D7: Cancel | E7: Low | F7: BinhPTH3 | G7: ThuyenNT | H7: 06/06/2026 | J7: v1.0 | K7: R1 | L7: 2 | M7: Function C | N7: Mobile | O7: =IF($D7="","",IF(OR($D7="Todo",$D7="To Do",$D7="In Progress",$D7="In Review"),"Open",IF($D7="Cancel","Cancel",IF($D7="Pending","Pending",IF($D7="Done","Done",$D7))))) -> Cancel | R7: Data | S7: Usability | T7: 4 | U7: 1 | Y7: 3.1 Dev không sửa do Ngoài scope dự án | AA7: • L Severity (20=Critical,10=Major,5=Medium,2=Low) — map từ Priority/field Severity của Jira.
A8: IP-107 | B8: Bug | C8: Sai định dạng tiền tệ trên màn list | D8: Done | E8: Medium | F8: QuanVH15 | G8: HaTTM | H8: 07/06/2026 | I8: 10/06/2026 | J8: v1.0 | K8: R1 | L8: 5 | M8: Function A | N8: Web | O8: =IF($D8="","",IF(OR($D8="Todo",$D8="To Do",$D8="In Progress",$D8="In Review"),"Open",IF($D8="Cancel","Cancel",IF($D8="Pending","Pending",IF($D8="Done","Done",$D8))))) -> Done | P8: Fixed | R8: Interface | S8: Functionality | T8: 2 | U8: 1 | V8: 1 | Y8: 3.2 Dev không fix do Phụ thuộc thông tin các bên liên quan ngoài ISC | AA8: • O Bug Status: CÔNG THỨC tự tính từ D (To Do/In Progress/In Review→Open; Pending/Cancel/Done giữ nguyên). KHÔNG nhập tay.
A9: IP-108 | B9: Bug | C9: Tải trang chậm khi nhiều bản ghi | D9: To Do | E9: High | F9: QuanVH16 | G9: HuyenNHK | H9: 08/06/2026 | J9: v1.0 | K9: R1 | L9: 10 | M9: Function B | N9: Mobile | O9: =IF($D9="","",IF(OR($D9="Todo",$D9="To Do",$D9="In Progress",$D9="In Review"),"Open",IF($D9="Cancel","Cancel",IF($D9="Pending","Pending",IF($D9="Done","Done",$D9))))) -> Open | R9: Logic | S9: Performance | T9: 1 | U9: 1 | Y9: 3.3 Dev không fix do Điều kiện test không đáp ứng (Môi trường, cấu hình, dữ liệu, thiết bị,...) | AA9: • U Round: round PHÁT HIỆN bug (1..5) — map từ Sprint (K). Là nguồn cho biểu đồ xu hướng theo Round.
A10: IP-109 | B10: Bug | C10: Mất dữ liệu khi submit 2 lần | D10: Done | E10: Highest | F10: ChuyenNT5 | G10: PhucDN7 | H10: 09/06/2026 | I10: 16/06/2026 | J10: v1.0 | K10: R2 | L10: 20 | M10: Function C | N10: Web | O10: =IF($D10="","",IF(OR($D10="Todo",$D10="To Do",$D10="In Progress",$D10="In Review"),"Open",IF($D10="Cancel","Cancel",IF($D10="Pending","Pending",IF($D10="Done","Done",$D10))))) -> Done | P10: Fixed | R10: Server | S10: Functionality | T10: 1 | U10: 2 | V10: 2 | Y10: 3.4 Dev miss thông tin | AA10: • V Round closed bug: round ĐÓNG bug (1..5) — điền khi bug đã Done; để trống nếu chưa đóng.
A11: IP-110 | B11: Bug | C11: Hiển thị tiếng Việt lỗi font | D11: Pending | E11: Medium | F11: VanMTT3 | G11: ThuyenNT | H11: 10/06/2026 | J11: v1.0 | K11: R2 | L11: 5 | M11: Function A | N11: Mobile | O11: =IF($D11="","",IF(OR($D11="Todo",$D11="To Do",$D11="In Progress",$D11="In Review"),"Open",IF($D11="Cancel","Cancel",IF($D11="Pending","Pending",IF($D11="Done","Done",$D11))))) -> Pending | P11: Won't fix | Q11: 1.3 QC không tái hiện được Bug | R11: Other | S11: Usability | T11: 5 | U11: 2 | Y11: 4.1 PM/PMO CR, QC không nhận thông tin | AA11: • Q Won't Fix Reason: chọn theo danh mục (mã + lý do) ở cột Y.
A12: IP-111 | B12: Bug | C12: Tính tổng sai khi có chiết khấu | D12: Done | E12: High | F12: BinhPTH3 | G12: HaTTM | H12: 11/06/2026 | I12: 17/06/2026 | J12: v1.0 | K12: R2 | L12: 10 | M12: Function B | N12: Web | O12: =IF($D12="","",IF(OR($D12="Todo",$D12="To Do",$D12="In Progress",$D12="In Review"),"Open",IF($D12="Cancel","Cancel",IF($D12="Pending","Pending",IF($D12="Done","Done",$D12))))) -> Done | P12: Fixed | R12: Logic | S12: Functionality | T12: 1 | U12: 2 | V12: 2 | AA12: ③ 13 dòng mẫu nền vàng/cam: xoá khi dùng dữ liệu thật. Chỉ dán vào khối Jira, khối QC điền tay.
A13: IP-112 | B13: Bug | C13: Log không ghi nhận thao tác xóa | D13: In Progress | E13: Low | F13: QuanVH15 | G13: HuyenNHK | H13: 12/06/2026 | J13: v1.0 | K13: R3 | L13: 2 | M13: Function C | N13: Mobile | O13: =IF($D13="","",IF(OR($D13="Todo",$D13="To Do",$D13="In Progress",$D13="In Review"),"Open",IF($D13="Cancel","Cancel",IF($D13="Pending","Pending",IF($D13="Done","Done",$D13))))) -> Open | R13: Data | S13: Serviceability | T13: 2 | U13: 3 | AA13: Ghi chú: mapping theo cấu trúc export chuẩn của Jira; nếu dự án dùng custom field (Severity, Sprint) có thể chỉnh cột tương ứng.
A14: IP-113 | B14: Bug | C14: Token không hết hạn sau khi logout | D14: Done | E14: High | F14: QuanVH16 | G14: PhucDN7 | H14: 13/06/2026 | I14: 18/06/2026 | J14: v1.0 | K14: R3 | L14: 10 | M14: Function A | N14: Web | O14: =IF($D14="","",IF(OR($D14="Todo",$D14="To Do",$D14="In Progress",$D14="In Review"),"Open",IF($D14="Cancel","Cancel",IF($D14="Pending","Pending",IF($D14="Done","Done",$D14))))) -> Done | P14: Fixed | R14: Interface | S14: Security | T14: 1 | U14: 3 | V14: 3
O15: =IF($D15="","",IF(OR($D15="Todo",$D15="To Do",$D15="In Progress",$D15="In Review"),"Open",IF($D15="Cancel","Cancel",IF($D15="Pending","Pending",IF($D15="Done","Done",$D15)))))
O16: =IF($D16="","",IF(OR($D16="Todo",$D16="To Do",$D16="In Progress",$D16="In Review"),"Open",IF($D16="Cancel","Cancel",IF($D16="Pending","Pending",IF($D16="Done","Done",$D16)))))
O17: =IF($D17="","",IF(OR($D17="Todo",$D17="To Do",$D17="In Progress",$D17="In Review"),"Open",IF($D17="Cancel","Cancel",IF($D17="Pending","Pending",IF($D17="Done","Done",$D17)))))
O18: =IF($D18="","",IF(OR($D18="Todo",$D18="To Do",$D18="In Progress",$D18="In Review"),"Open",IF($D18="Cancel","Cancel",IF($D18="Pending","Pending",IF($D18="Done","Done",$D18)))))
O19: =IF($D19="","",IF(OR($D19="Todo",$D19="To Do",$D19="In Progress",$D19="In Review"),"Open",IF($D19="Cancel","Cancel",IF($D19="Pending","Pending",IF($D19="Done","Done",$D19)))))
O20: =IF($D20="","",IF(OR($D20="Todo",$D20="To Do",$D20="In Progress",$D20="In Review"),"Open",IF($D20="Cancel","Cancel",IF($D20="Pending","Pending",IF($D20="Done","Done",$D20)))))
O21: =IF($D21="","",IF(OR($D21="Todo",$D21="To Do",$D21="In Progress",$D21="In Review"),"Open",IF($D21="Cancel","Cancel",IF($D21="Pending","Pending",IF($D21="Done","Done",$D21)))))
O22: =IF($D22="","",IF(OR($D22="Todo",$D22="To Do",$D22="In Progress",$D22="In Review"),"Open",IF($D22="Cancel","Cancel",IF($D22="Pending","Pending",IF($D22="Done","Done",$D22)))))
O23: =IF($D23="","",IF(OR($D23="Todo",$D23="To Do",$D23="In Progress",$D23="In Review"),"Open",IF($D23="Cancel","Cancel",IF($D23="Pending","Pending",IF($D23="Done","Done",$D23)))))
O24: =IF($D24="","",IF(OR($D24="Todo",$D24="To Do",$D24="In Progress",$D24="In Review"),"Open",IF($D24="Cancel","Cancel",IF($D24="Pending","Pending",IF($D24="Done","Done",$D24)))))
O25: =IF($D25="","",IF(OR($D25="Todo",$D25="To Do",$D25="In Progress",$D25="In Review"),"Open",IF($D25="Cancel","Cancel",IF($D25="Pending","Pending",IF($D25="Done","Done",$D25)))))
O26: =IF($D26="","",IF(OR($D26="Todo",$D26="To Do",$D26="In Progress",$D26="In Review"),"Open",IF($D26="Cancel","Cancel",IF($D26="Pending","Pending",IF($D26="Done","Done",$D26)))))
... O250: =IF($D250="","",IF(OR($D250="Todo",$D250="To Do",$D250="In Progress",$D250="In Review"),"Open",IF($D250="Cancel","Cancel",IF($D250="Pending","Pending",IF($D250="Done","Done",$D250)))))

Sheet RTM
B2: RTM — MA TRẬN TRUY VẾT YÊU CẦU (Requirement Traceability Matrix)
B3: Mỗi dòng = 1 yêu cầu (Req ID). Số liệu tự đếm từ sheet Test Cases. Yêu cầu có 0 TC = LỖ HỔNG phủ (gap).
B5: Req ID | C5: Yêu cầu (mô tả) | D5: Nguồn (DOC) | E5: Số TC | F5: Đã chạy | G5: Pass | H5: Fail | I5: % phủ | J5: Trạng thái
B6: REQ-01 | C6: Tạo mới & sinh mã chính sách giá tự động | D6: SRS mục 3.1 | E6: =COUNTIF('Test Cases'!$B$8:$B$502,"*"&$B6&"*")+COUNTIF('Test Case 2'!$B$7:$B$500,"*"&$B6&"*") -> 19 | F6: =COUNTIFS('Test Cases'!$B$8:$B$502,"*"&$B6&"*",'Test Cases'!$AO$8:$AO$502,"<>")+COUNTIFS('Test Case 2'!$B$7:$B$500,"*"&$B6&"*",'Test Case 2'!$AO$7:$AO$500,"<>") -> 19 | G6: =COUNTIFS('Test Cases'!$B$8:$B$502,"*"&$B6&"*",'Test Cases'!$AO$8:$AO$502,"Pass")+COUNTIFS('Test Case 2'!$B$7:$B$500,"*"&$B6&"*",'Test Case 2'!$AO$7:$AO$500,"Pass") -> 19 | H6: =COUNTIFS('Test Cases'!$B$8:$B$502,"*"&$B6&"*",'Test Cases'!$AO$8:$AO$502,"Fail")+COUNTIFS('Test Case 2'!$B$7:$B$500,"*"&$B6&"*",'Test Case 2'!$AO$7:$AO$500,"Fail") -> 0 | I6: =IFERROR(F6/E6,0) -> 1 | J6: =IF(E6=0,"Chưa có TC (gap)",IF(H6>0,"Có lỗi (Fail)",IF(F6>=E6,"Đã test xong","Đang test"))) -> Đã test xong
B7: REQ-02 | C7: Ràng buộc ngày hiệu lực (từ ngày ≤ đến ngày) | D7: SRS mục 3.2 | E7: =COUNTIF('Test Cases'!$B$8:$B$502,"*"&$B7&"*")+COUNTIF('Test Case 2'!$B$7:$B$500,"*"&$B7&"*") -> 2 | F7: =COUNTIFS('Test Cases'!$B$8:$B$502,"*"&$B7&"*",'Test Cases'!$AO$8:$AO$502,"<>")+COUNTIFS('Test Case 2'!$B$7:$B$500,"*"&$B7&"*",'Test Case 2'!$AO$7:$AO$500,"<>") -> 2 | G7: =COUNTIFS('Test Cases'!$B$8:$B$502,"*"&$B7&"*",'Test Cases'!$AO$8:$AO$502,"Pass")+COUNTIFS('Test Case 2'!$B$7:$B$500,"*"&$B7&"*",'Test Case 2'!$AO$7:$AO$500,"Pass") -> 2 | H7: =COUNTIFS('Test Cases'!$B$8:$B$502,"*"&$B7&"*",'Test Cases'!$AO$8:$AO$502,"Fail")+COUNTIFS('Test Case 2'!$B$7:$B$500,"*"&$B7&"*",'Test Case 2'!$AO$7:$AO$500,"Fail") -> 0 | I7: =IFERROR(F7/E7,0) -> 1 | J7: =IF(E7=0,"Chưa có TC (gap)",IF(H7>0,"Có lỗi (Fail)",IF(F7>=E7,"Đã test xong","Đang test"))) -> Đã test xong
B8: REQ-03 | C8: Hiển thị thông báo lỗi nghiệp vụ khi nhập sai | D8: SRS mục 3.3 | E8: =COUNTIF('Test Cases'!$B$8:$B$502,"*"&$B8&"*")+COUNTIF('Test Case 2'!$B$7:$B$500,"*"&$B8&"*") -> 2 | F8: =COUNTIFS('Test Cases'!$B$8:$B$502,"*"&$B8&"*",'Test Cases'!$AO$8:$AO$502,"<>")+COUNTIFS('Test Case 2'!$B$7:$B$500,"*"&$B8&"*",'Test Case 2'!$AO$7:$AO$500,"<>") -> 2 | G8: =COUNTIFS('Test Cases'!$B$8:$B$502,"*"&$B8&"*",'Test Cases'!$AO$8:$AO$502,"Pass")+COUNTIFS('Test Case 2'!$B$7:$B$500,"*"&$B8&"*",'Test Case 2'!$AO$7:$AO$500,"Pass") -> 2 | H8: =COUNTIFS('Test Cases'!$B$8:$B$502,"*"&$B8&"*",'Test Cases'!$AO$8:$AO$502,"Fail")+COUNTIFS('Test Case 2'!$B$7:$B$500,"*"&$B8&"*",'Test Case 2'!$AO$7:$AO$500,"Fail") -> 0 | I8: =IFERROR(F8/E8,0) -> 1 | J8: =IF(E8=0,"Chưa có TC (gap)",IF(H8>0,"Có lỗi (Fail)",IF(F8>=E8,"Đã test xong","Đang test"))) -> Đã test xong
B9: REQ-04 | C9: Phân quyền truy cập theo vai trò | D9: SRS mục 4.1 | E9: =COUNTIF('Test Cases'!$B$8:$B$502,"*"&$B9&"*")+COUNTIF('Test Case 2'!$B$7:$B$500,"*"&$B9&"*") -> 0 | F9: =COUNTIFS('Test Cases'!$B$8:$B$502,"*"&$B9&"*",'Test Cases'!$AO$8:$AO$502,"<>")+COUNTIFS('Test Case 2'!$B$7:$B$500,"*"&$B9&"*",'Test Case 2'!$AO$7:$AO$500,"<>") -> 0 | G9: =COUNTIFS('Test Cases'!$B$8:$B$502,"*"&$B9&"*",'Test Cases'!$AO$8:$AO$502,"Pass")+COUNTIFS('Test Case 2'!$B$7:$B$500,"*"&$B9&"*",'Test Case 2'!$AO$7:$AO$500,"Pass") -> 0 | H9: =COUNTIFS('Test Cases'!$B$8:$B$502,"*"&$B9&"*",'Test Cases'!$AO$8:$AO$502,"Fail")+COUNTIFS('Test Case 2'!$B$7:$B$500,"*"&$B9&"*",'Test Case 2'!$AO$7:$AO$500,"Fail") -> 0 | I9: =IFERROR(F9/E9,0) -> 0 | J9: =IF(E9=0,"Chưa có TC (gap)",IF(H9>0,"Có lỗi (Fail)",IF(F9>=E9,"Đã test xong","Đang test"))) -> Chưa có TC (gap)
B10: REQ-05 | C10: Ghi nhận lịch sử chỉnh sửa (audit log) | D10: SRS mục 4.2 | E10: =COUNTIF('Test Cases'!$B$8:$B$502,"*"&$B10&"*")+COUNTIF('Test Case 2'!$B$7:$B$500,"*"&$B10&"*") -> 0 | F10: =COUNTIFS('Test Cases'!$B$8:$B$502,"*"&$B10&"*",'Test Cases'!$AO$8:$AO$502,"<>")+COUNTIFS('Test Case 2'!$B$7:$B$500,"*"&$B10&"*",'Test Case 2'!$AO$7:$AO$500,"<>") -> 0 | G10: =COUNTIFS('Test Cases'!$B$8:$B$502,"*"&$B10&"*",'Test Cases'!$AO$8:$AO$502,"Pass")+COUNTIFS('Test Case 2'!$B$7:$B$500,"*"&$B10&"*",'Test Case 2'!$AO$7:$AO$500,"Pass") -> 0 | H10: =COUNTIFS('Test Cases'!$B$8:$B$502,"*"&$B10&"*",'Test Cases'!$AO$8:$AO$502,"Fail")+COUNTIFS('Test Case 2'!$B$7:$B$500,"*"&$B10&"*",'Test Case 2'!$AO$7:$AO$500,"Fail") -> 0 | I10: =IFERROR(F10/E10,0) -> 0 | J10: =IF(E10=0,"Chưa có TC (gap)",IF(H10>0,"Có lỗi (Fail)",IF(F10>=E10,"Đã test xong","Đang test"))) -> Chưa có TC (gap)
B11: Tổng | E11: =SUM(E6:E10) -> 23 | F11: =SUM(F6:F10) -> 23 | G11: =SUM(G6:G10) -> 23 | H11: =SUM(H6:H10) -> 0 | I11: =IFERROR(F11/E11,0) -> 1
B13: Ghi chú: Số liệu tự đếm trên CẢ HAI sheet Test Cases & Test Case 2 (khớp gần đúng "*Req*" nên 1 TC gắn nhiều Req vẫn được tính cho từng Req). Yêu cầu có Số TC = 0 → tô đỏ = LỖ HỔNG PHỦ (gap), cần bổ sung test case. % phủ = Đã chạy / Số TC.

Sheet Test Cases
A2: Mã chức năng | C2: TC_01
A3: Tên chức năng | C3: 1. Function | G3: Version | I3: =Summary!$C$8 -> v1.0
A4: Execution | C4: =TEXT(Summary!$C$10,"DD/MM/YYYY")&" → "&TEXT(Summary!$C$11,"DD/MM/YYYY") -> 30/06/2026 → 01/07/2026 | G4: PIC | I4: PhucDN7
A5: TRACEABILITY | D5: TEST DESIGN | J5: SDLC | N5: ROUND 1 | S5: ROUND 2 | X5: ROUND 3 | AC5: ROUND 4 | AH5: ROUND 5 | AM5: KẾT QUẢ TỔNG
A6: Testcase ID | B6: Req ID | C6: DOC Source | D6: Group | E6: Priority | F6: Test Title (Nội dung test) | G6: Pre-condition (Điều kiện/Dữ liệu) | H6: Test Steps (Các bước) | I6: Expected Result (Kết quả mong đợi) | J6: Origin | K6: Review | L6: Automated | M6: Script | N6: Vibe-test | O6: KQ Script | P6: Kết quả | Q6: Executed By | R6: ID Bugs | S6: Vibe-test | T6: KQ Script | U6: Kết quả | V6: Executed By | W6: ID Bugs | X6: Vibe-test | Y6: KQ Script | Z6: Kết quả | AA6: Executed By | AB6: ID Bugs | AC6: Vibe-test | AD6: KQ Script | AE6: Kết quả | AF6: Executed By | AG6: ID Bugs | AH6: Vibe-test | AI6: KQ Script | AJ6: Kết quả | AK6: Executed By | AL6: ID Bugs | AM6: Vibe-test (tổng) | AN6: KQ Script (tổng) | AO6: Status | AP6: Remark
A7: Màn hình Danh sách yêu cầu
A8: =IF(C8="","",$C$2&"."&COUNTA($C$8:C8)&"") -> TC_01.1 | B8: REQ-01 | C8: DOC-v1.0-01 | D8: Functional | E8: Medium | F8: Check tạo mới chính sách thành công với dữ liệu hợp lệ | G8: User vai trò Pricing Staff; đang ở màn hình Khai báo giá | H8: 1. User login thành công 2. Truy cập menu: Khai báo giá 3. Nhập đủ thông tin hợp lệ 4. Nhấn Lưu | I8: 4. Hệ thống lưu thành công, hiển thị 'Tạo mới thành công' và sinh mã FCP+7 số | J8: AI | K8: Reviewed | L8: Yes | M8: tests/ttc/create_policy.spec.ts | N8: Yes | O8: Pass | P8: Pass | Q8: PhucDN7 | S8: Yes | T8: Pass | U8: Pass | V8: PhucDN7 | X8: Yes | Y8: Pass | Z8: Pass | AA8: PhucDN7 | AM8: =IF($A8="","",IF(OR($N8="Yes",$S8="Yes",$X8="Yes",$AC8="Yes",$AH8="Yes"),"Yes","No")) -> Yes | AN8: =IF($A8="","",IFERROR(IF($AI8<>"",$AI8,IF($AD8<>"",$AD8,IF($Y8<>"",$Y8,IF($T8<>"",$T8,IF($O8<>"",$O8,""))))),"")) -> Pass | AO8: =IFERROR(IF($AJ8<>"",$AJ8,IF($AE8<>"",$AE8,IF($Z8<>"",$Z8,IF($U8<>"",$U8,IF($P8<>"",$P8,""))))),"") -> Pass | AP8: Pass ổn định cả 3 round
A9: =IF(C9="","",$C$2&"."&COUNTA($C$8:C9)&"") -> TC_01.2 | B9: REQ-01 | C9: DOC-v1.0-01 | D9: UI | E9: Medium | F9: Check mã chính sách tại biên dưới bộ đếm (FCP0000001) | G9: Bộ đếm sinh mã ở giá trị nhỏ nhất | H9: 1. User login thành công 2. Truy cập menu: Khai báo giá 3. Tạo mới khi bộ đếm ở min | I9: 3. Mã hiển thị FCP0000001, đúng biên dưới | J9: QC | K9: N/A | L9: No | N9: No | P9: Pass | Q9: PhucDN7 | S9: No | U9: Pass | V9: PhucDN7 | X9: No | Z9: Pass | AA9: PhucDN7 | AM9: =IF($A9="","",IF(OR($N9="Yes",$S9="Yes",$X9="Yes",$AC9="Yes",$AH9="Yes"),"Yes","No")) -> No | AN9: =IF($A9="","",IFERROR(IF($AI9<>"",$AI9,IF($AD9<>"",$AD9,IF($Y9<>"",$Y9,IF($T9<>"",$T9,IF($O9<>"",$O9,""))))),"")) | AO9: =IFERROR(IF($AJ9<>"",$AJ9,IF($AE9<>"",$AE9,IF($Z9<>"",$Z9,IF($U9<>"",$U9,IF($P9<>"",$P9,""))))),"") -> Pass | AP9: TC manual — pass ổn định
A10: =IF(C10="","",$C$2&"."&COUNTA($C$8:C10)&"") -> TC_01.3 | B10: REQ-02, REQ-03 | C10: DOC-v1.0-01 | D10: Functional | E10: Medium | F10: Check báo lỗi khi Ngày hiệu lực đến < Ngày hiệu lực từ | G10: Màn hình tạo mới, đã nhập Ngày từ | H10: 1. User login thành công 2. Truy cập menu: Khai báo giá 3. Nhập Ngày từ=15/05, Ngày đến=10/05 4. Nhấn Lưu | I10: 4. Hệ thống chặn lưu, hiển thị lỗi 'Ngày đến phải ≥ Ngày từ' | J10: AI | K10: Reviewed | L10: Yes | M10: tests/ttc/validate_date.spec.ts | N10: Yes | O10: Fail | P10: Fail | Q10: PhucDN7 | R10: IP-104 | S10: Yes | T10: Pass | U10: Pass | V10: PhucDN7 | X10: Yes | Y10: Pass | Z10: Pass | AA10: PhucDN7 | AM10: =IF($A10="","",IF(OR($N10="Yes",$S10="Yes",$X10="Yes",$AC10="Yes",$AH10="Yes"),"Yes","No")) -> Yes | AN10: =IF($A10="","",IFERROR(IF($AI10<>"",$AI10,IF($AD10<>"",$AD10,IF($Y10<>"",$Y10,IF($T10<>"",$T10,IF($O10<>"",$O10,""))))),"")) -> Pass | AO10: =IFERROR(IF($AJ10<>"",$AJ10,IF($AE10<>"",$AE10,IF($Z10<>"",$Z10,IF($U10<>"",$U10,IF($P10<>"",$P10,""))))),"") -> Pass | AP10: R1 fail validate ngày, R2 fix → Pass
B11: Block Thông tin filter
A12: =IF(C12="","",$C$2&"."&COUNTA($C$8:C12)&"") -> TC_01.4 | B12: REQ-01 | C12: DOC-v1.0-01 | D12: Functional | E12: Medium | F12: Check tạo mới chính sách thành công với dữ liệu hợp lệ | G12: User vai trò Pricing Staff; đang ở màn hình Khai báo giá | H12: 1. User login thành công 2. Truy cập menu: Khai báo giá 3. Nhập đủ thông tin hợp lệ 4. Nhấn Lưu | I12: 4. Hệ thống lưu thành công, hiển thị 'Tạo mới thành công' và sinh mã FCP+7 số | J12: AI | K12: Reviewed | L12: Yes | M12: tests/ttc/create_policy.spec.ts | N12: Yes | O12: Pass | P12: Pass | Q12: PhucDN7 | S12: Yes | T12: Pass | U12: Pass | V12: PhucDN7 | X12: Yes | Y12: Pass | Z12: Pass | AA12: PhucDN7 | AM12: =IF($A12="","",IF(OR($N12="Yes",$S12="Yes",$X12="Yes",$AC12="Yes",$AH12="Yes"),"Yes","No")) -> Yes | AN12: =IF($A12="","",IFERROR(IF($AI12<>"",$AI12,IF($AD12<>"",$AD12,IF($Y12<>"",$Y12,IF($T12<>"",$T12,IF($O12<>"",$O12,""))))),"")) -> Pass | AO12: =IFERROR(IF($AJ12<>"",$AJ12,IF($AE12<>"",$AE12,IF($Z12<>"",$Z12,IF($U12<>"",$U12,IF($P12<>"",$P12,""))))),"") -> Pass | AP12: Pass ổn định cả 3 round
A13: =IF(C13="","",$C$2&"."&COUNTA($C$8:C13)&"") -> TC_01.5 | B13: REQ-01 | C13: DOC-v1.0-01 | D13: Functional | E13: Medium | F13: Check tạo mới chính sách thành công với dữ liệu hợp lệ | G13: User vai trò Pricing Staff; đang ở màn hình Khai báo giá | H13: 1. User login thành công 2. Truy cập menu: Khai báo giá 3. Nhập đủ thông tin hợp lệ 4. Nhấn Lưu | I13: 4. Hệ thống lưu thành công, hiển thị 'Tạo mới thành công' và sinh mã FCP+7 số | J13: AI | K13: Reviewed | L13: Yes | M13: tests/ttc/create_policy.spec.ts | N13: Yes | O13: Pass | P13: Pass | Q13: PhucDN7 | S13: Yes | T13: Pass | U13: Pass | V13: PhucDN7 | X13: Yes | Y13: Pass | Z13: Pass | AA13: PhucDN7 | AM13: =IF($A13="","",IF(OR($N13="Yes",$S13="Yes",$X13="Yes",$AC13="Yes",$AH13="Yes"),"Yes","No")) -> Yes | AN13: =IF($A13="","",IFERROR(IF($AI13<>"",$AI13,IF($AD13<>"",$AD13,IF($Y13<>"",$Y13,IF($T13<>"",$T13,IF($O13<>"",$O13,""))))),"")) -> Pass | AO13: =IFERROR(IF($AJ13<>"",$AJ13,IF($AE13<>"",$AE13,IF($Z13<>"",$Z13,IF($U13<>"",$U13,IF($P13<>"",$P13,""))))),"") -> Pass | AP13: Pass ổn định cả 3 round
A14: =IF(C14="","",$C$2&"."&COUNTA($C$8:C14)&"") -> TC_01.6 | B14: REQ-01 | C14: DOC-v1.0-01 | D14: Functional | E14: Medium | F14: Check tạo mới chính sách thành công với dữ liệu hợp lệ | G14: User vai trò Pricing Staff; đang ở màn hình Khai báo giá | H14: 1. User login thành công 2. Truy cập menu: Khai báo giá 3. Nhập đủ thông tin hợp lệ 4. Nhấn Lưu | I14: 4. Hệ thống lưu thành công, hiển thị 'Tạo mới thành công' và sinh mã FCP+7 số | J14: AI | K14: Reviewed | L14: Yes | M14: tests/ttc/create_policy.spec.ts | N14: Yes | O14: Pass | P14: Pass | Q14: PhucDN7 | S14: Yes | T14: Pass | U14: Pass | V14: PhucDN7 | X14: Yes | Y14: Pass | Z14: Pass | AA14: PhucDN7 | AM14: =IF($A14="","",IF(OR($N14="Yes",$S14="Yes",$X14="Yes",$AC14="Yes",$AH14="Yes"),"Yes","No")) -> Yes | AN14: =IF($A14="","",IFERROR(IF($AI14<>"",$AI14,IF($AD14<>"",$AD14,IF($Y14<>"",$Y14,IF($T14<>"",$T14,IF($O14<>"",$O14,""))))),"")) -> Pass | AO14: =IFERROR(IF($AJ14<>"",$AJ14,IF($AE14<>"",$AE14,IF($Z14<>"",$Z14,IF($U14<>"",$U14,IF($P14<>"",$P14,""))))),"") -> Pass | AP14: Pass ổn định cả 3 round
B15: Table dữ liệu
A16: =IF(C16="","",$C$2&"."&COUNTA($C$8:C16)&"") -> TC_01.7 | B16: REQ-01 | C16: DOC-v1.0-01 | D16: Functional | E16: Medium | F16: Check tạo mới chính sách thành công với dữ liệu hợp lệ | G16: User vai trò Pricing Staff; đang ở màn hình Khai báo giá | H16: 1. User login thành công 2. Truy cập menu: Khai báo giá 3. Nhập đủ thông tin hợp lệ 4. Nhấn Lưu | I16: 4. Hệ thống lưu thành công, hiển thị 'Tạo mới thành công' và sinh mã FCP+7 số | J16: AI | K16: Reviewed | L16: Yes | M16: tests/ttc/create_policy.spec.ts | N16: Yes | O16: Pass | P16: Pass | Q16: PhucDN7 | S16: Yes | T16: Pass | U16: Pass | V16: PhucDN7 | X16: Yes | Y16: Pass | Z16: Pass | AA16: PhucDN7 | AM16: =IF($A16="","",IF(OR($N16="Yes",$S16="Yes",$X16="Yes",$AC16="Yes",$AH16="Yes"),"Yes","No")) -> Yes | AN16: =IF($A16="","",IFERROR(IF($AI16<>"",$AI16,IF($AD16<>"",$AD16,IF($Y16<>"",$Y16,IF($T16<>"",$T16,IF($O16<>"",$O16,""))))),"")) -> Pass | AO16: =IFERROR(IF($AJ16<>"",$AJ16,IF($AE16<>"",$AE16,IF($Z16<>"",$Z16,IF($U16<>"",$U16,IF($P16<>"",$P16,""))))),"") -> Pass | AP16: Pass ổn định cả 3 round
A17: =IF(C17="","",$C$2&"."&COUNTA($C$8:C17)&"") -> TC_01.8 | B17: REQ-01 | C17: DOC-v1.0-01 | D17: Functional | E17: Medium | F17: Check tạo mới chính sách thành công với dữ liệu hợp lệ | G17: User vai trò Pricing Staff; đang ở màn hình Khai báo giá | H17: 1. User login thành công 2. Truy cập menu: Khai báo giá 3. Nhập đủ thông tin hợp lệ 4. Nhấn Lưu | I17: 4. Hệ thống lưu thành công, hiển thị 'Tạo mới thành công' và sinh mã FCP+7 số | J17: AI | K17: Reviewed | L17: Yes | M17: tests/ttc/create_policy.spec.ts | N17: Yes | O17: Pass | P17: Pass | Q17: PhucDN7 | S17: Yes | T17: Pass | U17: Pass | V17: PhucDN7 | X17: Yes | Y17: Pass | Z17: Pass | AA17: PhucDN7 | AM17: =IF($A17="","",IF(OR($N17="Yes",$S17="Yes",$X17="Yes",$AC17="Yes",$AH17="Yes"),"Yes","No")) -> Yes | AN17: =IF($A17="","",IFERROR(IF($AI17<>"",$AI17,IF($AD17<>"",$AD17,IF($Y17<>"",$Y17,IF($T17<>"",$T17,IF($O17<>"",$O17,""))))),"")) -> Pass | AO17: =IFERROR(IF($AJ17<>"",$AJ17,IF($AE17<>"",$AE17,IF($Z17<>"",$Z17,IF($U17<>"",$U17,IF($P17<>"",$P17,""))))),"") -> Pass | AP17: Pass ổn định cả 3 round
A18: Màn hình Tạo mới yêu cầu
A19: =IF(C19="","",$C$2&"."&COUNTA($C$8:C19)&"") -> TC_01.9 | B19: REQ-01 | C19: DOC-v1.0-01 | D19: Functional | E19: Medium | F19: Check tạo mới chính sách thành công với dữ liệu hợp lệ | G19: User vai trò Pricing Staff; đang ở màn hình Khai báo giá | H19: 1. User login thành công 2. Truy cập menu: Khai báo giá 3. Nhập đủ thông tin hợp lệ 4. Nhấn Lưu | I19: 4. Hệ thống lưu thành công, hiển thị 'Tạo mới thành công' và sinh mã FCP+7 số | J19: AI | K19: Reviewed | L19: Yes | M19: tests/ttc/create_policy.spec.ts | N19: Yes | O19: Pass | P19: Pass | Q19: PhucDN7 | S19: Yes | T19: Pass | U19: Pass | V19: PhucDN7 | X19: Yes | Y19: Pass | Z19: Pass | AA19: PhucDN7 | AM19: =IF($A19="","",IF(OR($N19="Yes",$S19="Yes",$X19="Yes",$AC19="Yes",$AH19="Yes"),"Yes","No")) -> Yes | AN19: =IF($A19="","",IFERROR(IF($AI19<>"",$AI19,IF($AD19<>"",$AD19,IF($Y19<>"",$Y19,IF($T19<>"",$T19,IF($O19<>"",$O19,""))))),"")) -> Pass | AO19: =IFERROR(IF($AJ19<>"",$AJ19,IF($AE19<>"",$AE19,IF($Z19<>"",$Z19,IF($U19<>"",$U19,IF($P19<>"",$P19,""))))),"") -> Pass | AP19: Pass ổn định cả 3 round
A20: =IF(C20="","",$C$2&"."&COUNTA($C$8:C20)&"") -> TC_01.10 | B20: REQ-01 | C20: DOC-v1.0-01 | D20: Functional | E20: Medium | F20: Check tạo mới chính sách thành công với dữ liệu hợp lệ | G20: User vai trò Pricing Staff; đang ở màn hình Khai báo giá | H20: 1. User login thành công 2. Truy cập menu: Khai báo giá 3. Nhập đủ thông tin hợp lệ 4. Nhấn Lưu | I20: 4. Hệ thống lưu thành công, hiển thị 'Tạo mới thành công' và sinh mã FCP+7 số | J20: AI | K20: Reviewed | L20: Yes | M20: tests/ttc/create_policy.spec.ts | N20: Yes | O20: Pass | P20: Pass | Q20: PhucDN7 | S20: Yes | T20: Pass | U20: Pass | V20: PhucDN7 | X20: Yes | Y20: Pass | Z20: Pass | AA20: PhucDN7 | AM20: =IF($A20="","",IF(OR($N20="Yes",$S20="Yes",$X20="Yes",$AC20="Yes",$AH20="Yes"),"Yes","No")) -> Yes | AN20: =IF($A20="","",IFERROR(IF($AI20<>"",$AI20,IF($AD20<>"",$AD20,IF($Y20<>"",$Y20,IF($T20<>"",$T20,IF($O20<>"",$O20,""))))),"")) -> Pass | AO20: =IFERROR(IF($AJ20<>"",$AJ20,IF($AE20<>"",$AE20,IF($Z20<>"",$Z20,IF($U20<>"",$U20,IF($P20<>"",$P20,""))))),"") -> Pass | AP20: Pass ổn định cả 3 round
B21: Block Thông tin khách hàng
A22: =IF(C22="","",$C$2&"."&COUNTA($C$8:C22)&"") -> TC_01.11 | B22: REQ-01 | C22: DOC-v1.0-01 | D22: Functional | E22: Medium | F22: Check tạo mới chính sách thành công với dữ liệu hợp lệ | G22: User vai trò Pricing Staff; đang ở màn hình Khai báo giá | H22: 1. User login thành công 2. Truy cập menu: Khai báo giá 3. Nhập đủ thông tin hợp lệ 4. Nhấn Lưu | I22: 4. Hệ thống lưu thành công, hiển thị 'Tạo mới thành công' và sinh mã FCP+7 số | J22: AI | K22: Reviewed | L22: Yes | M22: tests/ttc/create_policy.spec.ts | N22: Yes | O22: Pass | P22: Pass | Q22: PhucDN7 | S22: Yes | T22: Pass | U22: Pass | V22: PhucDN7 | X22: Yes | Y22: Pass | Z22: Pass | AA22: PhucDN7 | AM22: =IF($A22="","",IF(OR($N22="Yes",$S22="Yes",$X22="Yes",$AC22="Yes",$AH22="Yes"),"Yes","No")) -> Yes | AN22: =IF($A22="","",IFERROR(IF($AI22<>"",$AI22,IF($AD22<>"",$AD22,IF($Y22<>"",$Y22,IF($T22<>"",$T22,IF($O22<>"",$O22,""))))),"")) -> Pass | AO22: =IFERROR(IF($AJ22<>"",$AJ22,IF($AE22<>"",$AE22,IF($Z22<>"",$Z22,IF($U22<>"",$U22,IF($P22<>"",$P22,""))))),"") -> Pass | AP22: Pass ổn định cả 3 round
A23: =IF(C23="","",$C$2&"."&COUNTA($C$8:C23)&"") -> TC_01.12 | B23: REQ-01 | C23: DOC-v1.0-01 | D23: Functional | E23: Medium | F23: Check tạo mới chính sách thành công với dữ liệu hợp lệ | G23: User vai trò Pricing Staff; đang ở màn hình Khai báo giá | H23: 1. User login thành công 2. Truy cập menu: Khai báo giá 3. Nhập đủ thông tin hợp lệ 4. Nhấn Lưu | I23: 4. Hệ thống lưu thành công, hiển thị 'Tạo mới thành công' và sinh mã FCP+7 số | J23: AI | K23: Reviewed | L23: Yes | M23: tests/ttc/create_policy.spec.ts | N23: Yes | O23: Pass | P23: Pass | Q23: PhucDN7 | S23: Yes | T23: Pass | U23: Pass | V23: PhucDN7 | X23: Yes | Y23: Pass | Z23: Pass | AA23: PhucDN7 | AM23: =IF($A23="","",IF(OR($N23="Yes",$S23="Yes",$X23="Yes",$AC23="Yes",$AH23="Yes"),"Yes","No")) -> Yes | AN23: =IF($A23="","",IFERROR(IF($AI23<>"",$AI23,IF($AD23<>"",$AD23,IF($Y23<>"",$Y23,IF($T23<>"",$T23,IF($O23<>"",$O23,""))))),"")) -> Pass | AO23: =IFERROR(IF($AJ23<>"",$AJ23,IF($AE23<>"",$AE23,IF($Z23<>"",$Z23,IF($U23<>"",$U23,IF($P23<>"",$P23,""))))),"") -> Pass | AP23: Pass ổn định cả 3 round
A24: =IF(C24="","",$C$2&"."&COUNTA($C$8:C24)&"") -> TC_01.13 | B24: REQ-01 | C24: DOC-v1.0-01 | D24: Functional | E24: Medium | F24: Check tạo mới chính sách thành công với dữ liệu hợp lệ | G24: User vai trò Pricing Staff; đang ở màn hình Khai báo giá | H24: 1. User login thành công 2. Truy cập menu: Khai báo giá 3. Nhập đủ thông tin hợp lệ 4. Nhấn Lưu | I24: 4. Hệ thống lưu thành công, hiển thị 'Tạo mới thành công' và sinh mã FCP+7 số | J24: AI | K24: Reviewed | L24: Yes | M24: tests/ttc/create_policy.spec.ts | N24: Yes | O24: Pass | P24: Pass | Q24: PhucDN7 | S24: Yes | T24: Pass | U24: Pass | V24: PhucDN7 | X24: Yes | Y24: Pass | Z24: Pass | AA24: PhucDN7 | AM24: =IF($A24="","",IF(OR($N24="Yes",$S24="Yes",$X24="Yes",$AC24="Yes",$AH24="Yes"),"Yes","No")) -> Yes | AN24: =IF($A24="","",IFERROR(IF($AI24<>"",$AI24,IF($AD24<>"",$AD24,IF($Y24<>"",$Y24,IF($T24<>"",$T24,IF($O24<>"",$O24,""))))),"")) -> Pass | AO24: =IFERROR(IF($AJ24<>"",$AJ24,IF($AE24<>"",$AE24,IF($Z24<>"",$Z24,IF($U24<>"",$U24,IF($P24<>"",$P24,""))))),"") -> Pass | AP24: Pass ổn định cả 3 round
B25: Block Thông tin lắp đặt
A26: =IF(C26="","",$C$2&"."&COUNTA($C$8:C26)&"") -> TC_01.14 | B26: REQ-01 | C26: DOC-v1.0-01 | D26: Functional | E26: Medium | F26: Check tạo mới chính sách thành công với dữ liệu hợp lệ | G26: User vai trò Pricing Staff; đang ở màn hình Khai báo giá | H26: 1. User login thành công 2. Truy cập menu: Khai báo giá 3. Nhập đủ thông tin hợp lệ 4. Nhấn Lưu | I26: 4. Hệ thống lưu thành công, hiển thị 'Tạo mới thành công' và sinh mã FCP+7 số | J26: AI | K26: Reviewed | L26: Yes | M26: tests/ttc/create_policy.spec.ts | N26: Yes | O26: Pass | P26: Pass | Q26: PhucDN7 | S26: Yes | T26: Pass | U26: Pass | V26: PhucDN7 | X26: Yes | Y26: Pass | Z26: Pass | AA26: PhucDN7 | AM26: =IF($A26="","",IF(OR($N26="Yes",$S26="Yes",$X26="Yes",$AC26="Yes",$AH26="Yes"),"Yes","No")) -> Yes | AN26: =IF($A26="","",IFERROR(IF($AI26<>"",$AI26,IF($AD26<>"",$AD26,IF($Y26<>"",$Y26,IF($T26<>"",$T26,IF($O26<>"",$O26,""))))),"")) -> Pass | AO26: =IFERROR(IF($AJ26<>"",$AJ26,IF($AE26<>"",$AE26,IF($Z26<>"",$Z26,IF($U26<>"",$U26,IF($P26<>"",$P26,""))))),"") -> Pass | AP26: Pass ổn định cả 3 round
A27: =IF(C27="","",$C$2&"."&COUNTA($C$8:C27)&"") -> TC_01.15 | B27: REQ-01 | C27: DOC-v1.0-01 | D27: Functional | E27: Medium | F27: Check tạo mới chính sách thành công với dữ liệu hợp lệ | G27: User vai trò Pricing Staff; đang ở màn hình Khai báo giá | H27: 1. User login thành công 2. Truy cập menu: Khai báo giá 3. Nhập đủ thông tin hợp lệ 4. Nhấn Lưu | I27: 4. Hệ thống lưu thành công, hiển thị 'Tạo mới thành công' và sinh mã FCP+7 số | J27: AI | K27: Reviewed | L27: Yes | M27: tests/ttc/create_policy.spec.ts | N27: Yes | O27: Pass | P27: Pass | Q27: PhucDN7 | S27: Yes | T27: Pass | U27: Pass | V27: PhucDN7 | X27: Yes | Y27: Pass | Z27: Pass | AA27: PhucDN7 | AM27: =IF($A27="","",IF(OR($N27="Yes",$S27="Yes",$X27="Yes",$AC27="Yes",$AH27="Yes"),"Yes","No")) -> Yes | AN27: =IF($A27="","",IFERROR(IF($AI27<>"",$AI27,IF($AD27<>"",$AD27,IF($Y27<>"",$Y27,IF($T27<>"",$T27,IF($O27<>"",$O27,""))))),"")) -> Pass | AO27: =IFERROR(IF($AJ27<>"",$AJ27,IF($AE27<>"",$AE27,IF($Z27<>"",$Z27,IF($U27<>"",$U27,IF($P27<>"",$P27,""))))),"") -> Pass | AP27: Pass ổn định cả 3 round
A28: =IF(C28="","",$C$2&"."&COUNTA($C$8:C28)&"") -> TC_01.16 | B28: REQ-01 | C28: DOC-v1.0-01 | D28: Functional | E28: Medium | F28: Check tạo mới chính sách thành công với dữ liệu hợp lệ | G28: User vai trò Pricing Staff; đang ở màn hình Khai báo giá | H28: 1. User login thành công 2. Truy cập menu: Khai báo giá 3. Nhập đủ thông tin hợp lệ 4. Nhấn Lưu | I28: 4. Hệ thống lưu thành công, hiển thị 'Tạo mới thành công' và sinh mã FCP+7 số | J28: AI | K28: Reviewed | L28: Yes | M28: tests/ttc/create_policy.spec.ts | N28: Yes | O28: Pass | P28: Pass | Q28: PhucDN7 | S28: Yes | T28: Pass | U28: Pass | V28: PhucDN7 | X28: Yes | Y28: Pass | Z28: Pass | AA28: PhucDN7 | AM28: =IF($A28="","",IF(OR($N28="Yes",$S28="Yes",$X28="Yes",$AC28="Yes",$AH28="Yes"),"Yes","No")) -> Yes | AN28: =IF($A28="","",IFERROR(IF($AI28<>"",$AI28,IF($AD28<>"",$AD28,IF($Y28<>"",$Y28,IF($T28<>"",$T28,IF($O28<>"",$O28,""))))),"")) -> Pass | AO28: =IFERROR(IF($AJ28<>"",$AJ28,IF($AE28<>"",$AE28,IF($Z28<>"",$Z28,IF($U28<>"",$U28,IF($P28<>"",$P28,""))))),"") -> Pass | AP28: Pass ổn định cả 3 round
B29: Block Tạo mới/Cancel
A30: =IF(C30="","",$C$2&"."&COUNTA($C$8:C30)&"") -> TC_01.17 | B30: REQ-01 | C30: DOC-v1.0-01 | D30: Functional | E30: Medium | F30: Check tạo mới chính sách thành công với dữ liệu hợp lệ | G30: User vai trò Pricing Staff; đang ở màn hình Khai báo giá | H30: 1. User login thành công 2. Truy cập menu: Khai báo giá 3. Nhập đủ thông tin hợp lệ 4. Nhấn Lưu | I30: 4. Hệ thống lưu thành công, hiển thị 'Tạo mới thành công' và sinh mã FCP+7 số | J30: AI | K30: Reviewed | L30: Yes | M30: tests/ttc/create_policy.spec.ts | N30: Yes | O30: Pass | P30: Pass | Q30: PhucDN7 | S30: Yes | T30: Pass | U30: Pass | V30: PhucDN7 | X30: Yes | Y30: Pass | Z30: Pass | AA30: PhucDN7 | AM30: =IF($A30="","",IF(OR($N30="Yes",$S30="Yes",$X30="Yes",$AC30="Yes",$AH30="Yes"),"Yes","No")) -> Yes | AN30: =IF($A30="","",IFERROR(IF($AI30<>"",$AI30,IF($AD30<>"",$AD30,IF($Y30<>"",$Y30,IF($T30<>"",$T30,IF($O30<>"",$O30,""))))),"")) -> Pass | AO30: =IFERROR(IF($AJ30<>"",$AJ30,IF($AE30<>"",$AE30,IF($Z30<>"",$Z30,IF($U30<>"",$U30,IF($P30<>"",$P30,""))))),"") -> Pass | AP30: Pass ổn định cả 3 round
A31: =IF(C31="","",$C$2&"."&COUNTA($C$8:C31)&"") -> TC_01.18 | B31: REQ-01 | C31: DOC-v1.0-01 | D31: Functional | E31: Medium | F31: Check tạo mới chính sách thành công với dữ liệu hợp lệ | G31: User vai trò Pricing Staff; đang ở màn hình Khai báo giá | H31: 1. User login thành công 2. Truy cập menu: Khai báo giá 3. Nhập đủ thông tin hợp lệ 4. Nhấn Lưu | I31: 4. Hệ thống lưu thành công, hiển thị 'Tạo mới thành công' và sinh mã FCP+7 số | J31: AI | K31: Reviewed | L31: Yes | M31: tests/ttc/create_policy.spec.ts | N31: Yes | O31: Pass | P31: Pass | Q31: PhucDN7 | S31: Yes | T31: Pass | U31: Pass | V31: PhucDN7 | X31: Yes | Y31: Pass | Z31: Pass | AA31: PhucDN7 | AM31: =IF($A31="","",IF(OR($N31="Yes",$S31="Yes",$X31="Yes",$AC31="Yes",$AH31="Yes"),"Yes","No")) -> Yes | AN31: =IF($A31="","",IFERROR(IF($AI31<>"",$AI31,IF($AD31<>"",$AD31,IF($Y31<>"",$Y31,IF($T31<>"",$T31,IF($O31<>"",$O31,""))))),"")) -> Pass | AO31: =IFERROR(IF($AJ31<>"",$AJ31,IF($AE31<>"",$AE31,IF($Z31<>"",$Z31,IF($U31<>"",$U31,IF($P31<>"",$P31,""))))),"") -> Pass | AP31: Pass ổn định cả 3 round

Sheet Test Case 2
A2: Mã chức năng | C2: TC_02
A3: Tên chức năng | C3: 2. Function | G3: Version | I3: =Summary!$C$8 -> v1.0
A4: Execution | C4: =TEXT(Summary!$C$10,"DD/MM/YYYY")&" → "&TEXT(Summary!$C$11,"DD/MM/YYYY") -> 30/06/2026 → 01/07/2026 | G4: PIC | I4: PhucDN7
A5: TRACEABILITY | D5: TEST DESIGN | J5: SDLC | N5: ROUND 1 | S5: ROUND 2 | X5: ROUND 3 | AC5: ROUND 4 | AH5: ROUND 5 | AM5: KẾT QUẢ TỔNG
A6: Testcase ID | B6: Req ID | C6: DOC Source | D6: Group | E6: Priority | F6: Test Title (Nội dung test) | G6: Pre-condition (Điều kiện/Dữ liệu) | H6: Test Steps (Các bước) | I6: Expected Result (Kết quả mong đợi) | J6: Origin | K6: Review | L6: Automated | M6: Script | N6: Vibe-test | O6: KQ Script | P6: Kết quả | Q6: Executed By | R6: ID Bugs | S6: Vibe-test | T6: KQ Script | U6: Kết quả | V6: Executed By | W6: ID Bugs | X6: Vibe-test | Y6: KQ Script | Z6: Kết quả | AA6: Executed By | AB6: ID Bugs | AC6: Vibe-test | AD6: KQ Script | AE6: Kết quả | AF6: Executed By | AG6: ID Bugs | AH6: Vibe-test | AI6: KQ Script | AJ6: Kết quả | AK6: Executed By | AL6: ID Bugs | AM6: Vibe-test (tổng) | AN6: KQ Script (tổng) | AO6: Status | AP6: Remark
A7: =IF(C7="","",$C$2&"."&COUNTA($C$7:C7)&"") -> TC_02.1 | B7: REQ-01 | C7: DOC-v1.0-01 | D7: Functional | E7: High | F7: Check tạo mới chính sách thành công với dữ liệu hợp lệ | G7: User vai trò Pricing Staff; đang ở màn hình Khai báo giá | H7: 1. User login thành công 2. Truy cập menu: Khai báo giá 3. Nhập đủ thông tin hợp lệ 4. Nhấn Lưu | I7: 4. Hệ thống lưu thành công, hiển thị 'Tạo mới thành công' và sinh mã FCP+7 số | J7: AI | K7: Reviewed | L7: Yes | M7: tests/ttc/create_policy.spec.ts | N7: Yes | O7: Fail | P7: Fail | Q7: PhucDN7 | R7: BUG-009 | S7: Yes | T7: Pass | U7: Pass | V7: PhucDN7 | X7: Yes | Y7: Pass | Z7: Pass | AA7: PhucDN7 | AM7: =IF($A7="","",IF(OR($N7="Yes",$S7="Yes",$X7="Yes",$AC7="Yes",$AH7="Yes"),"Yes","No")) -> Yes | AN7: =IF($A7="","",IFERROR(IF($AI7<>"",$AI7,IF($AD7<>"",$AD7,IF($Y7<>"",$Y7,IF($T7<>"",$T7,IF($O7<>"",$O7,""))))),"")) -> Pass | AO7: =IFERROR(IF($AJ7<>"",$AJ7,IF($AE7<>"",$AE7,IF($Z7<>"",$Z7,IF($U7<>"",$U7,IF($P7<>"",$P7,""))))),"") -> Pass | AP7: R1 fail, R2 retest Pass
A8: =IF(C8="","",$C$2&"."&COUNTA($C$7:C8)&"") -> TC_02.2 | B8: REQ-01 | C8: DOC-v1.0-01 | D8: UI | E8: Medium | F8: Check mã chính sách tại biên dưới bộ đếm (FCP0000001) | G8: Bộ đếm sinh mã ở giá trị nhỏ nhất | H8: 1. User login thành công 2. Truy cập menu: Khai báo giá 3. Tạo mới khi bộ đếm ở min | I8: 3. Mã hiển thị FCP0000001, đúng biên dưới | J8: QC | K8: N/A | L8: No | N8: No | P8: Fail | Q8: PhucDN7 | R8: BUG-012 | S8: No | U8: Fail | V8: PhucDN7 | W8: BUG-014 | X8: No | Z8: Pass | AA8: PhucDN7 | AM8: =IF($A8="","",IF(OR($N8="Yes",$S8="Yes",$X8="Yes",$AC8="Yes",$AH8="Yes"),"Yes","No")) -> No | AN8: =IF($A8="","",IFERROR(IF($AI8<>"",$AI8,IF($AD8<>"",$AD8,IF($Y8<>"",$Y8,IF($T8<>"",$T8,IF($O8<>"",$O8,""))))),"")) | AO8: =IFERROR(IF($AJ8<>"",$AJ8,IF($AE8<>"",$AE8,IF($Z8<>"",$Z8,IF($U8<>"",$U8,IF($P8<>"",$P8,""))))),"") -> Pass | AP8: Fail R1&R2, R3 mới Pass
A9: =IF(C9="","",$C$2&"."&COUNTA($C$7:C9)&"") -> TC_02.3 | B9: REQ-02, REQ-03 | C9: DOC-v1.0-01 | D9: Functional | E9: Medium | F9: Check báo lỗi khi Ngày hiệu lực đến < Ngày hiệu lực từ | G9: Màn hình tạo mới, đã nhập Ngày từ | H9: 1. User login thành công 2. Truy cập menu: Khai báo giá 3. Nhập Ngày từ=15/05, Ngày đến=10/05 4. Nhấn Lưu | I9: 4. Hệ thống chặn lưu, hiển thị lỗi 'Ngày đến phải ≥ Ngày từ' | J9: AI | K9: Reviewed | L9: Yes | M9: tests/ttc/validate_date.spec.ts | N9: Yes | O9: Fail | P9: Fail | Q9: PhucDN7 | R9: BUG-013 | S9: Yes | T9: Fail | U9: Fail | V9: PhucDN7 | W9: BUG-015 | X9: Yes | Y9: Pass | Z9: Pass | AA9: PhucDN7 | AM9: =IF($A9="","",IF(OR($N9="Yes",$S9="Yes",$X9="Yes",$AC9="Yes",$AH9="Yes"),"Yes","No")) -> Yes | AN9: =IF($A9="","",IFERROR(IF($AI9<>"",$AI9,IF($AD9<>"",$AD9,IF($Y9<>"",$Y9,IF($T9<>"",$T9,IF($O9<>"",$O9,""))))),"")) -> Pass | AO9: =IFERROR(IF($AJ9<>"",$AJ9,IF($AE9<>"",$AE9,IF($Z9<>"",$Z9,IF($U9<>"",$U9,IF($P9<>"",$P9,""))))),"") -> Pass | AP9: Fail R1&R2, R3 mới Pass
